GARDEN [0.2s] Materials and mesh generators ready
GARDEN [0.3s] Ground, pond, paving and boundary walls built
GARDEN [0.6s] Eight destination structures and interiors built
GARDEN [0.6s] Segmented masonry arch bridge complete
GARDEN [1.8s] Hero willow: branching trunk, hanging twigs and individual folded leaves
GARDEN [3.0s] Garden beds, rockery, bamboo and perimeter planting complete
GARDEN [3.0s] Four waterbirds and lotus geometry complete
Blender 4.5.3 LTS (hash 67807e1800cc built 2025-09-09 01:33:33)
Warning: Path 'C:/Windows/Fonts/simkai.ttf' cannot be made relative for Font 'KaiTi Regular'
Info: Packed 1 file(s)
Info: Saved as "hanliu-garden-highpoly.blend"
GARDEN [3.4s] Saved editable model: {"vertices": 1905897, "polygons": 1264225, "triangles": 2545651, "mesh_objects": 185, "materials": 37}
Fra:1 Mem:227.18M (Peak 230.35M) | Time:00:00.17 | Mem:0.00M, Peak:0.00M | Hanliu_Garden_Highpoly, ViewLayer | Synchronizing object | 寒柳别苑
Fra:1 Mem:234.76M (Peak 235.59M) | Time:00:00.17 | Mem:0.00M, Peak:0.00M | Hanliu_Garden_Highpoly, ViewLayer | Synchronizing object | home · Plaster
Fra:1 Mem:234.77M (Peak 235.59M) | Time:00:00.17 | Mem:0.00M, Peak:0.00M | Hanliu_Garden_Highpoly, ViewLayer | Synchronizing object | home · Tile2
Fra:1 Mem:234.77M (Peak 235.59M) | Time:00:00.17 | Mem:0.00M, Peak:0.00M | Hanliu_Garden_Highpoly, ViewLayer | Synchronizing object | 博客
Fra:1 Mem:234.80M (Peak 235.59M) | Time:00:00.17 | Mem:0.00M, Peak:0.00M | Hanliu_Garden_Highpoly, ViewLayer | Synchronizing object | home · WoodLight
Fra:1 Mem:235.46M (Peak 235.59M) | Time:00:00.17 | Mem:0.00M, Peak:0.00M | Hanliu_Garden_Highpoly, ViewLayer | Synchronizing object | home · Wood.001
Fra:1 Mem:240.41M (Peak 240.41M) | Time:00:00.17 | Mem:0.00M, Peak:0.00M | Hanliu_Garden_Highpoly, ViewLayer | Synchronizing object | blog · Stone
Fra:1 Mem:240.41M (Peak 240.41M) | Time:00:00.17 | Mem:0.00M, Peak:0.00M | Hanliu_Garden_Highpoly, ViewLayer | Synchronizing object | blog · StoneLight
Fra:1 Mem:240.44M (Peak 240.44M) | Time:00:00.17 | Mem:0.00M, Peak:0.00M | Hanliu_Garden_Highpoly, ViewLayer | Synchronizing object | blog · Plaster
Fra:1 Mem:240.46M (Peak 240.46M) | Time:00:00.17 | Mem:0.00M, Peak:0.00M | Hanliu_Garden_Highpoly, ViewLayer | Synchronizing object | blog · Paper
Fra:1 Mem:240.46M (Peak 240.46M) | Time:00:00.17 | Mem:0.00M, Peak:0.00M | Hanliu_Garden_Highpoly, ViewLayer | Synchronizing object | blog · Wood.001
Fra:1 Mem:240.51M (Peak 240.51M) | Time:00:00.17 | Mem:0.00M, Peak:0.00M | Hanliu_Garden_Highpoly, ViewLayer | Synchronizing object | blog · Tile2
Fra:1 Mem:240.67M (Peak 240.67M) | Time:00:00.17 | Mem:0.00M, Peak:0.00M | Hanliu_Garden_Highpoly, ViewLayer | Synchronizing object | blog · Ceramic
Fra:1 Mem:240.96M (Peak 240.96M) | Time:00:00.17 | Mem:0.00M, Peak:0.00M | Hanliu_Garden_Highpoly, ViewLayer | Synchronizing object | blog · Burgundy
Fra:1 Mem:255.16M (Peak 255.89M) | Time:00:00.18 | Mem:0.00M, Peak:0.00M | Hanliu_Garden_Highpoly, ViewLayer | Synchronizing object | 造物录
Fra:1 Mem:255.93M (Peak 255.93M) | Time:00:00.18 | Mem:0.00M, Peak:0.00M | Hanliu_Garden_Highpoly, ViewLayer | Synchronizing object | chores · StoneLight
Fra:1 Mem:255.93M (Peak 255.93M) | Time:00:00.18 | Mem:0.00M, Peak:0.00M | Hanliu_Garden_Highpoly, ViewLayer | Synchronizing object | chores · Wood
Fra:1 Mem:255.93M (Peak 255.93M) | Time:00:00.18 | Mem:0.00M, Peak:0.00M | Hanliu_Garden_Highpoly, ViewLayer | Synchronizing object | chores · Tile1
Fra:1 Mem:256.03M (Peak 256.03M) | Time:00:00.18 | Mem:0.00M, Peak:0.00M | Hanliu_Garden_Highpoly, ViewLayer | Synchronizing object | chores · Wood.001
Fra:1 Mem:256.38M (Peak 256.38M) | Time:00:00.18 | Mem:0.00M, Peak:0.00M | Hanliu_Garden_Highpoly, ViewLayer | Synchronizing object | chores · Paper
Fra:1 Mem:262.51M (Peak 263.11M) | Time:00:00.18 | Mem:0.00M, Peak:0.00M | Hanliu_Garden_Highpoly, ViewLayer | Synchronizing object | making · Stone
Fra:1 Mem:262.51M (Peak 263.11M) | Time:00:00.18 | Mem:0.00M, Peak:0.00M | Hanliu_Garden_Highpoly, ViewLayer | Synchronizing object | making · Plaster
Fra:1 Mem:262.51M (Peak 263.11M) | Time:00:00.18 | Mem:0.00M, Peak:0.00M | Hanliu_Garden_Highpoly, ViewLayer | Synchronizing object | making · Paper
Fra:1 Mem:262.52M (Peak 263.11M) | Time:00:00.18 | Mem:0.00M, Peak:0.00M | Hanliu_Garden_Highpoly, ViewLayer | Synchronizing object | making · WoodLight
Fra:1 Mem:262.55M (Peak 263.11M) | Time:00:00.18 | Mem:0.00M, Peak:0.00M | Hanliu_Garden_Highpoly, ViewLayer | Synchronizing object | making · Wood.001
Fra:1 Mem:262.56M (Peak 263.11M) | Time:00:00.18 | Mem:0.00M, Peak:0.00M | Hanliu_Garden_Highpoly, ViewLayer | Synchronizing object | making · Tile2
Fra:1 Mem:262.67M (Peak 263.11M) | Time:00:00.18 | Mem:0.00M, Peak:0.00M | Hanliu_Garden_Highpoly, ViewLayer | Synchronizing object | making · Tile3
Fra:1 Mem:262.86M (Peak 263.11M) | Time:00:00.18 | Mem:0.00M, Peak:0.00M | Hanliu_Garden_Highpoly, ViewLayer | Synchronizing object | making · Brass
Fra:1 Mem:272.15M (Peak 272.76M) | Time:00:00.18 | Mem:0.00M, Peak:0.00M | Hanliu_Garden_Highpoly, ViewLayer | Synchronizing object | garden · Plaster
Fra:1 Mem:272.15M (Peak 272.76M) | Time:00:00.18 | Mem:0.00M, Peak:0.00M | Hanliu_Garden_Highpoly, ViewLayer | Synchronizing object | garden · Tile1
Fra:1 Mem:272.18M (Peak 272.76M) | Time:00:00.18 | Mem:0.00M, Peak:0.00M | Hanliu_Garden_Highpoly, ViewLayer | Synchronizing object | garden · Wood.001
Fra:1 Mem:272.62M (Peak 272.76M) | Time:00:00.18 | Mem:0.00M, Peak:0.00M | Hanliu_Garden_Highpoly, ViewLayer | Synchronizing object | garden · Paper
Fra:1 Mem:272.75M (Peak 272.76M) | Time:00:00.18 | Mem:0.00M, Peak:0.00M | Hanliu_Garden_Highpoly, ViewLayer | Synchronizing object | garden · Wood.002
Fra:1 Mem:272.82M (Peak 272.82M) | Time:00:00.18 | Mem:0.00M, Peak:0.00M | Hanliu_Garden_Highpoly, ViewLayer | Synchronizing object | 居士自序
Fra:1 Mem:273.03M (Peak 273.03M) | Time:00:00.18 | Mem:0.00M, Peak:0.00M | Hanliu_Garden_Highpoly, ViewLayer | Synchronizing object | garden · Leaf3
Fra:1 Mem:274.64M (Peak 274.64M) | Time:00:00.18 | Mem:0.00M, Peak:0.00M | Hanliu_Garden_Highpoly, ViewLayer | Synchronizing object | garden · Leaf4
Fra:1 Mem:277.92M (Peak 277.92M) | Time:00:00.18 | Mem:0.00M, Peak:0.00M | Hanliu_Garden_Highpoly, ViewLayer | Synchronizing object | garden · PalePink
Fra:1 Mem:279.52M (Peak 279.52M) | Time:00:00.18 | Mem:0.00M, Peak:0.00M | Hanliu_Garden_Highpoly, ViewLayer | Synchronizing object | garden · Purple
Fra:1 Mem:280.98M (Peak 280.98M) | Time:00:00.18 | Mem:0.00M, Peak:0.00M | Hanliu_Garden_Highpoly, ViewLayer | Synchronizing object | garden · White
Fra:1 Mem:289.29M (Peak 289.29M) | Time:00:00.18 | Mem:0.00M, Peak:0.00M | Hanliu_Garden_Highpoly, ViewLayer | Synchronizing object | garden · Mortar
Fra:1 Mem:289.82M (Peak 289.82M) | Time:00:00.18 | Mem:0.00M, Peak:0.00M | Hanliu_Garden_Highpoly, ViewLayer | Synchronizing object | garden · Stone
Fra:1 Mem:290.08M (Peak 290.08M) | Time:00:00.18 | Mem:0.00M, Peak:0.00M | Hanliu_Garden_Highpoly, ViewLayer | Synchronizing object | garden · StoneLight.001
Fra:1 Mem:300.16M (Peak 300.16M) | Time:00:00.19 | Mem:0.00M, Peak:0.00M | Hanliu_Garden_Highpoly, ViewLayer | Synchronizing object | about · Stone
Fra:1 Mem:300.16M (Peak 300.16M) | Time:00:00.19 | Mem:0.00M, Peak:0.00M | Hanliu_Garden_Highpoly, ViewLayer | Synchronizing object | about · StoneLight
Fra:1 Mem:300.17M (Peak 300.17M) | Time:00:00.19 | Mem:0.00M, Peak:0.00M | Hanliu_Garden_Highpoly, ViewLayer | Synchronizing object | about · Paper
Fra:1 Mem:300.18M (Peak 300.18M) | Time:00:00.19 | Mem:0.00M, Peak:0.00M | Hanliu_Garden_Highpoly, ViewLayer | Synchronizing object | about · WoodLight
Fra:1 Mem:300.82M (Peak 300.82M) | Time:00:00.19 | Mem:0.00M, Peak:0.00M | Hanliu_Garden_Highpoly, ViewLayer | Synchronizing object | about · Wood.001
Fra:1 Mem:301.33M (Peak 301.33M) | Time:00:00.19 | Mem:0.00M, Peak:0.00M | Hanliu_Garden_Highpoly, ViewLayer | Synchronizing object | about · Tile0
Fra:1 Mem:301.35M (Peak 301.35M) | Time:00:00.19 | Mem:0.00M, Peak:0.00M | Hanliu_Garden_Highpoly, ViewLayer | Synchronizing object | about · Tile1
Fra:1 Mem:301.73M (Peak 301.73M) | Time:00:00.19 | Mem:0.00M, Peak:0.00M | Hanliu_Garden_Highpoly, ViewLayer | Synchronizing object | about · Tile2
Fra:1 Mem:301.33M (Peak 301.73M) | Time:00:00.19 | Mem:0.00M, Peak:0.00M | Hanliu_Garden_Highpoly, ViewLayer | Synchronizing object | about · StoneLight.001
Fra:1 Mem:301.06M (Peak 301.73M) | Time:00:00.19 | Mem:0.00M, Peak:0.00M | Hanliu_Garden_Highpoly, ViewLayer | Synchronizing object | 友链
Fra:1 Mem:301.14M (Peak 301.73M) | Time:00:00.19 | Mem:0.00M, Peak:0.00M | Hanliu_Garden_Highpoly, ViewLayer | Synchronizing object | about · Tile1.001
Fra:1 Mem:301.52M (Peak 301.73M) | Time:00:00.19 | Mem:0.00M, Peak:0.00M | Hanliu_Garden_Highpoly, ViewLayer | Synchronizing object | about · Tile2.001
Fra:1 Mem:302.96M (Peak 302.96M) | Time:00:00.19 | Mem:0.00M, Peak:0.00M | Hanliu_Garden_Highpoly, ViewLayer | Synchronizing object | about · Tile3.001
Fra:1 Mem:303.54M (Peak 303.54M) | Time:00:00.19 | Mem:0.00M, Peak:0.00M | Hanliu_Garden_Highpoly, ViewLayer | Synchronizing object | about · Tile0.001
Fra:1 Mem:304.13M (Peak 304.13M) | Time:00:00.19 | Mem:0.00M, Peak:0.00M | Hanliu_Garden_Highpoly, ViewLayer | Synchronizing object | about · WoodLight.001
Fra:1 Mem:309.87M (Peak 309.87M) | Time:00:00.19 | Mem:0.00M, Peak:0.00M | Hanliu_Garden_Highpoly, ViewLayer | Synchronizing object | friends · Wood
Fra:1 Mem:309.87M (Peak 309.87M) | Time:00:00.19 | Mem:0.00M, Peak:0.00M | Hanliu_Garden_Highpoly, ViewLayer | Synchronizing object | friends · Wood.001
Fra:1 Mem:309.90M (Peak 309.90M) | Time:00:00.19 | Mem:0.00M, Peak:0.00M | Hanliu_Garden_Highpoly, ViewLayer | Synchronizing object | friends · Tile1
Fra:1 Mem:309.93M (Peak 309.93M) | Time:00:00.19 | Mem:0.00M, Peak:0.00M | Hanliu_Garden_Highpoly, ViewLayer | Synchronizing object | friends · Tile2
Fra:1 Mem:309.96M (Peak 309.96M) | Time:00:00.19 | Mem:0.00M, Peak:0.00M | Hanliu_Garden_Highpoly, ViewLayer | Synchronizing object | friends · Paper
Fra:1 Mem:310.02M (Peak 310.02M) | Time:00:00.19 | Mem:0.00M, Peak:0.00M | Hanliu_Garden_Highpoly, ViewLayer | Synchronizing object | 会客间
Fra:1 Mem:315.08M (Peak 315.57M) | Time:00:00.19 | Mem:0.00M, Peak:0.00M | Hanliu_Garden_Highpoly, ViewLayer | Synchronizing object | backyard · Stone
Fra:1 Mem:315.08M (Peak 315.57M) | Time:00:00.19 | Mem:0.00M, Peak:0.00M | Hanliu_Garden_Highpoly, ViewLayer | Synchronizing object | backyard · WoodLight
Fra:1 Mem:315.08M (Peak 315.57M) | Time:00:00.19 | Mem:0.00M, Peak:0.00M | Hanliu_Garden_Highpoly, ViewLayer | Synchronizing object | backyard · Tile2
Fra:1 Mem:315.09M (Peak 315.57M) | Time:00:00.19 | Mem:0.00M, Peak:0.00M | Hanliu_Garden_Highpoly, ViewLayer | Synchronizing object | backyard · Tile0
Fra:1 Mem:315.11M (Peak 315.57M) | Time:00:00.19 | Mem:0.00M, Peak:0.00M | Hanliu_Garden_Highpoly, ViewLayer | Synchronizing object | backyard · Tile1
Fra:1 Mem:315.85M (Peak 315.85M) | Time:00:00.19 | Mem:0.00M, Peak:0.00M | Hanliu_Garden_Highpoly, ViewLayer | Synchronizing object | backyard · Tile1.001
Fra:1 Mem:316.46M (Peak 316.46M) | Time:00:00.19 | Mem:0.00M, Peak:0.00M | Hanliu_Garden_Highpoly, ViewLayer | Synchronizing object | backyard · Wood.001
Fra:1 Mem:316.48M (Peak 316.48M) | Time:00:00.19 | Mem:0.00M, Peak:0.00M | Hanliu_Garden_Highpoly, ViewLayer | Synchronizing object | backyard · Ceramic
Fra:1 Mem:316.71M (Peak 316.71M) | Time:00:00.19 | Mem:0.00M, Peak:0.00M | Hanliu_Garden_Highpoly, ViewLayer | Synchronizing object | backyard · White
Fra:1 Mem:317.65M (Peak 317.65M) | Time:00:00.19 | Mem:0.00M, Peak:0.00M | Hanliu_Garden_Highpoly, ViewLayer | Synchronizing object | backyard · Paper
Fra:1 Mem:317.67M (Peak 317.67M) | Time:00:00.19 | Mem:0.00M, Peak:0.00M | Hanliu_Garden_Highpoly, ViewLayer | Synchronizing object | site · Earth
Fra:1 Mem:317.96M (Peak 317.96M) | Time:00:00.19 | Mem:0.00M, Peak:0.00M | Hanliu_Garden_Highpoly, ViewLayer | Synchronizing object | site · Stone
Fra:1 Mem:318.99M (Peak 318.99M) | Time:00:00.19 | Mem:0.00M, Peak:0.00M | Hanliu_Garden_Highpoly, ViewLayer | Synchronizing object | site · PondBed
Fra:1 Mem:318.97M (Peak 318.99M) | Time:00:00.19 | Mem:0.00M, Peak:0.00M | Hanliu_Garden_Highpoly, ViewLayer | Synchronizing object | site · Water
Fra:1 Mem:319.34M (Peak 319.34M) | Time:00:00.19 | Mem:0.00M, Peak:0.00M | Hanliu_Garden_Highpoly, ViewLayer | Synchronizing object | site · Moss
Fra:1 Mem:319.68M (Peak 319.68M) | Time:00:00.19 | Mem:0.00M, Peak:0.00M | Hanliu_Garden_Highpoly, ViewLayer | Synchronizing object | site · Stone.001
Fra:1 Mem:320.11M (Peak 320.11M) | Time:00:00.19 | Mem:0.00M, Peak:0.00M | Hanliu_Garden_Highpoly, ViewLayer | Synchronizing object | site · StoneLight
Fra:1 Mem:320.52M (Peak 320.52M) | Time:00:00.19 | Mem:0.00M, Peak:0.00M | Hanliu_Garden_Highpoly, ViewLayer | Synchronizing object | site · Mortar
Fra:1 Mem:320.92M (Peak 320.92M) | Time:00:00.19 | Mem:0.00M, Peak:0.00M | Hanliu_Garden_Highpoly, ViewLayer | Synchronizing object | site · Backdrop
Fra:1 Mem:321.98M (Peak 321.98M) | Time:00:00.19 | Mem:0.00M, Peak:0.00M | Hanliu_Garden_Highpoly, ViewLayer | Synchronizing object | site · StoneLight.001
Fra:1 Mem:322.13M (Peak 322.13M) | Time:00:00.19 | Mem:0.00M, Peak:0.00M | Hanliu_Garden_Highpoly, ViewLayer | Synchronizing object | site · Plaster
Fra:1 Mem:325.13M (Peak 325.13M) | Time:00:00.19 | Mem:0.00M, Peak:0.00M | Hanliu_Garden_Highpoly, ViewLayer | Synchronizing object | site · Tile1
Fra:1 Mem:327.26M (Peak 327.26M) | Time:00:00.19 | Mem:0.00M, Peak:0.00M | Hanliu_Garden_Highpoly, ViewLayer | Synchronizing object | Workshop light
Fra:1 Mem:327.55M (Peak 327.55M) | Time:00:00.19 | Mem:0.00M, Peak:0.00M | Hanliu_Garden_Highpoly, ViewLayer | Synchronizing object | Library desk light
Fra:1 Mem:327.55M (Peak 327.55M) | Time:00:00.19 | Mem:0.00M, Peak:0.00M | Hanliu_Garden_Highpoly, ViewLayer | Synchronizing object | Large sky fill
Fra:1 Mem:327.49M (Peak 327.55M) | Time:00:00.19 | Mem:0.00M, Peak:0.00M | Hanliu_Garden_Highpoly, ViewLayer | Synchronizing object | Soft afternoon sun
Fra:1 Mem:327.49M (Peak 327.55M) | Time:00:00.19 | Mem:0.00M, Peak:0.00M | Hanliu_Garden_Highpoly, ViewLayer | Synchronizing object | birds · Ink.003
Fra:1 Mem:327.65M (Peak 327.65M) | Time:00:00.19 | Mem:0.00M, Peak:0.00M | Hanliu_Garden_Highpoly, ViewLayer | Synchronizing object | birds · DuckBrown.001
Fra:1 Mem:328.15M (Peak 328.15M) | Time:00:00.19 | Mem:0.00M, Peak:0.00M | Hanliu_Garden_Highpoly, ViewLayer | Synchronizing object | site · Leaf2
Fra:1 Mem:329.35M (Peak 329.35M) | Time:00:00.19 | Mem:0.00M, Peak:0.00M | Hanliu_Garden_Highpoly, ViewLayer | Synchronizing object | birds · Ink.002
Fra:1 Mem:329.33M (Peak 329.35M) | Time:00:00.19 | Mem:0.00M, Peak:0.00M | Hanliu_Garden_Highpoly, ViewLayer | Synchronizing object | site · Leaf3
Fra:1 Mem:329.34M (Peak 329.35M) | Time:00:00.19 | Mem:0.00M, Peak:0.00M | Hanliu_Garden_Highpoly, ViewLayer | Synchronizing object | birds · DuckBrown
Fra:1 Mem:329.37M (Peak 329.37M) | Time:00:00.19 | Mem:0.00M, Peak:0.00M | Hanliu_Garden_Highpoly, ViewLayer | Synchronizing object | site · PalePink
Fra:1 Mem:329.62M (Peak 329.62M) | Time:00:00.19 | Mem:0.00M, Peak:0.00M | Hanliu_Garden_Highpoly, ViewLayer | Synchronizing object | site · Pink
Fra:1 Mem:329.62M (Peak 329.62M) | Time:00:00.19 | Mem:0.00M, Peak:0.00M | Hanliu_Garden_Highpoly, ViewLayer | Synchronizing object | site · Leaf0
Fra:1 Mem:330.82M (Peak 330.82M) | Time:00:00.19 | Mem:0.00M, Peak:0.00M | Hanliu_Garden_Highpoly, ViewLayer | Synchronizing object | birds · Yellow
Fra:1 Mem:330.83M (Peak 330.83M) | Time:00:00.19 | Mem:0.00M, Peak:0.00M | Hanliu_Garden_Highpoly, ViewLayer | Synchronizing object | birds · DuckGreen
Fra:1 Mem:331.06M (Peak 331.06M) | Time:00:00.19 | Mem:0.00M, Peak:0.00M | Hanliu_Garden_Highpoly, ViewLayer | Synchronizing object | bridge · StoneLight
Fra:1 Mem:331.65M (Peak 331.65M) | Time:00:00.19 | Mem:0.00M, Peak:0.00M | Hanliu_Garden_Highpoly, ViewLayer | Synchronizing object | birds · BirdGrey.001
Fra:1 Mem:332.46M (Peak 332.46M) | Time:00:00.19 | Mem:0.00M, Peak:0.00M | Hanliu_Garden_Highpoly, ViewLayer | Synchronizing object | bridge · StoneLight.001
Fra:1 Mem:332.68M (Peak 332.68M) | Time:00:00.19 | Mem:0.00M, Peak:0.00M | Hanliu_Garden_Highpoly, ViewLayer | Synchronizing object | planting · Wood
Fra:1 Mem:332.52M (Peak 332.68M) | Time:00:00.19 | Mem:0.00M, Peak:0.00M | Hanliu_Garden_Highpoly, ViewLayer | Synchronizing object | birds · Orange
Fra:1 Mem:332.66M (Peak 332.68M) | Time:00:00.19 | Mem:0.00M, Peak:0.00M | Hanliu_Garden_Highpoly, ViewLayer | Synchronizing object | planting · WoodLight
Fra:1 Mem:334.00M (Peak 334.00M) | Time:00:00.19 | Mem:0.00M, Peak:0.00M | Hanliu_Garden_Highpoly, ViewLayer | Synchronizing object | birds · Ink.001
Fra:1 Mem:335.40M (Peak 335.40M) | Time:00:00.19 | Mem:0.00M, Peak:0.00M | Hanliu_Garden_Highpoly, ViewLayer | Synchronizing object | birds · BirdWhite.001
Fra:1 Mem:335.54M (Peak 335.54M) | Time:00:00.19 | Mem:0.00M, Peak:0.00M | Hanliu_Garden_Highpoly, ViewLayer | Synchronizing object | birds · BirdGrey
Fra:1 Mem:335.31M (Peak 335.54M) | Time:00:00.19 | Mem:0.00M, Peak:0.00M | Hanliu_Garden_Highpoly, ViewLayer | Synchronizing object | planting · Leaf2
Fra:1 Mem:335.21M (Peak 335.54M) | Time:00:00.19 | Mem:0.00M, Peak:0.00M | Hanliu_Garden_Highpoly, ViewLayer | Synchronizing object | planting · Leaf0
Fra:1 Mem:344.35M (Peak 344.35M) | Time:00:00.19 | Mem:0.00M, Peak:0.00M | Hanliu_Garden_Highpoly, ViewLayer | Synchronizing object | planting · Leaf1
Fra:1 Mem:349.49M (Peak 349.49M) | Time:00:00.19 | Mem:0.00M, Peak:0.00M | Hanliu_Garden_Highpoly, ViewLayer | Synchronizing object | birds · Ink
Fra:1 Mem:357.22M (Peak 357.22M) | Time:00:00.19 | Mem:0.00M, Peak:0.00M | Hanliu_Garden_Highpoly, ViewLayer | Synchronizing object | birds · BirdWhite
Fra:1 Mem:357.31M (Peak 357.31M) | Time:00:00.19 | Mem:0.00M, Peak:0.00M | Hanliu_Garden_Highpoly, ViewLayer | Synchronizing object | planting · Wood.001
Fra:1 Mem:357.31M (Peak 357.31M) | Time:00:00.19 | Mem:0.00M, Peak:0.00M | Hanliu_Garden_Highpoly, ViewLayer | Synchronizing object | planting · Leaf4
Fra:1 Mem:366.95M (Peak 366.95M) | Time:00:00.19 | Mem:0.00M, Peak:0.00M | Hanliu_Garden_Highpoly, ViewLayer | Synchronizing object | planting · PalePink
Fra:1 Mem:366.66M (Peak 366.95M) | Time:00:00.19 | Mem:0.00M, Peak:0.00M | Hanliu_Garden_Highpoly, ViewLayer | Synchronizing object | planting · Leaf3
Fra:1 Mem:378.50M (Peak 378.50M) | Time:00:00.19 | Mem:0.00M, Peak:0.00M | Hanliu_Garden_Highpoly, ViewLayer | Synchronizing object | planting · Leaf0.001
Fra:1 Mem:378.44M (Peak 378.50M) | Time:00:00.19 | Mem:0.00M, Peak:0.00M | Hanliu_Garden_Highpoly, ViewLayer | Synchronizing object | planting · Wood.002
Fra:1 Mem:378.82M (Peak 378.82M) | Time:00:00.19 | Mem:0.00M, Peak:0.00M | Hanliu_Garden_Highpoly, ViewLayer | Synchronizing object | planting · Leaf4.001
Fra:1 Mem:384.78M (Peak 384.78M) | Time:00:00.19 | Mem:0.00M, Peak:0.00M | Hanliu_Garden_Highpoly, ViewLayer | Synchronizing object | planting · Leaf0.002
Fra:1 Mem:385.25M (Peak 385.25M) | Time:00:00.19 | Mem:0.00M, Peak:0.00M | Hanliu_Garden_Highpoly, ViewLayer | Synchronizing object | planting · Leaf3.001
Fra:1 Mem:397.28M (Peak 397.28M) | Time:00:00.19 | Mem:0.00M, Peak:0.00M | Hanliu_Garden_Highpoly, ViewLayer | Synchronizing object | planting · Leaf2.001
Fra:1 Mem:405.62M (Peak 405.65M) | Time:00:00.19 | Mem:0.00M, Peak:0.00M | Hanliu_Garden_Highpoly, ViewLayer | Synchronizing object | planting · Wood.003
Fra:1 Mem:425.75M (Peak 425.75M) | Time:00:00.20 | Mem:0.00M, Peak:0.00M | Hanliu_Garden_Highpoly, ViewLayer | Synchronizing object | planting · Leaf4.002
Fra:1 Mem:426.78M (Peak 426.78M) | Time:00:00.20 | Mem:0.00M, Peak:0.00M | Hanliu_Garden_Highpoly, ViewLayer | Synchronizing object | planting · Leaf3.002
Fra:1 Mem:427.60M (Peak 427.60M) | Time:00:00.20 | Mem:0.00M, Peak:0.00M | Hanliu_Garden_Highpoly, ViewLayer | Synchronizing object | planting · Leaf0.003
Fra:1 Mem:428.72M (Peak 428.72M) | Time:00:00.20 | Mem:0.00M, Peak:0.00M | Hanliu_Garden_Highpoly, ViewLayer | Synchronizing object | planting · Wood.004
Fra:1 Mem:429.17M (Peak 429.17M) | Time:00:00.20 | Mem:0.00M, Peak:0.00M | Hanliu_Garden_Highpoly, ViewLayer | Synchronizing object | planting · Leaf4.003
Fra:1 Mem:433.64M (Peak 433.64M) | Time:00:00.20 | Mem:0.00M, Peak:0.00M | Hanliu_Garden_Highpoly, ViewLayer | Synchronizing object | planting · White
Fra:1 Mem:437.78M (Peak 437.78M) | Time:00:00.20 | Mem:0.00M, Peak:0.00M | Hanliu_Garden_Highpoly, ViewLayer | Synchronizing object | planting · Leaf3.003
Fra:1 Mem:437.71M (Peak 437.78M) | Time:00:00.20 | Mem:0.00M, Peak:0.00M | Hanliu_Garden_Highpoly, ViewLayer | Synchronizing object | planting · Leaf0.004
Fra:1 Mem:437.81M (Peak 437.81M) | Time:00:00.20 | Mem:0.00M, Peak:0.00M | Hanliu_Garden_Highpoly, ViewLayer | Synchronizing object | planting · Leaf3.008
Fra:1 Mem:440.12M (Peak 440.12M) | Time:00:00.20 | Mem:0.00M, Peak:0.00M | Hanliu_Garden_Highpoly, ViewLayer | Synchronizing object | planting · Leaf4.004
Fra:1 Mem:440.62M (Peak 440.62M) | Time:00:00.20 | Mem:0.00M, Peak:0.00M | Hanliu_Garden_Highpoly, ViewLayer | Synchronizing object | planting · Pink
Fra:1 Mem:450.28M (Peak 450.28M) | Time:00:00.20 | Mem:0.00M, Peak:0.00M | Hanliu_Garden_Highpoly, ViewLayer | Synchronizing object | planting · Leaf0.005
Fra:1 Mem:451.79M (Peak 451.79M) | Time:00:00.20 | Mem:0.00M, Peak:0.00M | Hanliu_Garden_Highpoly, ViewLayer | Synchronizing object | planting · Leaf3.004
Fra:1 Mem:457.84M (Peak 458.27M) | Time:00:00.20 | Mem:0.00M, Peak:0.00M | Hanliu_Garden_Highpoly, ViewLayer | Synchronizing object | planting · Wood.006
Fra:1 Mem:461.25M (Peak 461.25M) | Time:00:00.20 | Mem:0.00M, Peak:0.00M | Hanliu_Garden_Highpoly, ViewLayer | Synchronizing object | planting · Leaf4.005
Fra:1 Mem:464.73M (Peak 464.73M) | Time:00:00.20 | Mem:0.00M, Peak:0.00M | Hanliu_Garden_Highpoly, ViewLayer | Synchronizing object | planting · Leaf0.009
Fra:1 Mem:465.01M (Peak 465.01M) | Time:00:00.20 | Mem:0.00M, Peak:0.00M | Hanliu_Garden_Highpoly, ViewLayer | Synchronizing object | planting · Leaf0.006
Fra:1 Mem:465.12M (Peak 465.12M) | Time:00:00.20 | Mem:0.00M, Peak:0.00M | Hanliu_Garden_Highpoly, ViewLayer | Synchronizing object | planting · Yellow
Fra:1 Mem:471.25M (Peak 471.29M) | Time:00:00.20 | Mem:0.00M, Peak:0.00M | Hanliu_Garden_Highpoly, ViewLayer | Synchronizing object | planting · Leaf3.005
Fra:1 Mem:472.65M (Peak 472.65M) | Time:00:00.20 | Mem:0.00M, Peak:0.00M | Hanliu_Garden_Highpoly, ViewLayer | Synchronizing object | planting · Wood.007
Fra:1 Mem:472.65M (Peak 472.65M) | Time:00:00.20 | Mem:0.00M, Peak:0.00M | Hanliu_Garden_Highpoly, ViewLayer | Synchronizing object | planting · Leaf0.007
Fra:1 Mem:473.50M (Peak 473.50M) | Time:00:00.20 | Mem:0.00M, Peak:0.00M | Hanliu_Garden_Highpoly, ViewLayer | Synchronizing object | planting · Wood.008
Fra:1 Mem:479.41M (Peak 479.41M) | Time:00:00.20 | Mem:0.00M, Peak:0.00M | Hanliu_Garden_Highpoly, ViewLayer | Synchronizing object | planting · Leaf0.008
Fra:1 Mem:483.67M (Peak 483.67M) | Time:00:00.20 | Mem:0.00M, Peak:0.00M | Hanliu_Garden_Highpoly, ViewLayer | Synchronizing object | planting · Leaf4.007
Fra:1 Mem:486.76M (Peak 486.76M) | Time:00:00.20 | Mem:0.00M, Peak:0.00M | Hanliu_Garden_Highpoly, ViewLayer | Synchronizing object | planting · Leaf3.007
Fra:1 Mem:489.39M (Peak 489.39M) | Time:00:00.20 | Mem:0.00M, Peak:0.00M | Hanliu_Garden_Highpoly, ViewLayer | Synchronizing object | planting · Wood.009
Fra:1 Mem:490.76M (Peak 490.76M) | Time:00:00.20 | Mem:0.00M, Peak:0.00M | Hanliu_Garden_Highpoly, ViewLayer | Synchronizing object | planting · Leaf4.008
Fra:1 Mem:500.06M (Peak 503.96M) | Time:00:00.21 | Mem:0.00M, Peak:0.00M | Hanliu_Garden_Highpoly, ViewLayer | Initializing
Fra:1 Mem:434.09M (Peak 503.96M) | Time:00:00.21 | Mem:0.00M, Peak:0.00M | Hanliu_Garden_Highpoly, ViewLayer | Waiting for render to start
Fra:1 Mem:434.09M (Peak 503.96M) | Time:00:00.21 | Mem:0.00M, Peak:0.00M | Hanliu_Garden_Highpoly, ViewLayer | Updating Scene
Fra:1 Mem:434.09M (Peak 503.96M) | Time:00:00.21 | Mem:0.00M, Peak:0.00M | Hanliu_Garden_Highpoly, ViewLayer | Updating Shaders
Fra:1 Mem:434.09M (Peak 503.96M) | Time:00:00.21 | Mem:0.00M, Peak:0.00M | Hanliu_Garden_Highpoly, ViewLayer | Loading render kernels (may take a few minutes the first time)
Fra:1 Mem:434.25M (Peak 503.96M) | Time:00:00.28 | Mem:0.09M, Peak:0.09M | Hanliu_Garden_Highpoly, ViewLayer | Updating Procedurals
Fra:1 Mem:434.25M (Peak 503.96M) | Time:00:00.28 | Mem:0.09M, Peak:0.09M | Hanliu_Garden_Highpoly, ViewLayer | Updating Background
Fra:1 Mem:434.25M (Peak 503.96M) | Time:00:00.28 | Mem:0.09M, Peak:0.09M | Hanliu_Garden_Highpoly, ViewLayer | Updating Camera
Fra:1 Mem:434.25M (Peak 503.96M) | Time:00:00.28 | Mem:0.09M, Peak:0.09M | Hanliu_Garden_Highpoly, ViewLayer | Updating Meshes Flags
Fra:1 Mem:434.25M (Peak 503.96M) | Time:00:00.28 | Mem:0.09M, Peak:0.09M | Hanliu_Garden_Highpoly, ViewLayer | Updating Objects
Fra:1 Mem:434.25M (Peak 503.96M) | Time:00:00.28 | Mem:0.09M, Peak:0.09M | Hanliu_Garden_Highpoly, ViewLayer | Updating Objects | Copying Transformations to device
Fra:1 Mem:434.30M (Peak 503.96M) | Time:00:00.28 | Mem:0.14M, Peak:0.14M | Hanliu_Garden_Highpoly, ViewLayer | Updating Particle Systems
Fra:1 Mem:434.30M (Peak 503.96M) | Time:00:00.28 | Mem:0.14M, Peak:0.14M | Hanliu_Garden_Highpoly, ViewLayer | Updating Particle Systems | Copying Particles to device
Fra:1 Mem:434.30M (Peak 503.96M) | Time:00:00.28 | Mem:0.14M, Peak:0.14M | Hanliu_Garden_Highpoly, ViewLayer | Updating Meshes
Fra:1 Mem:434.30M (Peak 503.96M) | Time:00:00.28 | Mem:0.14M, Peak:0.14M | Hanliu_Garden_Highpoly, ViewLayer | Updating Objects | Applying Static Transformations
Fra:1 Mem:434.30M (Peak 503.96M) | Time:00:00.28 | Mem:0.14M, Peak:0.14M | Hanliu_Garden_Highpoly, ViewLayer | Updating Mesh | Computing attributes
Fra:1 Mem:459.65M (Peak 503.96M) | Time:00:00.29 | Mem:0.15M, Peak:0.15M | Hanliu_Garden_Highpoly, ViewLayer | Updating Mesh | Copying Attributes to device
Fra:1 Mem:459.62M (Peak 503.96M) | Time:00:00.29 | Mem:25.46M, Peak:25.46M | Hanliu_Garden_Highpoly, ViewLayer | Updating Geometry BVH light 199/198 | Building BVH
Fra:1 Mem:459.62M (Peak 503.96M) | Time:00:00.29 | Mem:25.46M, Peak:25.46M | Hanliu_Garden_Highpoly, ViewLayer | Updating Geometry BVH home_Tile2 6/198 | Building BVH
Fra:1 Mem:459.62M (Peak 503.96M) | Time:00:00.29 | Mem:25.46M, Peak:25.46M | Hanliu_Garden_Highpoly, ViewLayer | Updating Geometry BVH home_WoodLight 9/198 | Building OptiX acceleration structure
Fra:1 Mem:459.62M (Peak 503.96M) | Time:00:00.29 | Mem:25.46M, Peak:25.46M | Hanliu_Garden_Highpoly, ViewLayer | Updating Geometry BVH Inscription 寒柳别苑 2/198 | Building BVH
Fra:1 Mem:459.68M (Peak 503.96M) | Time:00:00.29 | Mem:25.46M, Peak:25.46M | Hanliu_Garden_Highpoly, ViewLayer | Updating Geometry BVH home_Wood.001 11/198 | Building OptiX acceleration structure
Fra:1 Mem:459.68M (Peak 503.96M) | Time:00:00.29 | Mem:25.46M, Peak:25.46M | Hanliu_Garden_Highpoly, ViewLayer | Updating Geometry BVH home_Paper 12/198 | Building BVH
Fra:1 Mem:459.68M (Peak 503.96M) | Time:00:00.29 | Mem:25.46M, Peak:25.46M | Hanliu_Garden_Highpoly, ViewLayer | Updating Geometry BVH home_Paper 12/198 | Building OptiX acceleration structure
Fra:1 Mem:461.06M (Peak 503.96M) | Time:00:00.29 | Mem:25.57M, Peak:25.57M | Hanliu_Garden_Highpoly, ViewLayer | Updating Geometry BVH Workshop light 198/198 | Building BVH
Fra:1 Mem:461.06M (Peak 503.96M) | Time:00:00.29 | Mem:25.57M, Peak:25.57M | Hanliu_Garden_Highpoly, ViewLayer | Updating Geometry BVH Workshop light 198/198 | Building OptiX acceleration structure
Fra:1 Mem:461.06M (Peak 503.96M) | Time:00:00.29 | Mem:25.57M, Peak:25.57M | Hanliu_Garden_Highpoly, ViewLayer | Updating Geometry BVH Library desk light 197/198 | Building BVH
Fra:1 Mem:461.06M (Peak 503.96M) | Time:00:00.29 | Mem:25.57M, Peak:25.57M | Hanliu_Garden_Highpoly, ViewLayer | Updating Geometry BVH Library desk light 197/198 | Building OptiX acceleration structure
Fra:1 Mem:461.06M (Peak 503.96M) | Time:00:00.29 | Mem:25.57M, Peak:25.57M | Hanliu_Garden_Highpoly, ViewLayer | Updating Geometry BVH Large sky fill 196/198 | Building BVH
Fra:1 Mem:461.06M (Peak 503.96M) | Time:00:00.29 | Mem:25.57M, Peak:25.57M | Hanliu_Garden_Highpoly, ViewLayer | Updating Geometry BVH Large sky fill 196/198 | Building OptiX acceleration structure
Fra:1 Mem:461.06M (Peak 503.96M) | Time:00:00.29 | Mem:25.57M, Peak:25.57M | Hanliu_Garden_Highpoly, ViewLayer | Updating Geometry BVH Soft afternoon sun 195/198 | Building BVH
Fra:1 Mem:461.06M (Peak 503.96M) | Time:00:00.29 | Mem:25.57M, Peak:25.57M | Hanliu_Garden_Highpoly, ViewLayer | Updating Geometry BVH Soft afternoon sun 195/198 | Building OptiX acceleration structure
Fra:1 Mem:461.06M (Peak 503.96M) | Time:00:00.29 | Mem:25.57M, Peak:25.57M | Hanliu_Garden_Highpoly, ViewLayer | Updating Geometry BVH birds_Ink.003 194/198 | Building BVH
Fra:1 Mem:461.06M (Peak 503.96M) | Time:00:00.29 | Mem:25.59M, Peak:25.59M | Hanliu_Garden_Highpoly, ViewLayer | Updating Geometry BVH birds_Ink.003 194/198 | Building OptiX acceleration structure
Fra:1 Mem:461.84M (Peak 503.96M) | Time:00:00.29 | Mem:27.73M, Peak:27.99M | Hanliu_Garden_Highpoly, ViewLayer | Updating Geometry BVH Inscription 博客 13/198 | Building BVH
Fra:1 Mem:461.84M (Peak 503.96M) | Time:00:00.29 | Mem:27.74M, Peak:27.99M | Hanliu_Garden_Highpoly, ViewLayer | Updating Geometry BVH Inscription 博客 13/198 | Building OptiX acceleration structure
Fra:1 Mem:462.89M (Peak 503.96M) | Time:00:00.29 | Mem:28.78M, Peak:28.79M | Hanliu_Garden_Highpoly, ViewLayer | Updating Geometry BVH blog_Stone 14/198 | Building BVH
Fra:1 Mem:462.89M (Peak 503.96M) | Time:00:00.29 | Mem:28.78M, Peak:28.79M | Hanliu_Garden_Highpoly, ViewLayer | Updating Geometry BVH blog_Stone 14/198 | Building OptiX acceleration structure
Fra:1 Mem:462.74M (Peak 503.96M) | Time:00:00.30 | Mem:28.76M, Peak:29.47M | Hanliu_Garden_Highpoly, ViewLayer | Updating Geometry BVH blog_StoneLight 15/198 | Building BVH
Fra:1 Mem:462.74M (Peak 503.96M) | Time:00:00.30 | Mem:28.76M, Peak:29.47M | Hanliu_Garden_Highpoly, ViewLayer | Updating Geometry BVH blog_StoneLight 15/198 | Building OptiX acceleration structure
Fra:1 Mem:462.71M (Peak 503.96M) | Time:00:00.30 | Mem:28.76M, Peak:29.47M | Hanliu_Garden_Highpoly, ViewLayer | Updating Geometry BVH blog_Plaster 16/198 | Building BVH
Fra:1 Mem:462.71M (Peak 503.96M) | Time:00:00.30 | Mem:28.76M, Peak:29.47M | Hanliu_Garden_Highpoly, ViewLayer | Updating Geometry BVH blog_Plaster 16/198 | Building OptiX acceleration structure
Fra:1 Mem:462.72M (Peak 503.96M) | Time:00:00.30 | Mem:28.76M, Peak:29.47M | Hanliu_Garden_Highpoly, ViewLayer | Updating Geometry BVH blog_Wood 17/198 | Building BVH
Fra:1 Mem:462.72M (Peak 503.96M) | Time:00:00.30 | Mem:28.77M, Peak:29.47M | Hanliu_Garden_Highpoly, ViewLayer | Updating Geometry BVH blog_Wood 17/198 | Building OptiX acceleration structure
Fra:1 Mem:462.78M (Peak 503.96M) | Time:00:00.30 | Mem:28.85M, Peak:29.47M | Hanliu_Garden_Highpoly, ViewLayer | Updating Geometry BVH blog_Paper 18/198 | Building BVH
Fra:1 Mem:462.78M (Peak 503.96M) | Time:00:00.30 | Mem:28.88M, Peak:29.47M | Hanliu_Garden_Highpoly, ViewLayer | Updating Geometry BVH blog_Paper 18/198 | Building OptiX acceleration structure
Fra:1 Mem:462.85M (Peak 503.96M) | Time:00:00.30 | Mem:28.92M, Peak:29.47M | Hanliu_Garden_Highpoly, ViewLayer | Updating Geometry BVH blog_WoodLight 19/198 | Building BVH
Fra:1 Mem:462.85M (Peak 503.96M) | Time:00:00.30 | Mem:28.93M, Peak:29.47M | Hanliu_Garden_Highpoly, ViewLayer | Updating Geometry BVH blog_WoodLight 19/198 | Building OptiX acceleration structure
Fra:1 Mem:462.97M (Peak 503.96M) | Time:00:00.30 | Mem:29.04M, Peak:29.47M | Hanliu_Garden_Highpoly, ViewLayer | Updating Geometry BVH blog_Wood.001 20/198 | Building BVH
Fra:1 Mem:462.97M (Peak 503.96M) | Time:00:00.30 | Mem:29.04M, Peak:29.47M | Hanliu_Garden_Highpoly, ViewLayer | Updating Geometry BVH blog_Wood.001 20/198 | Building OptiX acceleration structure
Fra:1 Mem:463.12M (Peak 503.96M) | Time:00:00.30 | Mem:29.29M, Peak:29.79M | Hanliu_Garden_Highpoly, ViewLayer | Updating Geometry BVH blog_Tile0 21/198 | Building BVH
Fra:1 Mem:463.12M (Peak 503.96M) | Time:00:00.30 | Mem:29.29M, Peak:29.79M | Hanliu_Garden_Highpoly, ViewLayer | Updating Geometry BVH blog_Tile0 21/198 | Building OptiX acceleration structure
Fra:1 Mem:463.46M (Peak 503.96M) | Time:00:00.30 | Mem:29.66M, Peak:29.79M | Hanliu_Garden_Highpoly, ViewLayer | Updating Geometry BVH blog_Tile2 22/198 | Building BVH
Fra:1 Mem:463.46M (Peak 503.96M) | Time:00:00.30 | Mem:29.66M, Peak:29.79M | Hanliu_Garden_Highpoly, ViewLayer | Updating Geometry BVH blog_Tile2 22/198 | Building OptiX acceleration structure
Fra:1 Mem:463.69M (Peak 503.96M) | Time:00:00.30 | Mem:29.86M, Peak:29.90M | Hanliu_Garden_Highpoly, ViewLayer | Updating Geometry BVH birds_DuckBrown.001 193/198 | Building BVH
Fra:1 Mem:463.69M (Peak 503.96M) | Time:00:00.30 | Mem:29.86M, Peak:29.90M | Hanliu_Garden_Highpoly, ViewLayer | Updating Geometry BVH birds_DuckBrown.001 193/198 | Building OptiX acceleration structure
Fra:1 Mem:461.87M (Peak 503.96M) | Time:00:00.30 | Mem:29.48M, Peak:36.15M | Hanliu_Garden_Highpoly, ViewLayer | Updating Geometry BVH blog_Tile1 23/198 | Building BVH
Fra:1 Mem:461.87M (Peak 503.96M) | Time:00:00.30 | Mem:29.48M, Peak:36.15M | Hanliu_Garden_Highpoly, ViewLayer | Updating Geometry BVH blog_Tile1 23/198 | Building OptiX acceleration structure
Fra:1 Mem:461.47M (Peak 503.96M) | Time:00:00.30 | Mem:29.90M, Peak:36.15M | Hanliu_Garden_Highpoly, ViewLayer | Updating Geometry BVH blog_Tile3 24/198 | Building BVH
Fra:1 Mem:461.47M (Peak 503.96M) | Time:00:00.30 | Mem:29.90M, Peak:36.15M | Hanliu_Garden_Highpoly, ViewLayer | Updating Geometry BVH blog_Tile3 24/198 | Building OptiX acceleration structure
Fra:1 Mem:461.57M (Peak 503.96M) | Time:00:00.30 | Mem:30.00M, Peak:36.15M | Hanliu_Garden_Highpoly, ViewLayer | Updating Geometry BVH blog_Ceramic 25/198 | Building BVH
Fra:1 Mem:461.57M (Peak 503.96M) | Time:00:00.30 | Mem:30.00M, Peak:36.15M | Hanliu_Garden_Highpoly, ViewLayer | Updating Geometry BVH blog_Ceramic 25/198 | Building OptiX acceleration structure
Fra:1 Mem:461.64M (Peak 503.96M) | Time:00:00.30 | Mem:30.09M, Peak:36.15M | Hanliu_Garden_Highpoly, ViewLayer | Updating Geometry BVH blog_Burgundy 26/198 | Building BVH
Fra:1 Mem:461.64M (Peak 503.96M) | Time:00:00.30 | Mem:30.10M, Peak:36.15M | Hanliu_Garden_Highpoly, ViewLayer | Updating Geometry BVH blog_Burgundy 26/198 | Building OptiX acceleration structure
Fra:1 Mem:461.70M (Peak 503.96M) | Time:00:00.30 | Mem:30.15M, Peak:36.15M | Hanliu_Garden_Highpoly, ViewLayer | Updating Geometry BVH Inscription 别苑杂务 27/198 | Building BVH
Fra:1 Mem:461.70M (Peak 503.96M) | Time:00:00.30 | Mem:30.15M, Peak:36.15M | Hanliu_Garden_Highpoly, ViewLayer | Updating Geometry BVH Inscription 别苑杂务 27/198 | Building OptiX acceleration structure
Fra:1 Mem:463.33M (Peak 503.96M) | Time:00:00.30 | Mem:32.23M, Peak:36.15M | Hanliu_Garden_Highpoly, ViewLayer | Updating Geometry BVH chores_StoneLight 28/198 | Building BVH
Fra:1 Mem:463.33M (Peak 503.96M) | Time:00:00.30 | Mem:32.23M, Peak:36.15M | Hanliu_Garden_Highpoly, ViewLayer | Updating Geometry BVH chores_StoneLight 28/198 | Building OptiX acceleration structure
Fra:1 Mem:463.25M (Peak 503.96M) | Time:00:00.30 | Mem:31.85M, Peak:36.15M | Hanliu_Garden_Highpoly, ViewLayer | Updating Geometry BVH chores_Wood 29/198 | Building BVH
Fra:1 Mem:463.25M (Peak 503.96M) | Time:00:00.30 | Mem:32.45M, Peak:36.15M | Hanliu_Garden_Highpoly, ViewLayer | Updating Geometry BVH chores_Wood 29/198 | Building OptiX acceleration structure
Fra:1 Mem:463.23M (Peak 503.96M) | Time:00:00.30 | Mem:32.50M, Peak:36.15M | Hanliu_Garden_Highpoly, ViewLayer | Updating Geometry BVH chores_Plaster 30/198 | Building BVH
Fra:1 Mem:463.23M (Peak 503.96M) | Time:00:00.30 | Mem:32.50M, Peak:36.15M | Hanliu_Garden_Highpoly, ViewLayer | Updating Geometry BVH chores_Plaster 30/198 | Building OptiX acceleration structure
Fra:1 Mem:462.99M (Peak 503.96M) | Time:00:00.31 | Mem:32.59M, Peak:36.15M | Hanliu_Garden_Highpoly, ViewLayer | Updating Geometry BVH chores_Tile3 31/198 | Building BVH
Fra:1 Mem:462.99M (Peak 503.96M) | Time:00:00.31 | Mem:32.59M, Peak:36.15M | Hanliu_Garden_Highpoly, ViewLayer | Updating Geometry BVH chores_Tile3 31/198 | Building OptiX acceleration structure
Fra:1 Mem:462.67M (Peak 503.96M) | Time:00:00.31 | Mem:31.91M, Peak:36.15M | Hanliu_Garden_Highpoly, ViewLayer | Updating Geometry BVH chores_Tile0 32/198 | Building BVH
Fra:1 Mem:462.67M (Peak 503.96M) | Time:00:00.31 | Mem:31.91M, Peak:36.15M | Hanliu_Garden_Highpoly, ViewLayer | Updating Geometry BVH chores_Tile0 32/198 | Building OptiX acceleration structure
Fra:1 Mem:462.48M (Peak 503.96M) | Time:00:00.31 | Mem:32.10M, Peak:36.15M | Hanliu_Garden_Highpoly, ViewLayer | Updating Geometry BVH chores_Tile1 33/198 | Building BVH
Fra:1 Mem:462.48M (Peak 503.96M) | Time:00:00.31 | Mem:32.30M, Peak:36.15M | Hanliu_Garden_Highpoly, ViewLayer | Updating Geometry BVH chores_Tile1 33/198 | Building OptiX acceleration structure
Fra:1 Mem:462.60M (Peak 503.96M) | Time:00:00.31 | Mem:32.12M, Peak:36.15M | Hanliu_Garden_Highpoly, ViewLayer | Updating Geometry BVH birds_Ink.002 192/198 | Building BVH
Fra:1 Mem:462.60M (Peak 503.96M) | Time:00:00.31 | Mem:32.12M, Peak:36.15M | Hanliu_Garden_Highpoly, ViewLayer | Updating Geometry BVH birds_Ink.002 192/198 | Building OptiX acceleration structure
Fra:1 Mem:461.96M (Peak 503.96M) | Time:00:00.31 | Mem:32.23M, Peak:36.15M | Hanliu_Garden_Highpoly, ViewLayer | Updating Geometry BVH chores_Tile2 34/198 | Building BVH
Fra:1 Mem:461.96M (Peak 503.96M) | Time:00:00.31 | Mem:32.46M, Peak:36.15M | Hanliu_Garden_Highpoly, ViewLayer | Updating Geometry BVH chores_Tile2 34/198 | Building OptiX acceleration structure
Fra:1 Mem:461.93M (Peak 503.96M) | Time:00:00.31 | Mem:32.49M, Peak:36.15M | Hanliu_Garden_Highpoly, ViewLayer | Updating Geometry BVH chores_WoodLight 35/198 | Building BVH
Fra:1 Mem:461.93M (Peak 503.96M) | Time:00:00.31 | Mem:32.49M, Peak:36.15M | Hanliu_Garden_Highpoly, ViewLayer | Updating Geometry BVH chores_WoodLight 35/198 | Building OptiX acceleration structure
Fra:1 Mem:461.85M (Peak 503.96M) | Time:00:00.31 | Mem:32.41M, Peak:36.15M | Hanliu_Garden_Highpoly, ViewLayer | Updating Geometry BVH chores_Wood.001 36/198 | Building BVH
Fra:1 Mem:461.85M (Peak 503.96M) | Time:00:00.31 | Mem:32.41M, Peak:36.15M | Hanliu_Garden_Highpoly, ViewLayer | Updating Geometry BVH chores_Wood.001 36/198 | Building OptiX acceleration structure
Fra:1 Mem:461.79M (Peak 503.96M) | Time:00:00.31 | Mem:32.10M, Peak:36.15M | Hanliu_Garden_Highpoly, ViewLayer | Updating Geometry BVH chores_Paper 37/198 | Building BVH
Fra:1 Mem:461.79M (Peak 503.96M) | Time:00:00.31 | Mem:32.10M, Peak:36.15M | Hanliu_Garden_Highpoly, ViewLayer | Updating Geometry BVH chores_Paper 37/198 | Building OptiX acceleration structure
Fra:1 Mem:460.10M (Peak 503.96M) | Time:00:00.31 | Mem:31.73M, Peak:39.91M | Hanliu_Garden_Highpoly, ViewLayer | Updating Geometry BVH Inscription 造物录 38/198 | Building BVH
Fra:1 Mem:460.10M (Peak 503.96M) | Time:00:00.31 | Mem:31.73M, Peak:39.91M | Hanliu_Garden_Highpoly, ViewLayer | Updating Geometry BVH Inscription 造物录 38/198 | Building OptiX acceleration structure
Fra:1 Mem:461.48M (Peak 503.96M) | Time:00:00.31 | Mem:33.10M, Peak:39.91M | Hanliu_Garden_Highpoly, ViewLayer | Updating Geometry BVH making_Stone 39/198 | Building BVH
Fra:1 Mem:461.48M (Peak 503.96M) | Time:00:00.31 | Mem:33.62M, Peak:39.91M | Hanliu_Garden_Highpoly, ViewLayer | Updating Geometry BVH making_Stone 39/198 | Building OptiX acceleration structure
Fra:1 Mem:461.37M (Peak 503.96M) | Time:00:00.31 | Mem:33.09M, Peak:39.91M | Hanliu_Garden_Highpoly, ViewLayer | Updating Geometry BVH making_StoneLight 40/198 | Building BVH
Fra:1 Mem:461.37M (Peak 503.96M) | Time:00:00.31 | Mem:33.10M, Peak:39.91M | Hanliu_Garden_Highpoly, ViewLayer | Updating Geometry BVH making_StoneLight 40/198 | Building OptiX acceleration structure
Fra:1 Mem:461.38M (Peak 503.96M) | Time:00:00.31 | Mem:33.14M, Peak:39.91M | Hanliu_Garden_Highpoly, ViewLayer | Updating Geometry BVH making_Plaster 41/198 | Building BVH
Fra:1 Mem:461.38M (Peak 503.96M) | Time:00:00.31 | Mem:33.19M, Peak:39.91M | Hanliu_Garden_Highpoly, ViewLayer | Updating Geometry BVH making_Plaster 41/198 | Building OptiX acceleration structure
Fra:1 Mem:461.36M (Peak 503.96M) | Time:00:00.31 | Mem:33.10M, Peak:39.91M | Hanliu_Garden_Highpoly, ViewLayer | Updating Geometry BVH making_Wood 42/198 | Building BVH
Fra:1 Mem:461.36M (Peak 503.96M) | Time:00:00.31 | Mem:33.22M, Peak:39.91M | Hanliu_Garden_Highpoly, ViewLayer | Updating Geometry BVH making_Wood 42/198 | Building OptiX acceleration structure
Fra:1 Mem:461.37M (Peak 503.96M) | Time:00:00.31 | Mem:33.15M, Peak:39.91M | Hanliu_Garden_Highpoly, ViewLayer | Updating Geometry BVH making_Paper 43/198 | Building BVH
Fra:1 Mem:461.37M (Peak 503.96M) | Time:00:00.31 | Mem:33.54M, Peak:39.91M | Hanliu_Garden_Highpoly, ViewLayer | Updating Geometry BVH making_Paper 43/198 | Building OptiX acceleration structure
Fra:1 Mem:461.18M (Peak 503.96M) | Time:00:00.31 | Mem:33.17M, Peak:39.91M | Hanliu_Garden_Highpoly, ViewLayer | Updating Geometry BVH making_WoodLight 44/198 | Building BVH
Fra:1 Mem:461.18M (Peak 503.96M) | Time:00:00.31 | Mem:33.17M, Peak:39.91M | Hanliu_Garden_Highpoly, ViewLayer | Updating Geometry BVH making_WoodLight 44/198 | Building OptiX acceleration structure
Fra:1 Mem:461.19M (Peak 503.96M) | Time:00:00.31 | Mem:33.15M, Peak:39.91M | Hanliu_Garden_Highpoly, ViewLayer | Updating Geometry BVH birds_DuckBrown 191/198 | Building BVH
Fra:1 Mem:461.19M (Peak 503.96M) | Time:00:00.31 | Mem:33.30M, Peak:39.91M | Hanliu_Garden_Highpoly, ViewLayer | Updating Geometry BVH birds_DuckBrown 191/198 | Building OptiX acceleration structure
Fra:1 Mem:461.14M (Peak 503.96M) | Time:00:00.31 | Mem:33.16M, Peak:39.91M | Hanliu_Garden_Highpoly, ViewLayer | Updating Geometry BVH making_Wood.001 45/198 | Building BVH
Fra:1 Mem:461.14M (Peak 503.96M) | Time:00:00.31 | Mem:33.16M, Peak:39.91M | Hanliu_Garden_Highpoly, ViewLayer | Updating Geometry BVH making_Wood.001 45/198 | Building OptiX acceleration structure
Fra:1 Mem:461.31M (Peak 503.96M) | Time:00:00.32 | Mem:33.33M, Peak:39.91M | Hanliu_Garden_Highpoly, ViewLayer | Updating Geometry BVH making_Tile2 46/198 | Building BVH
Fra:1 Mem:461.31M (Peak 503.96M) | Time:00:00.32 | Mem:33.33M, Peak:39.91M | Hanliu_Garden_Highpoly, ViewLayer | Updating Geometry BVH making_Tile2 46/198 | Building OptiX acceleration structure
Fra:1 Mem:461.43M (Peak 503.96M) | Time:00:00.32 | Mem:33.48M, Peak:39.91M | Hanliu_Garden_Highpoly, ViewLayer | Updating Geometry BVH making_Tile1 47/198 | Building BVH
Fra:1 Mem:461.43M (Peak 503.96M) | Time:00:00.32 | Mem:33.49M, Peak:39.91M | Hanliu_Garden_Highpoly, ViewLayer | Updating Geometry BVH making_Tile1 47/198 | Building OptiX acceleration structure
Fra:1 Mem:461.82M (Peak 503.96M) | Time:00:00.32 | Mem:33.85M, Peak:39.91M | Hanliu_Garden_Highpoly, ViewLayer | Updating Geometry BVH making_Tile0 48/198 | Building BVH
Fra:1 Mem:461.82M (Peak 503.96M) | Time:00:00.32 | Mem:33.85M, Peak:39.91M | Hanliu_Garden_Highpoly, ViewLayer | Updating Geometry BVH making_Tile0 48/198 | Building OptiX acceleration structure
Fra:1 Mem:460.61M (Peak 503.96M) | Time:00:00.32 | Mem:33.72M, Peak:40.38M | Hanliu_Garden_Highpoly, ViewLayer | Updating Geometry BVH making_Tile3 49/198 | Building BVH
Fra:1 Mem:460.61M (Peak 503.96M) | Time:00:00.32 | Mem:33.74M, Peak:40.38M | Hanliu_Garden_Highpoly, ViewLayer | Updating Geometry BVH making_Tile3 49/198 | Building OptiX acceleration structure
Fra:1 Mem:460.66M (Peak 503.96M) | Time:00:00.32 | Mem:33.77M, Peak:40.38M | Hanliu_Garden_Highpoly, ViewLayer | Updating Geometry BVH making_WoodLight.001 50/198 | Building BVH
Fra:1 Mem:460.66M (Peak 503.96M) | Time:00:00.32 | Mem:33.77M, Peak:40.38M | Hanliu_Garden_Highpoly, ViewLayer | Updating Geometry BVH making_WoodLight.001 50/198 | Building OptiX acceleration structure
Fra:1 Mem:460.65M (Peak 503.96M) | Time:00:00.32 | Mem:33.78M, Peak:40.38M | Hanliu_Garden_Highpoly, ViewLayer | Updating Geometry BVH making_Ink 51/198 | Building BVH
Fra:1 Mem:460.65M (Peak 503.96M) | Time:00:00.32 | Mem:33.79M, Peak:40.38M | Hanliu_Garden_Highpoly, ViewLayer | Updating Geometry BVH making_Ink 51/198 | Building OptiX acceleration structure
Fra:1 Mem:460.66M (Peak 503.96M) | Time:00:00.32 | Mem:33.79M, Peak:40.38M | Hanliu_Garden_Highpoly, ViewLayer | Updating Geometry BVH making_Brass 52/198 | Building BVH
Fra:1 Mem:460.66M (Peak 503.96M) | Time:00:00.32 | Mem:34.11M, Peak:40.38M | Hanliu_Garden_Highpoly, ViewLayer | Updating Geometry BVH making_Brass 52/198 | Building OptiX acceleration structure
Fra:1 Mem:460.60M (Peak 503.96M) | Time:00:00.32 | Mem:33.83M, Peak:40.38M | Hanliu_Garden_Highpoly, ViewLayer | Updating Geometry BVH Inscription 语义花园 53/198 | Building BVH
Fra:1 Mem:460.60M (Peak 503.96M) | Time:00:00.32 | Mem:33.83M, Peak:40.38M | Hanliu_Garden_Highpoly, ViewLayer | Updating Geometry BVH Inscription 语义花园 53/198 | Building OptiX acceleration structure
Fra:1 Mem:461.99M (Peak 503.96M) | Time:00:00.32 | Mem:35.22M, Peak:40.38M | Hanliu_Garden_Highpoly, ViewLayer | Updating Geometry BVH garden_Plaster 54/198 | Building BVH
Fra:1 Mem:461.99M (Peak 503.96M) | Time:00:00.32 | Mem:35.27M, Peak:40.38M | Hanliu_Garden_Highpoly, ViewLayer | Updating Geometry BVH garden_Plaster 54/198 | Building OptiX acceleration structure
Fra:1 Mem:461.98M (Peak 503.96M) | Time:00:00.32 | Mem:35.20M, Peak:40.38M | Hanliu_Garden_Highpoly, ViewLayer | Updating Geometry BVH garden_StoneLight 55/198 | Building BVH
Fra:1 Mem:461.98M (Peak 503.96M) | Time:00:00.32 | Mem:35.32M, Peak:40.38M | Hanliu_Garden_Highpoly, ViewLayer | Updating Geometry BVH garden_StoneLight 55/198 | Building OptiX acceleration structure
Fra:1 Mem:462.01M (Peak 503.96M) | Time:00:00.32 | Mem:35.24M, Peak:40.38M | Hanliu_Garden_Highpoly, ViewLayer | Updating Geometry BVH birds_Yellow 190/198 | Building BVH
Fra:1 Mem:462.01M (Peak 503.96M) | Time:00:00.32 | Mem:35.62M, Peak:40.38M | Hanliu_Garden_Highpoly, ViewLayer | Updating Geometry BVH birds_Yellow 190/198 | Building OptiX acceleration structure
Fra:1 Mem:461.84M (Peak 503.96M) | Time:00:00.32 | Mem:35.23M, Peak:40.38M | Hanliu_Garden_Highpoly, ViewLayer | Updating Geometry BVH garden_Wood 56/198 | Building BVH
Fra:1 Mem:461.84M (Peak 503.96M) | Time:00:00.32 | Mem:35.82M, Peak:40.38M | Hanliu_Garden_Highpoly, ViewLayer | Updating Geometry BVH garden_Wood 56/198 | Building OptiX acceleration structure
Fra:1 Mem:461.88M (Peak 503.96M) | Time:00:00.32 | Mem:35.72M, Peak:40.38M | Hanliu_Garden_Highpoly, ViewLayer | Updating Geometry BVH garden_Tile2 57/198 | Building BVH
Fra:1 Mem:461.88M (Peak 503.96M) | Time:00:00.32 | Mem:36.12M, Peak:40.38M | Hanliu_Garden_Highpoly, ViewLayer | Updating Geometry BVH garden_Tile2 57/198 | Building OptiX acceleration structure
Fra:1 Mem:461.77M (Peak 503.96M) | Time:00:00.32 | Mem:35.43M, Peak:40.38M | Hanliu_Garden_Highpoly, ViewLayer | Updating Geometry BVH garden_Tile1 58/198 | Building BVH
Fra:1 Mem:461.77M (Peak 503.96M) | Time:00:00.32 | Mem:35.43M, Peak:40.38M | Hanliu_Garden_Highpoly, ViewLayer | Updating Geometry BVH garden_Tile1 58/198 | Building OptiX acceleration structure
Fra:1 Mem:461.54M (Peak 503.96M) | Time:00:00.32 | Mem:35.62M, Peak:40.38M | Hanliu_Garden_Highpoly, ViewLayer | Updating Geometry BVH garden_Tile0 59/198 | Building BVH
Fra:1 Mem:461.54M (Peak 503.96M) | Time:00:00.32 | Mem:35.72M, Peak:40.38M | Hanliu_Garden_Highpoly, ViewLayer | Updating Geometry BVH garden_Tile0 59/198 | Building OptiX acceleration structure
Fra:1 Mem:461.53M (Peak 503.96M) | Time:00:00.32 | Mem:35.57M, Peak:40.38M | Hanliu_Garden_Highpoly, ViewLayer | Updating Geometry BVH garden_Tile3 60/198 | Building BVH
Fra:1 Mem:461.53M (Peak 503.96M) | Time:00:00.32 | Mem:35.58M, Peak:40.38M | Hanliu_Garden_Highpoly, ViewLayer | Updating Geometry BVH garden_Tile3 60/198 | Building OptiX acceleration structure
Fra:1 Mem:461.54M (Peak 503.96M) | Time:00:00.32 | Mem:35.58M, Peak:40.38M | Hanliu_Garden_Highpoly, ViewLayer | Updating Geometry BVH garden_Wood.001 61/198 | Building BVH
Fra:1 Mem:461.54M (Peak 503.96M) | Time:00:00.32 | Mem:35.63M, Peak:40.38M | Hanliu_Garden_Highpoly, ViewLayer | Updating Geometry BVH garden_Wood.001 61/198 | Building OptiX acceleration structure
Fra:1 Mem:461.53M (Peak 503.96M) | Time:00:00.32 | Mem:35.60M, Peak:40.38M | Hanliu_Garden_Highpoly, ViewLayer | Updating Geometry BVH garden_Paper 62/198 | Building BVH
Fra:1 Mem:461.53M (Peak 503.96M) | Time:00:00.32 | Mem:35.60M, Peak:40.38M | Hanliu_Garden_Highpoly, ViewLayer | Updating Geometry BVH garden_Paper 62/198 | Building OptiX acceleration structure
Fra:1 Mem:461.53M (Peak 503.96M) | Time:00:00.32 | Mem:35.58M, Peak:40.38M | Hanliu_Garden_Highpoly, ViewLayer | Updating Geometry BVH garden_Wood.002 63/198 | Building BVH
Fra:1 Mem:461.53M (Peak 503.96M) | Time:00:00.32 | Mem:35.58M, Peak:40.38M | Hanliu_Garden_Highpoly, ViewLayer | Updating Geometry BVH garden_Wood.002 63/198 | Building OptiX acceleration structure
Fra:1 Mem:460.32M (Peak 503.96M) | Time:00:00.32 | Mem:35.49M, Peak:42.19M | Hanliu_Garden_Highpoly, ViewLayer | Updating Geometry BVH garden_Leaf0 64/198 | Building BVH
Fra:1 Mem:460.32M (Peak 503.96M) | Time:00:00.32 | Mem:35.49M, Peak:42.19M | Hanliu_Garden_Highpoly, ViewLayer | Updating Geometry BVH garden_Leaf0 64/198 | Building OptiX acceleration structure
Fra:1 Mem:460.89M (Peak 503.96M) | Time:00:00.32 | Mem:35.44M, Peak:42.19M | Hanliu_Garden_Highpoly, ViewLayer | Updating Geometry BVH garden_Leaf3 65/198 | Building BVH
Fra:1 Mem:460.89M (Peak 503.96M) | Time:00:00.32 | Mem:35.70M, Peak:42.19M | Hanliu_Garden_Highpoly, ViewLayer | Updating Geometry BVH garden_Leaf3 65/198 | Building OptiX acceleration structure
Fra:1 Mem:461.43M (Peak 503.96M) | Time:00:00.33 | Mem:36.61M, Peak:42.19M | Hanliu_Garden_Highpoly, ViewLayer | Updating Geometry BVH garden_Leaf4 66/198 | Building BVH
Fra:1 Mem:461.43M (Peak 503.96M) | Time:00:00.33 | Mem:36.61M, Peak:42.19M | Hanliu_Garden_Highpoly, ViewLayer | Updating Geometry BVH garden_Leaf4 66/198 | Building OptiX acceleration structure
Fra:1 Mem:462.03M (Peak 503.96M) | Time:00:00.33 | Mem:37.21M, Peak:42.19M | Hanliu_Garden_Highpoly, ViewLayer | Updating Geometry BVH birds_DuckGreen 189/198 | Building BVH
Fra:1 Mem:462.03M (Peak 503.96M) | Time:00:00.33 | Mem:37.60M, Peak:42.19M | Hanliu_Garden_Highpoly, ViewLayer | Updating Geometry BVH birds_DuckGreen 189/198 | Building OptiX acceleration structure
Fra:1 Mem:461.87M (Peak 503.96M) | Time:00:00.33 | Mem:37.50M, Peak:42.19M | Hanliu_Garden_Highpoly, ViewLayer | Updating Geometry BVH garden_PalePink 67/198 | Building BVH
Fra:1 Mem:461.87M (Peak 503.96M) | Time:00:00.33 | Mem:37.50M, Peak:42.19M | Hanliu_Garden_Highpoly, ViewLayer | Updating Geometry BVH garden_PalePink 67/198 | Building OptiX acceleration structure
Fra:1 Mem:463.17M (Peak 503.96M) | Time:00:00.33 | Mem:39.31M, Peak:42.19M | Hanliu_Garden_Highpoly, ViewLayer | Updating Geometry BVH garden_Purple 68/198 | Building BVH
Fra:1 Mem:463.17M (Peak 503.96M) | Time:00:00.33 | Mem:39.31M, Peak:42.19M | Hanliu_Garden_Highpoly, ViewLayer | Updating Geometry BVH garden_Purple 68/198 | Building OptiX acceleration structure
Fra:1 Mem:463.75M (Peak 503.96M) | Time:00:00.33 | Mem:39.43M, Peak:42.19M | Hanliu_Garden_Highpoly, ViewLayer | Updating Geometry BVH garden_White 69/198 | Building BVH
Fra:1 Mem:463.75M (Peak 503.96M) | Time:00:00.33 | Mem:39.43M, Peak:42.19M | Hanliu_Garden_Highpoly, ViewLayer | Updating Geometry BVH garden_White 69/198 | Building OptiX acceleration structure
Fra:1 Mem:464.83M (Peak 503.96M) | Time:00:00.33 | Mem:40.46M, Peak:42.19M | Hanliu_Garden_Highpoly, ViewLayer | Updating Geometry BVH garden_Mortar 70/198 | Building BVH
Fra:1 Mem:464.83M (Peak 503.96M) | Time:00:00.33 | Mem:40.46M, Peak:42.19M | Hanliu_Garden_Highpoly, ViewLayer | Updating Geometry BVH garden_Mortar 70/198 | Building OptiX acceleration structure
Fra:1 Mem:464.88M (Peak 503.96M) | Time:00:00.33 | Mem:40.47M, Peak:42.19M | Hanliu_Garden_Highpoly, ViewLayer | Updating Geometry BVH garden_Stone 71/198 | Building BVH
Fra:1 Mem:464.88M (Peak 503.96M) | Time:00:00.33 | Mem:40.47M, Peak:42.19M | Hanliu_Garden_Highpoly, ViewLayer | Updating Geometry BVH garden_Stone 71/198 | Building OptiX acceleration structure
Fra:1 Mem:464.97M (Peak 503.96M) | Time:00:00.33 | Mem:40.57M, Peak:42.19M | Hanliu_Garden_Highpoly, ViewLayer | Updating Geometry BVH garden_StoneLight.001 72/198 | Building BVH
Fra:1 Mem:464.97M (Peak 503.96M) | Time:00:00.33 | Mem:40.57M, Peak:42.19M | Hanliu_Garden_Highpoly, ViewLayer | Updating Geometry BVH garden_StoneLight.001 72/198 | Building OptiX acceleration structure
Fra:1 Mem:465.02M (Peak 503.96M) | Time:00:00.33 | Mem:41.50M, Peak:42.19M | Hanliu_Garden_Highpoly, ViewLayer | Updating Geometry BVH Inscription 居士自序 73/198 | Building BVH
Fra:1 Mem:465.02M (Peak 503.96M) | Time:00:00.33 | Mem:41.50M, Peak:42.19M | Hanliu_Garden_Highpoly, ViewLayer | Updating Geometry BVH Inscription 居士自序 73/198 | Building OptiX acceleration structure
Fra:1 Mem:466.02M (Peak 503.96M) | Time:00:00.33 | Mem:42.76M, Peak:42.76M | Hanliu_Garden_Highpoly, ViewLayer | Updating Geometry BVH about_Stone 74/198 | Building BVH
Fra:1 Mem:466.02M (Peak 503.96M) | Time:00:00.33 | Mem:42.76M, Peak:42.76M | Hanliu_Garden_Highpoly, ViewLayer | Updating Geometry BVH about_Stone 74/198 | Building OptiX acceleration structure
Fra:1 Mem:465.44M (Peak 503.96M) | Time:00:00.33 | Mem:41.54M, Peak:43.92M | Hanliu_Garden_Highpoly, ViewLayer | Updating Geometry BVH about_StoneLight 75/198 | Building BVH
Fra:1 Mem:465.44M (Peak 503.96M) | Time:00:00.33 | Mem:42.51M, Peak:43.92M | Hanliu_Garden_Highpoly, ViewLayer | Updating Geometry BVH about_StoneLight 75/198 | Building OptiX acceleration structure
Fra:1 Mem:464.87M (Peak 503.96M) | Time:00:00.33 | Mem:42.29M, Peak:43.92M | Hanliu_Garden_Highpoly, ViewLayer | Updating Geometry BVH about_Plaster 76/198 | Building BVH
Fra:1 Mem:464.87M (Peak 503.96M) | Time:00:00.33 | Mem:42.29M, Peak:43.92M | Hanliu_Garden_Highpoly, ViewLayer | Updating Geometry BVH about_Plaster 76/198 | Building OptiX acceleration structure
Fra:1 Mem:464.29M (Peak 503.96M) | Time:00:00.33 | Mem:41.04M, Peak:43.92M | Hanliu_Garden_Highpoly, ViewLayer | Updating Geometry BVH about_Paper 77/198 | Building BVH
Fra:1 Mem:464.29M (Peak 503.96M) | Time:00:00.33 | Mem:41.11M, Peak:43.92M | Hanliu_Garden_Highpoly, ViewLayer | Updating Geometry BVH about_Paper 77/198 | Building OptiX acceleration structure
Fra:1 Mem:464.28M (Peak 503.96M) | Time:00:00.33 | Mem:41.04M, Peak:43.92M | Hanliu_Garden_Highpoly, ViewLayer | Updating Geometry BVH birds_BirdGrey.001 188/198 | Building BVH
Fra:1 Mem:464.28M (Peak 503.96M) | Time:00:00.33 | Mem:41.04M, Peak:43.92M | Hanliu_Garden_Highpoly, ViewLayer | Updating Geometry BVH birds_BirdGrey.001 188/198 | Building OptiX acceleration structure
Fra:1 Mem:462.96M (Peak 503.96M) | Time:00:00.33 | Mem:40.71M, Peak:47.27M | Hanliu_Garden_Highpoly, ViewLayer | Updating Geometry BVH about_WoodLight 78/198 | Building BVH
Fra:1 Mem:462.96M (Peak 503.96M) | Time:00:00.33 | Mem:40.71M, Peak:47.27M | Hanliu_Garden_Highpoly, ViewLayer | Updating Geometry BVH about_WoodLight 78/198 | Building OptiX acceleration structure
Fra:1 Mem:462.22M (Peak 503.96M) | Time:00:00.33 | Mem:40.52M, Peak:47.27M | Hanliu_Garden_Highpoly, ViewLayer | Updating Geometry BVH about_Wood 79/198 | Building BVH
Fra:1 Mem:462.22M (Peak 503.96M) | Time:00:00.33 | Mem:40.52M, Peak:47.27M | Hanliu_Garden_Highpoly, ViewLayer | Updating Geometry BVH about_Wood 79/198 | Building OptiX acceleration structure
Fra:1 Mem:461.13M (Peak 503.96M) | Time:00:00.34 | Mem:40.38M, Peak:47.27M | Hanliu_Garden_Highpoly, ViewLayer | Updating Geometry BVH about_Wood.001 80/198 | Building BVH
Fra:1 Mem:461.13M (Peak 503.96M) | Time:00:00.34 | Mem:40.56M, Peak:47.27M | Hanliu_Garden_Highpoly, ViewLayer | Updating Geometry BVH about_Wood.001 80/198 | Building OptiX acceleration structure
Fra:1 Mem:461.23M (Peak 503.96M) | Time:00:00.34 | Mem:40.40M, Peak:47.27M | Hanliu_Garden_Highpoly, ViewLayer | Updating Geometry BVH about_Brass 81/198 | Building BVH
Fra:1 Mem:461.23M (Peak 503.96M) | Time:00:00.34 | Mem:40.86M, Peak:47.27M | Hanliu_Garden_Highpoly, ViewLayer | Updating Geometry BVH about_Brass 81/198 | Building OptiX acceleration structure
Fra:1 Mem:461.14M (Peak 503.96M) | Time:00:00.34 | Mem:40.65M, Peak:47.27M | Hanliu_Garden_Highpoly, ViewLayer | Updating Geometry BVH about_Tile0 82/198 | Building BVH
Fra:1 Mem:461.14M (Peak 503.96M) | Time:00:00.34 | Mem:40.65M, Peak:47.27M | Hanliu_Garden_Highpoly, ViewLayer | Updating Geometry BVH about_Tile0 82/198 | Building OptiX acceleration structure
Fra:1 Mem:461.24M (Peak 503.96M) | Time:00:00.34 | Mem:40.55M, Peak:47.27M | Hanliu_Garden_Highpoly, ViewLayer | Updating Geometry BVH about_Tile1 83/198 | Building BVH
Fra:1 Mem:461.24M (Peak 503.96M) | Time:00:00.34 | Mem:40.55M, Peak:47.27M | Hanliu_Garden_Highpoly, ViewLayer | Updating Geometry BVH about_Tile1 83/198 | Building OptiX acceleration structure
Fra:1 Mem:460.41M (Peak 503.96M) | Time:00:00.34 | Mem:40.65M, Peak:47.27M | Hanliu_Garden_Highpoly, ViewLayer | Updating Geometry BVH about_Tile3 84/198 | Building BVH
Fra:1 Mem:460.41M (Peak 503.96M) | Time:00:00.34 | Mem:40.65M, Peak:47.27M | Hanliu_Garden_Highpoly, ViewLayer | Updating Geometry BVH about_Tile3 84/198 | Building OptiX acceleration structure
Fra:1 Mem:460.46M (Peak 503.96M) | Time:00:00.34 | Mem:40.74M, Peak:47.27M | Hanliu_Garden_Highpoly, ViewLayer | Updating Geometry BVH about_Tile2 85/198 | Building BVH
Fra:1 Mem:460.46M (Peak 503.96M) | Time:00:00.34 | Mem:40.74M, Peak:47.27M | Hanliu_Garden_Highpoly, ViewLayer | Updating Geometry BVH about_Tile2 85/198 | Building OptiX acceleration structure
Fra:1 Mem:460.59M (Peak 503.96M) | Time:00:00.34 | Mem:40.88M, Peak:47.27M | Hanliu_Garden_Highpoly, ViewLayer | Updating Geometry BVH about_StoneLight.001 86/198 | Building BVH
Fra:1 Mem:460.59M (Peak 503.96M) | Time:00:00.34 | Mem:40.94M, Peak:47.27M | Hanliu_Garden_Highpoly, ViewLayer | Updating Geometry BVH about_StoneLight.001 86/198 | Building OptiX acceleration structure
Fra:1 Mem:460.57M (Peak 503.96M) | Time:00:00.34 | Mem:40.85M, Peak:47.27M | Hanliu_Garden_Highpoly, ViewLayer | Updating Geometry BVH about_Wood.002 87/198 | Building BVH
Fra:1 Mem:460.57M (Peak 503.96M) | Time:00:00.34 | Mem:40.85M, Peak:47.27M | Hanliu_Garden_Highpoly, ViewLayer | Updating Geometry BVH about_Wood.002 87/198 | Building OptiX acceleration structure
Fra:1 Mem:460.74M (Peak 503.96M) | Time:00:00.34 | Mem:41.20M, Peak:47.27M | Hanliu_Garden_Highpoly, ViewLayer | Updating Geometry BVH about_Tile1.001 88/198 | Building BVH
Fra:1 Mem:460.74M (Peak 503.96M) | Time:00:00.34 | Mem:41.20M, Peak:47.27M | Hanliu_Garden_Highpoly, ViewLayer | Updating Geometry BVH about_Tile1.001 88/198 | Building OptiX acceleration structure
Fra:1 Mem:460.91M (Peak 503.96M) | Time:00:00.34 | Mem:41.22M, Peak:47.27M | Hanliu_Garden_Highpoly, ViewLayer | Updating Geometry BVH birds_Orange 187/198 | Building BVH
Fra:1 Mem:460.91M (Peak 503.96M) | Time:00:00.34 | Mem:41.22M, Peak:47.27M | Hanliu_Garden_Highpoly, ViewLayer | Updating Geometry BVH birds_Orange 187/198 | Building OptiX acceleration structure
Fra:1 Mem:460.92M (Peak 503.96M) | Time:00:00.34 | Mem:41.23M, Peak:47.27M | Hanliu_Garden_Highpoly, ViewLayer | Updating Geometry BVH about_Tile2.001 89/198 | Building BVH
Fra:1 Mem:460.92M (Peak 503.96M) | Time:00:00.34 | Mem:41.36M, Peak:47.27M | Hanliu_Garden_Highpoly, ViewLayer | Updating Geometry BVH about_Tile2.001 89/198 | Building OptiX acceleration structure
Fra:1 Mem:460.97M (Peak 503.96M) | Time:00:00.34 | Mem:41.67M, Peak:47.27M | Hanliu_Garden_Highpoly, ViewLayer | Updating Geometry BVH about_Tile3.001 90/198 | Building BVH
Fra:1 Mem:460.97M (Peak 503.96M) | Time:00:00.34 | Mem:42.10M, Peak:47.27M | Hanliu_Garden_Highpoly, ViewLayer | Updating Geometry BVH about_Tile3.001 90/198 | Building OptiX acceleration structure
Fra:1 Mem:460.84M (Peak 503.96M) | Time:00:00.34 | Mem:41.35M, Peak:47.27M | Hanliu_Garden_Highpoly, ViewLayer | Updating Geometry BVH about_Tile0.001 91/198 | Building BVH
Fra:1 Mem:460.84M (Peak 503.96M) | Time:00:00.34 | Mem:41.37M, Peak:47.27M | Hanliu_Garden_Highpoly, ViewLayer | Updating Geometry BVH about_Tile0.001 91/198 | Building OptiX acceleration structure
Fra:1 Mem:460.91M (Peak 503.96M) | Time:00:00.34 | Mem:41.41M, Peak:47.27M | Hanliu_Garden_Highpoly, ViewLayer | Updating Geometry BVH about_WoodLight.001 92/198 | Building BVH
Fra:1 Mem:460.91M (Peak 503.96M) | Time:00:00.34 | Mem:42.04M, Peak:47.27M | Hanliu_Garden_Highpoly, ViewLayer | Updating Geometry BVH about_WoodLight.001 92/198 | Building OptiX acceleration structure
Fra:1 Mem:460.76M (Peak 503.96M) | Time:00:00.34 | Mem:42.91M, Peak:47.27M | Hanliu_Garden_Highpoly, ViewLayer | Updating Geometry BVH Inscription 友链 93/198 | Building BVH
Fra:1 Mem:460.76M (Peak 503.96M) | Time:00:00.34 | Mem:42.91M, Peak:47.27M | Hanliu_Garden_Highpoly, ViewLayer | Updating Geometry BVH Inscription 友链 93/198 | Building OptiX acceleration structure
Fra:1 Mem:461.34M (Peak 503.96M) | Time:00:00.34 | Mem:42.47M, Peak:47.27M | Hanliu_Garden_Highpoly, ViewLayer | Updating Geometry BVH friends_Wood 94/198 | Building BVH
Fra:1 Mem:461.34M (Peak 503.96M) | Time:00:00.34 | Mem:42.47M, Peak:47.27M | Hanliu_Garden_Highpoly, ViewLayer | Updating Geometry BVH friends_Wood 94/198 | Building OptiX acceleration structure
Fra:1 Mem:461.29M (Peak 503.96M) | Time:00:00.34 | Mem:42.53M, Peak:47.27M | Hanliu_Garden_Highpoly, ViewLayer | Updating Geometry BVH friends_WoodLight 95/198 | Building BVH
Fra:1 Mem:461.29M (Peak 503.96M) | Time:00:00.34 | Mem:42.86M, Peak:47.27M | Hanliu_Garden_Highpoly, ViewLayer | Updating Geometry BVH friends_WoodLight 95/198 | Building OptiX acceleration structure
Fra:1 Mem:461.15M (Peak 503.96M) | Time:00:00.34 | Mem:42.24M, Peak:47.27M | Hanliu_Garden_Highpoly, ViewLayer | Updating Geometry BVH friends_Ink 96/198 | Building BVH
Fra:1 Mem:461.15M (Peak 503.96M) | Time:00:00.34 | Mem:42.24M, Peak:47.27M | Hanliu_Garden_Highpoly, ViewLayer | Updating Geometry BVH friends_Ink 96/198 | Building OptiX acceleration structure
Fra:1 Mem:461.15M (Peak 503.96M) | Time:00:00.34 | Mem:43.10M, Peak:47.27M | Hanliu_Garden_Highpoly, ViewLayer | Updating Geometry BVH friends_Wood.001 97/198 | Building BVH
Fra:1 Mem:461.15M (Peak 503.96M) | Time:00:00.34 | Mem:43.10M, Peak:47.27M | Hanliu_Garden_Highpoly, ViewLayer | Updating Geometry BVH friends_Wood.001 97/198 | Building OptiX acceleration structure
Fra:1 Mem:461.00M (Peak 503.96M) | Time:00:00.34 | Mem:43.19M, Peak:47.27M | Hanliu_Garden_Highpoly, ViewLayer | Updating Geometry BVH friends_Tile1 98/198 | Building BVH
Fra:1 Mem:461.00M (Peak 503.96M) | Time:00:00.34 | Mem:43.19M, Peak:47.27M | Hanliu_Garden_Highpoly, ViewLayer | Updating Geometry BVH friends_Tile1 98/198 | Building OptiX acceleration structure
Fra:1 Mem:460.89M (Peak 503.96M) | Time:00:00.34 | Mem:42.34M, Peak:47.27M | Hanliu_Garden_Highpoly, ViewLayer | Updating Geometry BVH friends_Tile0 99/198 | Building BVH
Fra:1 Mem:460.89M (Peak 503.96M) | Time:00:00.34 | Mem:42.37M, Peak:47.27M | Hanliu_Garden_Highpoly, ViewLayer | Updating Geometry BVH friends_Tile0 99/198 | Building OptiX acceleration structure
Fra:1 Mem:460.89M (Peak 503.96M) | Time:00:00.34 | Mem:42.32M, Peak:47.27M | Hanliu_Garden_Highpoly, ViewLayer | Updating Geometry BVH birds_Ink.001 186/198 | Building BVH
Fra:1 Mem:460.89M (Peak 503.96M) | Time:00:00.34 | Mem:42.50M, Peak:47.27M | Hanliu_Garden_Highpoly, ViewLayer | Updating Geometry BVH birds_Ink.001 186/198 | Building OptiX acceleration structure
Fra:1 Mem:460.82M (Peak 503.96M) | Time:00:00.34 | Mem:42.33M, Peak:47.27M | Hanliu_Garden_Highpoly, ViewLayer | Updating Geometry BVH friends_Tile2 100/198 | Building BVH
Fra:1 Mem:460.82M (Peak 503.96M) | Time:00:00.34 | Mem:42.46M, Peak:47.27M | Hanliu_Garden_Highpoly, ViewLayer | Updating Geometry BVH friends_Tile2 100/198 | Building OptiX acceleration structure
Fra:1 Mem:460.84M (Peak 503.96M) | Time:00:00.34 | Mem:42.37M, Peak:47.27M | Hanliu_Garden_Highpoly, ViewLayer | Updating Geometry BVH friends_Tile3 101/198 | Building BVH
Fra:1 Mem:460.84M (Peak 503.96M) | Time:00:00.34 | Mem:42.68M, Peak:47.27M | Hanliu_Garden_Highpoly, ViewLayer | Updating Geometry BVH friends_Tile3 101/198 | Building OptiX acceleration structure
Fra:1 Mem:460.76M (Peak 503.96M) | Time:00:00.35 | Mem:42.36M, Peak:47.27M | Hanliu_Garden_Highpoly, ViewLayer | Updating Geometry BVH friends_Paper 102/198 | Building BVH
Fra:1 Mem:460.76M (Peak 503.96M) | Time:00:00.35 | Mem:42.36M, Peak:47.27M | Hanliu_Garden_Highpoly, ViewLayer | Updating Geometry BVH friends_Paper 102/198 | Building OptiX acceleration structure
Fra:1 Mem:460.76M (Peak 503.96M) | Time:00:00.35 | Mem:42.36M, Peak:47.27M | Hanliu_Garden_Highpoly, ViewLayer | Updating Geometry BVH Inscription 会客间 103/198 | Building BVH
Fra:1 Mem:460.76M (Peak 503.96M) | Time:00:00.35 | Mem:42.36M, Peak:47.27M | Hanliu_Garden_Highpoly, ViewLayer | Updating Geometry BVH Inscription 会客间 103/198 | Building OptiX acceleration structure
Fra:1 Mem:460.95M (Peak 503.96M) | Time:00:00.35 | Mem:43.26M, Peak:47.77M | Hanliu_Garden_Highpoly, ViewLayer | Updating Geometry BVH backyard_Stone 104/198 | Building BVH
Fra:1 Mem:460.95M (Peak 503.96M) | Time:00:00.35 | Mem:43.27M, Peak:47.77M | Hanliu_Garden_Highpoly, ViewLayer | Updating Geometry BVH backyard_Stone 104/198 | Building OptiX acceleration structure
Fra:1 Mem:460.95M (Peak 503.96M) | Time:00:00.35 | Mem:43.27M, Peak:47.77M | Hanliu_Garden_Highpoly, ViewLayer | Updating Geometry BVH backyard_StoneLight 105/198 | Building BVH
Fra:1 Mem:460.95M (Peak 503.96M) | Time:00:00.35 | Mem:43.27M, Peak:47.77M | Hanliu_Garden_Highpoly, ViewLayer | Updating Geometry BVH backyard_StoneLight 105/198 | Building OptiX acceleration structure
Fra:1 Mem:460.95M (Peak 503.96M) | Time:00:00.35 | Mem:43.27M, Peak:47.77M | Hanliu_Garden_Highpoly, ViewLayer | Updating Geometry BVH backyard_Wood 106/198 | Building BVH
Fra:1 Mem:460.95M (Peak 503.96M) | Time:00:00.35 | Mem:43.27M, Peak:47.77M | Hanliu_Garden_Highpoly, ViewLayer | Updating Geometry BVH backyard_Wood 106/198 | Building OptiX acceleration structure
Fra:1 Mem:460.97M (Peak 503.96M) | Time:00:00.35 | Mem:43.28M, Peak:47.77M | Hanliu_Garden_Highpoly, ViewLayer | Updating Geometry BVH backyard_WoodLight 107/198 | Building BVH
Fra:1 Mem:460.97M (Peak 503.96M) | Time:00:00.35 | Mem:43.35M, Peak:47.77M | Hanliu_Garden_Highpoly, ViewLayer | Updating Geometry BVH backyard_WoodLight 107/198 | Building OptiX acceleration structure
Fra:1 Mem:460.95M (Peak 503.96M) | Time:00:00.35 | Mem:43.77M, Peak:47.77M | Hanliu_Garden_Highpoly, ViewLayer | Updating Geometry BVH backyard_Tile2 108/198 | Building BVH
Fra:1 Mem:460.95M (Peak 503.96M) | Time:00:00.35 | Mem:43.77M, Peak:47.77M | Hanliu_Garden_Highpoly, ViewLayer | Updating Geometry BVH backyard_Tile2 108/198 | Building OptiX acceleration structure
Fra:1 Mem:461.33M (Peak 503.96M) | Time:00:00.35 | Mem:43.79M, Peak:47.77M | Hanliu_Garden_Highpoly, ViewLayer | Updating Geometry BVH backyard_Tile0 109/198 | Building BVH
Fra:1 Mem:461.33M (Peak 503.96M) | Time:00:00.35 | Mem:43.79M, Peak:47.77M | Hanliu_Garden_Highpoly, ViewLayer | Updating Geometry BVH backyard_Tile0 109/198 | Building OptiX acceleration structure
Fra:1 Mem:461.77M (Peak 503.96M) | Time:00:00.35 | Mem:44.31M, Peak:47.77M | Hanliu_Garden_Highpoly, ViewLayer | Updating Geometry BVH backyard_Tile1 110/198 | Building BVH
Fra:1 Mem:461.77M (Peak 503.96M) | Time:00:00.35 | Mem:44.31M, Peak:47.77M | Hanliu_Garden_Highpoly, ViewLayer | Updating Geometry BVH backyard_Tile1 110/198 | Building OptiX acceleration structure
Fra:1 Mem:462.23M (Peak 503.96M) | Time:00:00.35 | Mem:44.68M, Peak:47.77M | Hanliu_Garden_Highpoly, ViewLayer | Updating Geometry BVH birds_BirdWhite.001 185/198 | Building BVH
Fra:1 Mem:462.23M (Peak 503.96M) | Time:00:00.35 | Mem:44.78M, Peak:47.77M | Hanliu_Garden_Highpoly, ViewLayer | Updating Geometry BVH birds_BirdWhite.001 185/198 | Building OptiX acceleration structure
Fra:1 Mem:462.19M (Peak 503.96M) | Time:00:00.35 | Mem:44.69M, Peak:47.77M | Hanliu_Garden_Highpoly, ViewLayer | Updating Geometry BVH backyard_Tile1.001 111/198 | Building BVH
Fra:1 Mem:462.19M (Peak 503.96M) | Time:00:00.35 | Mem:44.69M, Peak:47.77M | Hanliu_Garden_Highpoly, ViewLayer | Updating Geometry BVH backyard_Tile1.001 111/198 | Building OptiX acceleration structure
Fra:1 Mem:462.19M (Peak 503.96M) | Time:00:00.35 | Mem:44.68M, Peak:47.77M | Hanliu_Garden_Highpoly, ViewLayer | Updating Geometry BVH backyard_Wood.001 112/198 | Building BVH
Fra:1 Mem:462.19M (Peak 503.96M) | Time:00:00.35 | Mem:44.68M, Peak:47.77M | Hanliu_Garden_Highpoly, ViewLayer | Updating Geometry BVH backyard_Wood.001 112/198 | Building OptiX acceleration structure
Fra:1 Mem:462.21M (Peak 503.96M) | Time:00:00.35 | Mem:44.71M, Peak:47.77M | Hanliu_Garden_Highpoly, ViewLayer | Updating Geometry BVH backyard_Ceramic 113/198 | Building BVH
Fra:1 Mem:462.21M (Peak 503.96M) | Time:00:00.35 | Mem:44.71M, Peak:47.77M | Hanliu_Garden_Highpoly, ViewLayer | Updating Geometry BVH backyard_Ceramic 113/198 | Building OptiX acceleration structure
Fra:1 Mem:461.10M (Peak 503.96M) | Time:00:00.35 | Mem:44.46M, Peak:49.88M | Hanliu_Garden_Highpoly, ViewLayer | Updating Geometry BVH backyard_White 114/198 | Building BVH
Fra:1 Mem:461.10M (Peak 503.96M) | Time:00:00.35 | Mem:44.47M, Peak:49.88M | Hanliu_Garden_Highpoly, ViewLayer | Updating Geometry BVH backyard_White 114/198 | Building OptiX acceleration structure
Fra:1 Mem:461.12M (Peak 503.96M) | Time:00:00.35 | Mem:44.51M, Peak:49.88M | Hanliu_Garden_Highpoly, ViewLayer | Updating Geometry BVH backyard_Paper 115/198 | Building BVH
Fra:1 Mem:461.12M (Peak 503.96M) | Time:00:00.35 | Mem:44.51M, Peak:49.88M | Hanliu_Garden_Highpoly, ViewLayer | Updating Geometry BVH backyard_Paper 115/198 | Building OptiX acceleration structure
Fra:1 Mem:461.12M (Peak 503.96M) | Time:00:00.35 | Mem:44.52M, Peak:49.88M | Hanliu_Garden_Highpoly, ViewLayer | Updating Geometry BVH site_Earth 116/198 | Building BVH
Fra:1 Mem:461.12M (Peak 503.96M) | Time:00:00.35 | Mem:44.56M, Peak:49.88M | Hanliu_Garden_Highpoly, ViewLayer | Updating Geometry BVH site_Earth 116/198 | Building OptiX acceleration structure
Fra:1 Mem:461.11M (Peak 503.96M) | Time:00:00.35 | Mem:44.55M, Peak:49.88M | Hanliu_Garden_Highpoly, ViewLayer | Updating Geometry BVH site_Stone 117/198 | Building BVH
Fra:1 Mem:461.11M (Peak 503.96M) | Time:00:00.35 | Mem:44.55M, Peak:49.88M | Hanliu_Garden_Highpoly, ViewLayer | Updating Geometry BVH site_Stone 117/198 | Building OptiX acceleration structure
Fra:1 Mem:461.91M (Peak 503.96M) | Time:00:00.35 | Mem:45.30M, Peak:49.88M | Hanliu_Garden_Highpoly, ViewLayer | Updating Geometry BVH site_PondBed 118/198 | Building BVH
Fra:1 Mem:461.91M (Peak 503.96M) | Time:00:00.35 | Mem:45.30M, Peak:49.88M | Hanliu_Garden_Highpoly, ViewLayer | Updating Geometry BVH site_PondBed 118/198 | Building OptiX acceleration structure
Fra:1 Mem:461.44M (Peak 503.96M) | Time:00:00.35 | Mem:45.21M, Peak:49.88M | Hanliu_Garden_Highpoly, ViewLayer | Updating Geometry BVH site_Water 119/198 | Building BVH
Fra:1 Mem:461.44M (Peak 503.96M) | Time:00:00.35 | Mem:45.21M, Peak:49.88M | Hanliu_Garden_Highpoly, ViewLayer | Updating Geometry BVH site_Water 119/198 | Building OptiX acceleration structure
Fra:1 Mem:460.99M (Peak 503.96M) | Time:00:00.35 | Mem:45.13M, Peak:49.88M | Hanliu_Garden_Highpoly, ViewLayer | Updating Geometry BVH site_Moss 120/198 | Building BVH
Fra:1 Mem:460.99M (Peak 503.96M) | Time:00:00.35 | Mem:45.13M, Peak:49.88M | Hanliu_Garden_Highpoly, ViewLayer | Updating Geometry BVH site_Moss 120/198 | Building OptiX acceleration structure
Fra:1 Mem:460.52M (Peak 503.96M) | Time:00:00.35 | Mem:45.06M, Peak:49.88M | Hanliu_Garden_Highpoly, ViewLayer | Updating Geometry BVH site_Stone.001 121/198 | Building BVH
Fra:1 Mem:460.52M (Peak 503.96M) | Time:00:00.35 | Mem:45.06M, Peak:49.88M | Hanliu_Garden_Highpoly, ViewLayer | Updating Geometry BVH site_Stone.001 121/198 | Building OptiX acceleration structure
Fra:1 Mem:460.74M (Peak 503.96M) | Time:00:00.35 | Mem:45.27M, Peak:49.88M | Hanliu_Garden_Highpoly, ViewLayer | Updating Geometry BVH birds_BirdGrey 184/198 | Building BVH
Fra:1 Mem:460.74M (Peak 503.96M) | Time:00:00.35 | Mem:45.28M, Peak:49.88M | Hanliu_Garden_Highpoly, ViewLayer | Updating Geometry BVH birds_BirdGrey 184/198 | Building OptiX acceleration structure
Fra:1 Mem:460.86M (Peak 503.96M) | Time:00:00.36 | Mem:45.53M, Peak:49.88M | Hanliu_Garden_Highpoly, ViewLayer | Updating Geometry BVH site_StoneLight 122/198 | Building BVH
Fra:1 Mem:460.86M (Peak 503.96M) | Time:00:00.36 | Mem:45.53M, Peak:49.88M | Hanliu_Garden_Highpoly, ViewLayer | Updating Geometry BVH site_StoneLight 122/198 | Building OptiX acceleration structure
Fra:1 Mem:461.05M (Peak 503.96M) | Time:00:00.36 | Mem:45.66M, Peak:49.88M | Hanliu_Garden_Highpoly, ViewLayer | Updating Geometry BVH site_Mortar 123/198 | Building BVH
Fra:1 Mem:461.05M (Peak 503.96M) | Time:00:00.36 | Mem:45.66M, Peak:49.88M | Hanliu_Garden_Highpoly, ViewLayer | Updating Geometry BVH site_Mortar 123/198 | Building OptiX acceleration structure
Fra:1 Mem:461.35M (Peak 503.96M) | Time:00:00.36 | Mem:46.02M, Peak:49.88M | Hanliu_Garden_Highpoly, ViewLayer | Updating Geometry BVH site_Backdrop 124/198 | Building BVH
Fra:1 Mem:461.35M (Peak 503.96M) | Time:00:00.36 | Mem:46.02M, Peak:49.88M | Hanliu_Garden_Highpoly, ViewLayer | Updating Geometry BVH site_Backdrop 124/198 | Building OptiX acceleration structure
Fra:1 Mem:461.33M (Peak 503.96M) | Time:00:00.36 | Mem:45.92M, Peak:49.88M | Hanliu_Garden_Highpoly, ViewLayer | Updating Geometry BVH site_StoneLight.001 125/198 | Building BVH
Fra:1 Mem:461.33M (Peak 503.96M) | Time:00:00.36 | Mem:45.92M, Peak:49.88M | Hanliu_Garden_Highpoly, ViewLayer | Updating Geometry BVH site_StoneLight.001 125/198 | Building OptiX acceleration structure
Fra:1 Mem:461.74M (Peak 503.96M) | Time:00:00.36 | Mem:46.37M, Peak:49.88M | Hanliu_Garden_Highpoly, ViewLayer | Updating Geometry BVH site_Plaster 126/198 | Building BVH
Fra:1 Mem:461.74M (Peak 503.96M) | Time:00:00.36 | Mem:46.37M, Peak:49.88M | Hanliu_Garden_Highpoly, ViewLayer | Updating Geometry BVH site_Plaster 126/198 | Building OptiX acceleration structure
Fra:1 Mem:461.73M (Peak 503.96M) | Time:00:00.36 | Mem:46.33M, Peak:49.88M | Hanliu_Garden_Highpoly, ViewLayer | Updating Geometry BVH site_Tile1 127/198 | Building BVH
Fra:1 Mem:461.73M (Peak 503.96M) | Time:00:00.36 | Mem:46.33M, Peak:49.88M | Hanliu_Garden_Highpoly, ViewLayer | Updating Geometry BVH site_Tile1 127/198 | Building OptiX acceleration structure
Fra:1 Mem:461.36M (Peak 503.96M) | Time:00:00.36 | Mem:46.83M, Peak:50.64M | Hanliu_Garden_Highpoly, ViewLayer | Updating Geometry BVH site_Leaf2 128/198 | Building BVH
Fra:1 Mem:461.36M (Peak 503.96M) | Time:00:00.36 | Mem:46.83M, Peak:50.64M | Hanliu_Garden_Highpoly, ViewLayer | Updating Geometry BVH site_Leaf2 128/198 | Building OptiX acceleration structure
Fra:1 Mem:461.39M (Peak 503.96M) | Time:00:00.36 | Mem:46.84M, Peak:50.64M | Hanliu_Garden_Highpoly, ViewLayer | Updating Geometry BVH site_Leaf3 129/198 | Building BVH
Fra:1 Mem:461.39M (Peak 503.96M) | Time:00:00.36 | Mem:46.85M, Peak:50.64M | Hanliu_Garden_Highpoly, ViewLayer | Updating Geometry BVH site_Leaf3 129/198 | Building OptiX acceleration structure
Fra:1 Mem:461.39M (Peak 503.96M) | Time:00:00.36 | Mem:46.85M, Peak:50.64M | Hanliu_Garden_Highpoly, ViewLayer | Updating Geometry BVH site_PalePink 130/198 | Building BVH
Fra:1 Mem:461.39M (Peak 503.96M) | Time:00:00.36 | Mem:46.85M, Peak:50.64M | Hanliu_Garden_Highpoly, ViewLayer | Updating Geometry BVH site_PalePink 130/198 | Building OptiX acceleration structure
Fra:1 Mem:461.62M (Peak 503.96M) | Time:00:00.36 | Mem:48.16M, Peak:50.64M | Hanliu_Garden_Highpoly, ViewLayer | Updating Geometry BVH site_Pink 131/198 | Building BVH
Fra:1 Mem:461.62M (Peak 503.96M) | Time:00:00.36 | Mem:48.16M, Peak:50.64M | Hanliu_Garden_Highpoly, ViewLayer | Updating Geometry BVH site_Pink 131/198 | Building OptiX acceleration structure
Fra:1 Mem:461.59M (Peak 503.96M) | Time:00:00.36 | Mem:47.85M, Peak:50.64M | Hanliu_Garden_Highpoly, ViewLayer | Updating Geometry BVH site_Leaf0 132/198 | Building BVH
Fra:1 Mem:461.59M (Peak 503.96M) | Time:00:00.36 | Mem:47.85M, Peak:50.64M | Hanliu_Garden_Highpoly, ViewLayer | Updating Geometry BVH site_Leaf0 132/198 | Building OptiX acceleration structure
Fra:1 Mem:461.50M (Peak 503.96M) | Time:00:00.36 | Mem:47.31M, Peak:50.64M | Hanliu_Garden_Highpoly, ViewLayer | Updating Geometry BVH birds_Ink 183/198 | Building BVH
Fra:1 Mem:461.50M (Peak 503.96M) | Time:00:00.36 | Mem:47.78M, Peak:50.64M | Hanliu_Garden_Highpoly, ViewLayer | Updating Geometry BVH birds_Ink 183/198 | Building OptiX acceleration structure
Fra:1 Mem:461.30M (Peak 503.96M) | Time:00:00.36 | Mem:47.32M, Peak:50.64M | Hanliu_Garden_Highpoly, ViewLayer | Updating Geometry BVH bridge_StoneLight 133/198 | Building BVH
Fra:1 Mem:461.30M (Peak 503.96M) | Time:00:00.36 | Mem:47.32M, Peak:50.64M | Hanliu_Garden_Highpoly, ViewLayer | Updating Geometry BVH bridge_StoneLight 133/198 | Building OptiX acceleration structure
Fra:1 Mem:461.10M (Peak 503.96M) | Time:00:00.36 | Mem:47.44M, Peak:50.64M | Hanliu_Garden_Highpoly, ViewLayer | Updating Geometry BVH bridge_StoneLight.001 134/198 | Building BVH
Fra:1 Mem:461.10M (Peak 503.96M) | Time:00:00.36 | Mem:47.44M, Peak:50.64M | Hanliu_Garden_Highpoly, ViewLayer | Updating Geometry BVH bridge_StoneLight.001 134/198 | Building OptiX acceleration structure
Fra:1 Mem:461.43M (Peak 503.96M) | Time:00:00.36 | Mem:48.65M, Peak:50.64M | Hanliu_Garden_Highpoly, ViewLayer | Updating Geometry BVH planting_Wood 135/198 | Building BVH
Fra:1 Mem:461.43M (Peak 503.96M) | Time:00:00.36 | Mem:48.65M, Peak:50.64M | Hanliu_Garden_Highpoly, ViewLayer | Updating Geometry BVH planting_Wood 135/198 | Building OptiX acceleration structure
Fra:1 Mem:461.22M (Peak 503.96M) | Time:00:00.36 | Mem:48.03M, Peak:50.64M | Hanliu_Garden_Highpoly, ViewLayer | Updating Geometry BVH planting_WoodLight 136/198 | Building BVH
Fra:1 Mem:461.22M (Peak 503.96M) | Time:00:00.36 | Mem:48.03M, Peak:50.64M | Hanliu_Garden_Highpoly, ViewLayer | Updating Geometry BVH planting_WoodLight 136/198 | Building OptiX acceleration structure
Fra:1 Mem:462.88M (Peak 503.96M) | Time:00:00.36 | Mem:51.73M, Peak:51.73M | Hanliu_Garden_Highpoly, ViewLayer | Updating Geometry BVH planting_Leaf2 137/198 | Building BVH
Fra:1 Mem:462.88M (Peak 503.96M) | Time:00:00.36 | Mem:51.73M, Peak:51.73M | Hanliu_Garden_Highpoly, ViewLayer | Updating Geometry BVH planting_Leaf2 137/198 | Building OptiX acceleration structure
Fra:1 Mem:468.91M (Peak 503.96M) | Time:00:00.36 | Mem:52.62M, Peak:52.62M | Hanliu_Garden_Highpoly, ViewLayer | Updating Geometry BVH planting_Leaf0 138/198 | Building BVH
Fra:1 Mem:468.91M (Peak 503.96M) | Time:00:00.36 | Mem:52.62M, Peak:52.62M | Hanliu_Garden_Highpoly, ViewLayer | Updating Geometry BVH planting_Leaf0 138/198 | Building OptiX acceleration structure
Fra:1 Mem:475.41M (Peak 503.96M) | Time:00:00.36 | Mem:59.03M, Peak:59.03M | Hanliu_Garden_Highpoly, ViewLayer | Updating Geometry BVH planting_Leaf1 139/198 | Building BVH
Fra:1 Mem:475.41M (Peak 503.96M) | Time:00:00.36 | Mem:59.03M, Peak:59.03M | Hanliu_Garden_Highpoly, ViewLayer | Updating Geometry BVH planting_Leaf1 139/198 | Building OptiX acceleration structure
Fra:1 Mem:481.94M (Peak 503.96M) | Time:00:00.37 | Mem:62.62M, Peak:62.66M | Hanliu_Garden_Highpoly, ViewLayer | Updating Geometry BVH planting_Wood.001 140/198 | Building BVH
Fra:1 Mem:481.94M (Peak 503.96M) | Time:00:00.37 | Mem:63.12M, Peak:63.12M | Hanliu_Garden_Highpoly, ViewLayer | Updating Geometry BVH planting_Wood.001 140/198 | Building OptiX acceleration structure
Fra:1 Mem:481.76M (Peak 503.96M) | Time:00:00.37 | Mem:70.11M, Peak:70.11M | Hanliu_Garden_Highpoly, ViewLayer | Updating Geometry BVH planting_Leaf4 141/198 | Building BVH
Fra:1 Mem:481.76M (Peak 503.96M) | Time:00:00.37 | Mem:70.11M, Peak:70.11M | Hanliu_Garden_Highpoly, ViewLayer | Updating Geometry BVH planting_Leaf4 141/198 | Building OptiX acceleration structure
Fra:1 Mem:481.82M (Peak 503.96M) | Time:00:00.37 | Mem:69.53M, Peak:70.37M | Hanliu_Garden_Highpoly, ViewLayer | Updating Geometry BVH planting_PalePink 142/198 | Building BVH
Fra:1 Mem:481.82M (Peak 503.96M) | Time:00:00.37 | Mem:69.53M, Peak:70.37M | Hanliu_Garden_Highpoly, ViewLayer | Updating Geometry BVH planting_PalePink 142/198 | Building OptiX acceleration structure
Fra:1 Mem:484.72M (Peak 503.96M) | Time:00:00.37 | Mem:69.41M, Peak:70.37M | Hanliu_Garden_Highpoly, ViewLayer | Updating Geometry BVH planting_Leaf3 143/198 | Building BVH
Fra:1 Mem:484.72M (Peak 503.96M) | Time:00:00.37 | Mem:69.48M, Peak:70.37M | Hanliu_Garden_Highpoly, ViewLayer | Updating Geometry BVH planting_Leaf3 143/198 | Building OptiX acceleration structure
Fra:1 Mem:487.32M (Peak 503.96M) | Time:00:00.37 | Mem:69.68M, Peak:70.37M | Hanliu_Garden_Highpoly, ViewLayer | Updating Geometry BVH birds_BirdWhite 182/198 | Building BVH
Fra:1 Mem:487.32M (Peak 503.96M) | Time:00:00.37 | Mem:70.20M, Peak:70.37M | Hanliu_Garden_Highpoly, ViewLayer | Updating Geometry BVH birds_BirdWhite 182/198 | Building OptiX acceleration structure
Fra:1 Mem:487.35M (Peak 503.96M) | Time:00:00.37 | Mem:75.81M, Peak:75.81M | Hanliu_Garden_Highpoly, ViewLayer | Updating Geometry BVH planting_Leaf0.001 144/198 | Building BVH
Fra:1 Mem:487.35M (Peak 503.96M) | Time:00:00.37 | Mem:75.81M, Peak:75.81M | Hanliu_Garden_Highpoly, ViewLayer | Updating Geometry BVH planting_Leaf0.001 144/198 | Building OptiX acceleration structure
Fra:1 Mem:487.29M (Peak 503.96M) | Time:00:00.37 | Mem:76.32M, Peak:76.92M | Hanliu_Garden_Highpoly, ViewLayer | Updating Geometry BVH planting_Wood.002 145/198 | Building BVH
Fra:1 Mem:487.29M (Peak 503.96M) | Time:00:00.37 | Mem:76.32M, Peak:76.92M | Hanliu_Garden_Highpoly, ViewLayer | Updating Geometry BVH planting_Wood.002 145/198 | Building OptiX acceleration structure
Fra:1 Mem:487.14M (Peak 503.96M) | Time:00:00.37 | Mem:75.39M, Peak:76.92M | Hanliu_Garden_Highpoly, ViewLayer | Updating Geometry BVH planting_Leaf4.001 146/198 | Building BVH
Fra:1 Mem:487.14M (Peak 503.96M) | Time:00:00.37 | Mem:75.39M, Peak:76.92M | Hanliu_Garden_Highpoly, ViewLayer | Updating Geometry BVH planting_Leaf4.001 146/198 | Building OptiX acceleration structure
Fra:1 Mem:485.73M (Peak 503.96M) | Time:00:00.37 | Mem:75.45M, Peak:83.80M | Hanliu_Garden_Highpoly, ViewLayer | Updating Geometry BVH planting_Leaf0.002 147/198 | Building BVH
Fra:1 Mem:485.73M (Peak 503.96M) | Time:00:00.37 | Mem:75.45M, Peak:83.80M | Hanliu_Garden_Highpoly, ViewLayer | Updating Geometry BVH planting_Leaf0.002 147/198 | Building OptiX acceleration structure
Fra:1 Mem:479.54M (Peak 503.96M) | Time:00:00.37 | Mem:73.49M, Peak:99.23M | Hanliu_Garden_Highpoly, ViewLayer | Updating Geometry BVH planting_Leaf3.001 148/198 | Building BVH
Fra:1 Mem:479.54M (Peak 503.96M) | Time:00:00.37 | Mem:73.49M, Peak:99.23M | Hanliu_Garden_Highpoly, ViewLayer | Updating Geometry BVH planting_Leaf3.001 148/198 | Building OptiX acceleration structure
Fra:1 Mem:473.27M (Peak 503.96M) | Time:00:00.38 | Mem:71.60M, Peak:99.23M | Hanliu_Garden_Highpoly, ViewLayer | Updating Geometry BVH planting_Wood.003 149/198 | Building BVH
Fra:1 Mem:473.27M (Peak 503.96M) | Time:00:00.38 | Mem:71.74M, Peak:99.23M | Hanliu_Garden_Highpoly, ViewLayer | Updating Geometry BVH planting_Wood.003 149/198 | Building OptiX acceleration structure
Fra:1 Mem:473.27M (Peak 503.96M) | Time:00:00.38 | Mem:71.53M, Peak:99.23M | Hanliu_Garden_Highpoly, ViewLayer | Updating Geometry BVH planting_Leaf4.002 150/198 | Building BVH
Fra:1 Mem:473.27M (Peak 503.96M) | Time:00:00.38 | Mem:71.53M, Peak:99.23M | Hanliu_Garden_Highpoly, ViewLayer | Updating Geometry BVH planting_Leaf4.002 150/198 | Building OptiX acceleration structure
Fra:1 Mem:466.98M (Peak 503.96M) | Time:00:00.38 | Mem:70.48M, Peak:99.23M | Hanliu_Garden_Highpoly, ViewLayer | Updating Geometry BVH planting_Leaf3.002 151/198 | Building BVH
Fra:1 Mem:466.98M (Peak 503.96M) | Time:00:00.38 | Mem:70.48M, Peak:99.23M | Hanliu_Garden_Highpoly, ViewLayer | Updating Geometry BVH planting_Leaf3.002 151/198 | Building OptiX acceleration structure
Fra:1 Mem:467.00M (Peak 503.96M) | Time:00:00.38 | Mem:70.68M, Peak:99.23M | Hanliu_Garden_Highpoly, ViewLayer | Updating Geometry BVH planting_Leaf0.003 152/198 | Building BVH
Fra:1 Mem:467.00M (Peak 503.96M) | Time:00:00.38 | Mem:70.68M, Peak:99.23M | Hanliu_Garden_Highpoly, ViewLayer | Updating Geometry BVH planting_Leaf0.003 152/198 | Building OptiX acceleration structure
Fra:1 Mem:466.99M (Peak 503.96M) | Time:00:00.38 | Mem:69.81M, Peak:99.23M | Hanliu_Garden_Highpoly, ViewLayer | Updating Geometry BVH planting_Wood.004 153/198 | Building BVH
Fra:1 Mem:466.99M (Peak 503.96M) | Time:00:00.38 | Mem:69.81M, Peak:99.23M | Hanliu_Garden_Highpoly, ViewLayer | Updating Geometry BVH planting_Wood.004 153/198 | Building OptiX acceleration structure
Fra:1 Mem:461.77M (Peak 503.96M) | Time:00:00.38 | Mem:68.88M, Peak:99.23M | Hanliu_Garden_Highpoly, ViewLayer | Updating Geometry BVH planting_Leaf4.003 154/198 | Building BVH
Fra:1 Mem:461.77M (Peak 503.96M) | Time:00:00.38 | Mem:68.88M, Peak:99.23M | Hanliu_Garden_Highpoly, ViewLayer | Updating Geometry BVH planting_Leaf4.003 154/198 | Building OptiX acceleration structure
Fra:1 Mem:461.89M (Peak 503.96M) | Time:00:00.38 | Mem:68.48M, Peak:99.23M | Hanliu_Garden_Highpoly, ViewLayer | Updating Geometry BVH planting_Leaf1.001 181/198 | Building BVH
Fra:1 Mem:461.89M (Peak 503.96M) | Time:00:00.38 | Mem:68.92M, Peak:99.23M | Hanliu_Garden_Highpoly, ViewLayer | Updating Geometry BVH planting_Leaf1.001 181/198 | Building OptiX acceleration structure
Fra:1 Mem:461.74M (Peak 503.96M) | Time:00:00.38 | Mem:68.73M, Peak:99.23M | Hanliu_Garden_Highpoly, ViewLayer | Updating Geometry BVH planting_Leaf3.003 155/198 | Building BVH
Fra:1 Mem:461.74M (Peak 503.96M) | Time:00:00.38 | Mem:68.73M, Peak:99.23M | Hanliu_Garden_Highpoly, ViewLayer | Updating Geometry BVH planting_Leaf3.003 155/198 | Building OptiX acceleration structure
Fra:1 Mem:461.94M (Peak 503.96M) | Time:00:00.38 | Mem:69.16M, Peak:99.23M | Hanliu_Garden_Highpoly, ViewLayer | Updating Geometry BVH planting_Leaf0.004 156/198 | Building BVH
Fra:1 Mem:461.94M (Peak 503.96M) | Time:00:00.38 | Mem:69.68M, Peak:99.23M | Hanliu_Garden_Highpoly, ViewLayer | Updating Geometry BVH planting_Leaf0.004 156/198 | Building OptiX acceleration structure
Fra:1 Mem:461.95M (Peak 503.96M) | Time:00:00.38 | Mem:69.86M, Peak:99.23M | Hanliu_Garden_Highpoly, ViewLayer | Updating Geometry BVH planting_Wood.005 157/198 | Building BVH
Fra:1 Mem:461.95M (Peak 503.96M) | Time:00:00.38 | Mem:69.86M, Peak:99.23M | Hanliu_Garden_Highpoly, ViewLayer | Updating Geometry BVH planting_Wood.005 157/198 | Building OptiX acceleration structure
Fra:1 Mem:461.74M (Peak 503.96M) | Time:00:00.38 | Mem:69.75M, Peak:99.23M | Hanliu_Garden_Highpoly, ViewLayer | Updating Geometry BVH planting_Leaf4.004 158/198 | Building BVH
Fra:1 Mem:461.74M (Peak 503.96M) | Time:00:00.38 | Mem:69.75M, Peak:99.23M | Hanliu_Garden_Highpoly, ViewLayer | Updating Geometry BVH planting_Leaf4.004 158/198 | Building OptiX acceleration structure
Fra:1 Mem:461.73M (Peak 503.96M) | Time:00:00.38 | Mem:69.19M, Peak:99.23M | Hanliu_Garden_Highpoly, ViewLayer | Updating Geometry BVH planting_Pink 159/198 | Building BVH
Fra:1 Mem:461.73M (Peak 503.96M) | Time:00:00.38 | Mem:69.19M, Peak:99.23M | Hanliu_Garden_Highpoly, ViewLayer | Updating Geometry BVH planting_Pink 159/198 | Building OptiX acceleration structure
Fra:1 Mem:464.61M (Peak 503.96M) | Time:00:00.38 | Mem:69.89M, Peak:99.23M | Hanliu_Garden_Highpoly, ViewLayer | Updating Geometry BVH planting_Leaf0.005 160/198 | Building BVH
Fra:1 Mem:464.61M (Peak 503.96M) | Time:00:00.38 | Mem:69.89M, Peak:99.23M | Hanliu_Garden_Highpoly, ViewLayer | Updating Geometry BVH planting_Leaf0.005 160/198 | Building OptiX acceleration structure
Fra:1 Mem:466.96M (Peak 503.96M) | Time:00:00.39 | Mem:74.35M, Peak:99.23M | Hanliu_Garden_Highpoly, ViewLayer | Updating Geometry BVH planting_Leaf3.004 161/198 | Building BVH
Fra:1 Mem:466.96M (Peak 503.96M) | Time:00:00.39 | Mem:75.35M, Peak:99.23M | Hanliu_Garden_Highpoly, ViewLayer | Updating Geometry BVH planting_Leaf3.004 161/198 | Building OptiX acceleration structure
Fra:1 Mem:466.95M (Peak 503.96M) | Time:00:00.39 | Mem:74.92M, Peak:99.23M | Hanliu_Garden_Highpoly, ViewLayer | Updating Geometry BVH planting_Wood.006 162/198 | Building BVH
Fra:1 Mem:466.95M (Peak 503.96M) | Time:00:00.39 | Mem:75.44M, Peak:99.23M | Hanliu_Garden_Highpoly, ViewLayer | Updating Geometry BVH planting_Wood.006 162/198 | Building OptiX acceleration structure
Fra:1 Mem:466.75M (Peak 503.96M) | Time:00:00.39 | Mem:74.69M, Peak:99.23M | Hanliu_Garden_Highpoly, ViewLayer | Updating Geometry BVH planting_Leaf4.005 163/198 | Building BVH
Fra:1 Mem:466.75M (Peak 503.96M) | Time:00:00.39 | Mem:74.69M, Peak:99.23M | Hanliu_Garden_Highpoly, ViewLayer | Updating Geometry BVH planting_Leaf4.005 163/198 | Building OptiX acceleration structure
Fra:1 Mem:466.96M (Peak 503.96M) | Time:00:00.39 | Mem:75.66M, Peak:99.23M | Hanliu_Garden_Highpoly, ViewLayer | Updating Geometry BVH planting_Leaf0.006 164/198 | Building BVH
Fra:1 Mem:466.96M (Peak 503.96M) | Time:00:00.39 | Mem:75.66M, Peak:99.23M | Hanliu_Garden_Highpoly, ViewLayer | Updating Geometry BVH planting_Leaf0.006 164/198 | Building OptiX acceleration structure
Fra:1 Mem:466.96M (Peak 503.96M) | Time:00:00.39 | Mem:75.37M, Peak:99.23M | Hanliu_Garden_Highpoly, ViewLayer | Updating Geometry BVH planting_Leaf3.005 165/198 | Building BVH
Fra:1 Mem:466.96M (Peak 503.96M) | Time:00:00.39 | Mem:75.37M, Peak:99.23M | Hanliu_Garden_Highpoly, ViewLayer | Updating Geometry BVH planting_Leaf3.005 165/198 | Building OptiX acceleration structure
Fra:1 Mem:467.11M (Peak 503.96M) | Time:00:00.39 | Mem:76.01M, Peak:99.23M | Hanliu_Garden_Highpoly, ViewLayer | Updating Geometry BVH planting_Leaf2.001 180/198 | Building BVH
Fra:1 Mem:467.11M (Peak 503.96M) | Time:00:00.39 | Mem:76.01M, Peak:99.23M | Hanliu_Garden_Highpoly, ViewLayer | Updating Geometry BVH planting_Leaf2.001 180/198 | Building OptiX acceleration structure
Fra:1 Mem:467.58M (Peak 503.96M) | Time:00:00.39 | Mem:76.15M, Peak:99.23M | Hanliu_Garden_Highpoly, ViewLayer | Updating Geometry BVH planting_Wood.007 166/198 | Building BVH
Fra:1 Mem:467.58M (Peak 503.96M) | Time:00:00.39 | Mem:76.70M, Peak:99.23M | Hanliu_Garden_Highpoly, ViewLayer | Updating Geometry BVH planting_Wood.007 166/198 | Building OptiX acceleration structure
Fra:1 Mem:467.36M (Peak 503.96M) | Time:00:00.39 | Mem:75.88M, Peak:99.23M | Hanliu_Garden_Highpoly, ViewLayer | Updating Geometry BVH planting_Leaf4.006 167/198 | Building BVH
Fra:1 Mem:467.36M (Peak 503.96M) | Time:00:00.39 | Mem:75.88M, Peak:99.23M | Hanliu_Garden_Highpoly, ViewLayer | Updating Geometry BVH planting_Leaf4.006 167/198 | Building OptiX acceleration structure
Fra:1 Mem:467.59M (Peak 503.96M) | Time:00:00.39 | Mem:76.84M, Peak:99.23M | Hanliu_Garden_Highpoly, ViewLayer | Updating Geometry BVH planting_Leaf0.007 168/198 | Building BVH
Fra:1 Mem:467.59M (Peak 503.96M) | Time:00:00.39 | Mem:76.84M, Peak:99.23M | Hanliu_Garden_Highpoly, ViewLayer | Updating Geometry BVH planting_Leaf0.007 168/198 | Building OptiX acceleration structure
Fra:1 Mem:467.59M (Peak 503.96M) | Time:00:00.39 | Mem:77.01M, Peak:99.23M | Hanliu_Garden_Highpoly, ViewLayer | Updating Geometry BVH planting_Leaf3.006 169/198 | Building BVH
Fra:1 Mem:467.59M (Peak 503.96M) | Time:00:00.39 | Mem:77.01M, Peak:99.23M | Hanliu_Garden_Highpoly, ViewLayer | Updating Geometry BVH planting_Leaf3.006 169/198 | Building OptiX acceleration structure
Fra:1 Mem:467.58M (Peak 503.96M) | Time:00:00.39 | Mem:76.17M, Peak:99.23M | Hanliu_Garden_Highpoly, ViewLayer | Updating Geometry BVH planting_Wood.008 170/198 | Building BVH
Fra:1 Mem:467.58M (Peak 503.96M) | Time:00:00.39 | Mem:76.17M, Peak:99.23M | Hanliu_Garden_Highpoly, ViewLayer | Updating Geometry BVH planting_Wood.008 170/198 | Building OptiX acceleration structure
Fra:1 Mem:462.36M (Peak 503.96M) | Time:00:00.39 | Mem:75.65M, Peak:100.19M | Hanliu_Garden_Highpoly, ViewLayer | Updating Geometry BVH planting_Leaf0.008 171/198 | Building BVH
Fra:1 Mem:462.36M (Peak 503.96M) | Time:00:00.39 | Mem:75.65M, Peak:100.19M | Hanliu_Garden_Highpoly, ViewLayer | Updating Geometry BVH planting_Leaf0.008 171/198 | Building OptiX acceleration structure
Fra:1 Mem:462.35M (Peak 503.96M) | Time:00:00.39 | Mem:75.05M, Peak:100.19M | Hanliu_Garden_Highpoly, ViewLayer | Updating Geometry BVH planting_Leaf4.007 172/198 | Building BVH
Fra:1 Mem:462.35M (Peak 503.96M) | Time:00:00.39 | Mem:75.05M, Peak:100.19M | Hanliu_Garden_Highpoly, ViewLayer | Updating Geometry BVH planting_Leaf4.007 172/198 | Building OptiX acceleration structure
Fra:1 Mem:462.56M (Peak 503.96M) | Time:00:00.39 | Mem:76.04M, Peak:100.19M | Hanliu_Garden_Highpoly, ViewLayer | Updating Geometry BVH planting_Leaf3.007 173/198 | Building BVH
Fra:1 Mem:462.56M (Peak 503.96M) | Time:00:00.39 | Mem:76.04M, Peak:100.19M | Hanliu_Garden_Highpoly, ViewLayer | Updating Geometry BVH planting_Leaf3.007 173/198 | Building OptiX acceleration structure
Fra:1 Mem:462.56M (Peak 503.96M) | Time:00:00.39 | Mem:75.64M, Peak:100.19M | Hanliu_Garden_Highpoly, ViewLayer | Updating Geometry BVH planting_Wood.009 174/198 | Building BVH
Fra:1 Mem:462.56M (Peak 503.96M) | Time:00:00.39 | Mem:76.17M, Peak:100.19M | Hanliu_Garden_Highpoly, ViewLayer | Updating Geometry BVH planting_Wood.009 174/198 | Building OptiX acceleration structure
Fra:1 Mem:462.35M (Peak 503.96M) | Time:00:00.39 | Mem:75.57M, Peak:100.19M | Hanliu_Garden_Highpoly, ViewLayer | Updating Geometry BVH planting_Leaf4.008 175/198 | Building BVH
Fra:1 Mem:462.35M (Peak 503.96M) | Time:00:00.39 | Mem:76.09M, Peak:100.19M | Hanliu_Garden_Highpoly, ViewLayer | Updating Geometry BVH planting_Leaf4.008 175/198 | Building OptiX acceleration structure
Fra:1 Mem:462.27M (Peak 503.96M) | Time:00:00.40 | Mem:75.20M, Peak:100.19M | Hanliu_Garden_Highpoly, ViewLayer | Updating Geometry BVH planting_Yellow 176/198 | Building BVH
Fra:1 Mem:462.27M (Peak 503.96M) | Time:00:00.40 | Mem:75.20M, Peak:100.19M | Hanliu_Garden_Highpoly, ViewLayer | Updating Geometry BVH planting_Yellow 176/198 | Building OptiX acceleration structure
Fra:1 Mem:462.17M (Peak 503.96M) | Time:00:00.40 | Mem:75.59M, Peak:100.19M | Hanliu_Garden_Highpoly, ViewLayer | Updating Geometry BVH planting_White 179/198 | Building BVH
Fra:1 Mem:462.17M (Peak 503.96M) | Time:00:00.40 | Mem:75.70M, Peak:100.19M | Hanliu_Garden_Highpoly, ViewLayer | Updating Geometry BVH planting_White 179/198 | Building OptiX acceleration structure
Fra:1 Mem:462.24M (Peak 503.96M) | Time:00:00.40 | Mem:76.17M, Peak:100.19M | Hanliu_Garden_Highpoly, ViewLayer | Updating Geometry BVH planting_Leaf0.009 177/198 | Building BVH
Fra:1 Mem:462.24M (Peak 503.96M) | Time:00:00.40 | Mem:76.73M, Peak:100.19M | Hanliu_Garden_Highpoly, ViewLayer | Updating Geometry BVH planting_Leaf0.009 177/198 | Building OptiX acceleration structure
Fra:1 Mem:462.13M (Peak 503.96M) | Time:00:00.40 | Mem:76.72M, Peak:100.19M | Hanliu_Garden_Highpoly, ViewLayer | Updating Geometry BVH planting_Leaf3.008 178/198 | Building BVH
Fra:1 Mem:462.13M (Peak 503.96M) | Time:00:00.40 | Mem:76.72M, Peak:100.19M | Hanliu_Garden_Highpoly, ViewLayer | Updating Geometry BVH planting_Leaf3.008 178/198 | Building OptiX acceleration structure
Fra:1 Mem:459.63M (Peak 503.96M) | Time:00:00.40 | Mem:75.33M, Peak:100.19M | Hanliu_Garden_Highpoly, ViewLayer | Updating Scene BVH | Building
Fra:1 Mem:459.63M (Peak 503.96M) | Time:00:00.40 | Mem:75.33M, Peak:100.19M | Hanliu_Garden_Highpoly, ViewLayer | Updating Scene BVH | Building OptiX acceleration structure
Fra:1 Mem:459.63M (Peak 503.96M) | Time:00:00.40 | Mem:75.37M, Peak:100.19M | Hanliu_Garden_Highpoly, ViewLayer | Updating Scene BVH | Copying BVH to device
Fra:1 Mem:459.63M (Peak 503.96M) | Time:00:00.40 | Mem:75.37M, Peak:100.19M | Hanliu_Garden_Highpoly, ViewLayer | Updating Mesh | Computing normals
Fra:1 Mem:557.09M (Peak 557.09M) | Time:00:00.43 | Mem:75.37M, Peak:100.19M | Hanliu_Garden_Highpoly, ViewLayer | Updating Mesh | Copying Mesh to device
Fra:1 Mem:557.09M (Peak 557.09M) | Time:00:00.44 | Mem:172.83M, Peak:172.83M | Hanliu_Garden_Highpoly, ViewLayer | Updating Objects Flags
Fra:1 Mem:557.09M (Peak 557.09M) | Time:00:00.44 | Mem:172.83M, Peak:172.83M | Hanliu_Garden_Highpoly, ViewLayer | Updating Primitive Offsets
Fra:1 Mem:557.09M (Peak 557.09M) | Time:00:00.44 | Mem:172.83M, Peak:172.83M | Hanliu_Garden_Highpoly, ViewLayer | Updating Images
Fra:1 Mem:557.09M (Peak 557.09M) | Time:00:00.44 | Mem:172.83M, Peak:172.83M | Hanliu_Garden_Highpoly, ViewLayer | Updating Camera Volume
Fra:1 Mem:557.09M (Peak 557.09M) | Time:00:00.44 | Mem:172.83M, Peak:172.83M | Hanliu_Garden_Highpoly, ViewLayer | Updating Lookup Tables
Fra:1 Mem:557.09M (Peak 557.09M) | Time:00:00.44 | Mem:172.91M, Peak:172.91M | Hanliu_Garden_Highpoly, ViewLayer | Updating Lights
Fra:1 Mem:557.09M (Peak 557.09M) | Time:00:00.44 | Mem:172.91M, Peak:172.91M | Hanliu_Garden_Highpoly, ViewLayer | Updating Lights | Computing tree
Fra:1 Mem:557.09M (Peak 557.09M) | Time:00:00.44 | Mem:172.91M, Peak:172.91M | Hanliu_Garden_Highpoly, ViewLayer | Updating Integrator
Fra:1 Mem:557.09M (Peak 557.09M) | Time:00:00.44 | Mem:172.91M, Peak:172.91M | Hanliu_Garden_Highpoly, ViewLayer | Updating Film
Fra:1 Mem:557.09M (Peak 557.09M) | Time:00:00.44 | Mem:172.83M, Peak:172.91M | Hanliu_Garden_Highpoly, ViewLayer | Updating Lookup Tables
Fra:1 Mem:557.09M (Peak 557.09M) | Time:00:00.44 | Mem:172.92M, Peak:172.92M | Hanliu_Garden_Highpoly, ViewLayer | Updating Baking
Fra:1 Mem:557.09M (Peak 557.09M) | Time:00:00.44 | Mem:172.92M, Peak:172.92M | Hanliu_Garden_Highpoly, ViewLayer | Updating Device | Writing constant memory
Fra:1 Mem:557.10M (Peak 557.10M) | Time:00:00.44 | Mem:172.92M, Peak:172.92M | Hanliu_Garden_Highpoly, ViewLayer | Loading denoising kernels (may take a few minutes the first time)
Fra:1 Mem:561.42M (Peak 561.42M) | Time:00:00.45 | Mem:595.55M, Peak:595.55M | Hanliu_Garden_Highpoly, ViewLayer | Rendered 0/2 Tiles, Sample 0/96
Fra:1 Mem:829.13M (Peak 829.13M) | Time:00:00.52 | Remaining:00:07.06 | Mem:863.26M, Peak:863.26M | Hanliu_Garden_Highpoly, ViewLayer | Rendered 0/2 Tiles, Sample 1/96
Fra:1 Mem:829.15M (Peak 829.15M) | Time:00:04.14 | Remaining:00:01.49 | Mem:863.28M, Peak:863.28M | Hanliu_Garden_Highpoly, ViewLayer | Rendered 0/2 Tiles, Sample 80/96
Fra:1 Mem:829.15M (Peak 1096.34M) | Time:00:04.99 | Remaining:00:00.77 | Mem:863.28M, Peak:863.28M | Hanliu_Garden_Highpoly, ViewLayer | Rendered 0/2 Tiles, Sample 96/96
Fra:1 Mem:829.15M (Peak 1096.34M) | Time:00:04.99 | Remaining:00:00.77 | Mem:863.28M, Peak:863.28M | Hanliu_Garden_Highpoly, ViewLayer | Rendered 1/2 Tiles, Sample 96/96
Fra:1 Mem:607.89M (Peak 1096.34M) | Time:00:05.02 | Remaining:00:00.77 | Mem:642.01M, Peak:863.28M | Hanliu_Garden_Highpoly, ViewLayer | Rendered 1/2 Tiles, Sample 1/96
Fra:1 Mem:607.89M (Peak 1096.34M) | Time:00:05.50 | Remaining:00:00.12 | Mem:642.01M, Peak:863.28M | Hanliu_Garden_Highpoly, ViewLayer | Rendered 1/2 Tiles, Sample 80/96
Fra:1 Mem:607.89M (Peak 1096.34M) | Time:00:05.65 | Mem:642.01M, Peak:863.28M | Hanliu_Garden_Highpoly, ViewLayer | Rendered 1/2 Tiles, Sample 96/96
Fra:1 Mem:607.89M (Peak 1096.34M) | Time:00:05.65 | Mem:642.01M, Peak:863.28M | Hanliu_Garden_Highpoly, ViewLayer | Rendered 1/2 Tiles, Sample 0/96
Fra:1 Mem:607.89M (Peak 1096.34M) | Time:00:05.66 | Mem:642.01M, Peak:863.28M | Hanliu_Garden_Highpoly, ViewLayer | Finished
Fra:1 Mem:287.34M (Peak 1096.34M) | Time:00:05.67 | Mem:472.57M, Peak:863.28M | Hanliu_Garden_Highpoly | Reading full buffer from disk
Fra:1 Mem:600.45M (Peak 1096.34M) | Time:00:05.95 | Mem:472.57M, Peak:863.28M | Hanliu_Garden_Highpoly | ViewLayer | Denoising
Fra:1 Mem:600.45M (Peak 1096.34M) | Time:00:13.16 | Mem:785.68M, Peak:863.28M | Hanliu_Garden_Highpoly | ViewLayer | Finishing
Saved: 'D:\Projects\博客和机器人\my-astro-blog\artifacts\estate-highpoly\overview.png'
Time: 00:13.73 (Saving: 00:00.37)

GARDEN [17.1s] Rendered overview
Fra:1 Mem:328.93M (Peak 333.54M) | Time:00:00.10 | Mem:0.00M, Peak:0.00M | Hanliu_Garden_Highpoly, ViewLayer | Synchronizing object | 寒柳别苑
Fra:1 Mem:336.51M (Peak 337.34M) | Time:00:00.10 | Mem:0.00M, Peak:0.00M | Hanliu_Garden_Highpoly, ViewLayer | Synchronizing object | home · Plaster
Fra:1 Mem:336.52M (Peak 337.34M) | Time:00:00.10 | Mem:0.00M, Peak:0.00M | Hanliu_Garden_Highpoly, ViewLayer | Synchronizing object | 博客
Fra:1 Mem:337.11M (Peak 337.34M) | Time:00:00.10 | Mem:0.00M, Peak:0.00M | Hanliu_Garden_Highpoly, ViewLayer | Synchronizing object | home · Wood
Fra:1 Mem:337.36M (Peak 337.36M) | Time:00:00.10 | Mem:0.00M, Peak:0.00M | Hanliu_Garden_Highpoly, ViewLayer | Synchronizing object | home · Tile1
Fra:1 Mem:337.32M (Peak 337.36M) | Time:00:00.10 | Mem:0.00M, Peak:0.00M | Hanliu_Garden_Highpoly, ViewLayer | Synchronizing object | home · Tile0
Fra:1 Mem:337.50M (Peak 337.50M) | Time:00:00.10 | Mem:0.00M, Peak:0.00M | Hanliu_Garden_Highpoly, ViewLayer | Synchronizing object | home · StoneLight
Fra:1 Mem:337.64M (Peak 337.64M) | Time:00:00.10 | Mem:0.00M, Peak:0.00M | Hanliu_Garden_Highpoly, ViewLayer | Synchronizing object | home · Wood.001
Fra:1 Mem:339.06M (Peak 339.06M) | Time:00:00.10 | Mem:0.00M, Peak:0.00M | Hanliu_Garden_Highpoly, ViewLayer | Synchronizing object | home · Paper
Fra:1 Mem:341.48M (Peak 341.48M) | Time:00:00.10 | Mem:0.00M, Peak:0.00M | Hanliu_Garden_Highpoly, ViewLayer | Synchronizing object | blog · Stone
Fra:1 Mem:341.49M (Peak 341.49M) | Time:00:00.10 | Mem:0.00M, Peak:0.00M | Hanliu_Garden_Highpoly, ViewLayer | Synchronizing object | blog · StoneLight
Fra:1 Mem:341.49M (Peak 341.49M) | Time:00:00.10 | Mem:0.00M, Peak:0.00M | Hanliu_Garden_Highpoly, ViewLayer | Synchronizing object | blog · Wood
Fra:1 Mem:341.62M (Peak 341.62M) | Time:00:00.10 | Mem:0.00M, Peak:0.00M | Hanliu_Garden_Highpoly, ViewLayer | Synchronizing object | blog · Paper
Fra:1 Mem:341.65M (Peak 341.65M) | Time:00:00.10 | Mem:0.00M, Peak:0.00M | Hanliu_Garden_Highpoly, ViewLayer | Synchronizing object | blog · WoodLight
Fra:1 Mem:341.75M (Peak 341.75M) | Time:00:00.10 | Mem:0.00M, Peak:0.00M | Hanliu_Garden_Highpoly, ViewLayer | Synchronizing object | blog · Tile0
Fra:1 Mem:342.42M (Peak 342.42M) | Time:00:00.10 | Mem:0.00M, Peak:0.00M | Hanliu_Garden_Highpoly, ViewLayer | Synchronizing object | blog · Tile1
Fra:1 Mem:342.49M (Peak 342.49M) | Time:00:00.10 | Mem:0.00M, Peak:0.00M | Hanliu_Garden_Highpoly, ViewLayer | Synchronizing object | blog · Tile3
Fra:1 Mem:343.67M (Peak 343.67M) | Time:00:00.10 | Mem:0.00M, Peak:0.00M | Hanliu_Garden_Highpoly, ViewLayer | Synchronizing object | blog · Ceramic
Fra:1 Mem:343.98M (Peak 343.98M) | Time:00:00.10 | Mem:0.00M, Peak:0.00M | Hanliu_Garden_Highpoly, ViewLayer | Synchronizing object | blog · Burgundy
Fra:1 Mem:352.59M (Peak 352.59M) | Time:00:00.10 | Mem:0.00M, Peak:0.00M | Hanliu_Garden_Highpoly, ViewLayer | Synchronizing object | chores · StoneLight
Fra:1 Mem:352.60M (Peak 352.60M) | Time:00:00.10 | Mem:0.00M, Peak:0.00M | Hanliu_Garden_Highpoly, ViewLayer | Synchronizing object | chores · Wood
Fra:1 Mem:352.60M (Peak 352.60M) | Time:00:00.10 | Mem:0.00M, Peak:0.00M | Hanliu_Garden_Highpoly, ViewLayer | Synchronizing object | 造物录
Fra:1 Mem:353.59M (Peak 353.59M) | Time:00:00.10 | Mem:0.00M, Peak:0.00M | Hanliu_Garden_Highpoly, ViewLayer | Synchronizing object | chores · Plaster
Fra:1 Mem:353.59M (Peak 353.59M) | Time:00:00.10 | Mem:0.00M, Peak:0.00M | Hanliu_Garden_Highpoly, ViewLayer | Synchronizing object | chores · Tile2
Fra:1 Mem:353.59M (Peak 353.59M) | Time:00:00.10 | Mem:0.00M, Peak:0.00M | Hanliu_Garden_Highpoly, ViewLayer | Synchronizing object | chores · Wood.001
Fra:1 Mem:353.73M (Peak 353.73M) | Time:00:00.10 | Mem:0.00M, Peak:0.00M | Hanliu_Garden_Highpoly, ViewLayer | Synchronizing object | chores · Paper
Fra:1 Mem:359.10M (Peak 359.70M) | Time:00:00.10 | Mem:0.00M, Peak:0.00M | Hanliu_Garden_Highpoly, ViewLayer | Synchronizing object | making · Stone
Fra:1 Mem:359.10M (Peak 359.70M) | Time:00:00.10 | Mem:0.00M, Peak:0.00M | Hanliu_Garden_Highpoly, ViewLayer | Synchronizing object | making · Wood
Fra:1 Mem:359.10M (Peak 359.70M) | Time:00:00.10 | Mem:0.00M, Peak:0.00M | Hanliu_Garden_Highpoly, ViewLayer | Synchronizing object | making · Wood.001
Fra:1 Mem:359.45M (Peak 359.70M) | Time:00:00.10 | Mem:0.00M, Peak:0.00M | Hanliu_Garden_Highpoly, ViewLayer | Synchronizing object | making · Tile0
Fra:1 Mem:359.54M (Peak 359.70M) | Time:00:00.10 | Mem:0.00M, Peak:0.00M | Hanliu_Garden_Highpoly, ViewLayer | Synchronizing object | making · Tile3
Fra:1 Mem:360.08M (Peak 360.08M) | Time:00:00.10 | Mem:0.00M, Peak:0.00M | Hanliu_Garden_Highpoly, ViewLayer | Synchronizing object | 语义花园
Fra:1 Mem:360.13M (Peak 360.13M) | Time:00:00.10 | Mem:0.00M, Peak:0.00M | Hanliu_Garden_Highpoly, ViewLayer | Synchronizing object | making · Ink
Fra:1 Mem:360.96M (Peak 360.96M) | Time:00:00.10 | Mem:0.00M, Peak:0.00M | Hanliu_Garden_Highpoly, ViewLayer | Synchronizing object | making · Brass
Fra:1 Mem:366.88M (Peak 367.49M) | Time:00:00.11 | Mem:0.00M, Peak:0.00M | Hanliu_Garden_Highpoly, ViewLayer | Synchronizing object | garden · Plaster
Fra:1 Mem:366.88M (Peak 367.49M) | Time:00:00.11 | Mem:0.00M, Peak:0.00M | Hanliu_Garden_Highpoly, ViewLayer | Synchronizing object | garden · Tile1
Fra:1 Mem:366.90M (Peak 367.49M) | Time:00:00.11 | Mem:0.00M, Peak:0.00M | Hanliu_Garden_Highpoly, ViewLayer | Synchronizing object | garden · Tile0
Fra:1 Mem:367.15M (Peak 367.49M) | Time:00:00.11 | Mem:0.00M, Peak:0.00M | Hanliu_Garden_Highpoly, ViewLayer | Synchronizing object | garden · Wood.001
Fra:1 Mem:367.26M (Peak 367.49M) | Time:00:00.11 | Mem:0.00M, Peak:0.00M | Hanliu_Garden_Highpoly, ViewLayer | Synchronizing object | garden · Paper
Fra:1 Mem:367.26M (Peak 367.49M) | Time:00:00.11 | Mem:0.00M, Peak:0.00M | Hanliu_Garden_Highpoly, ViewLayer | Synchronizing object | garden · Leaf0
Fra:1 Mem:367.39M (Peak 367.49M) | Time:00:00.11 | Mem:0.00M, Peak:0.00M | Hanliu_Garden_Highpoly, ViewLayer | Synchronizing object | garden · Leaf3
Fra:1 Mem:367.42M (Peak 367.49M) | Time:00:00.11 | Mem:0.00M, Peak:0.00M | Hanliu_Garden_Highpoly, ViewLayer | Synchronizing object | garden · Leaf4
Fra:1 Mem:368.81M (Peak 368.81M) | Time:00:00.11 | Mem:0.00M, Peak:0.00M | Hanliu_Garden_Highpoly, ViewLayer | Synchronizing object | garden · PalePink
Fra:1 Mem:369.89M (Peak 369.89M) | Time:00:00.11 | Mem:0.00M, Peak:0.00M | Hanliu_Garden_Highpoly, ViewLayer | Synchronizing object | 居士自序
Fra:1 Mem:370.00M (Peak 370.00M) | Time:00:00.11 | Mem:0.00M, Peak:0.00M | Hanliu_Garden_Highpoly, ViewLayer | Synchronizing object | garden · White
Fra:1 Mem:371.34M (Peak 371.34M) | Time:00:00.11 | Mem:0.00M, Peak:0.00M | Hanliu_Garden_Highpoly, ViewLayer | Synchronizing object | garden · Mortar
Fra:1 Mem:373.18M (Peak 373.18M) | Time:00:00.11 | Mem:0.00M, Peak:0.00M | Hanliu_Garden_Highpoly, ViewLayer | Synchronizing object | garden · Stone
Fra:1 Mem:373.24M (Peak 373.24M) | Time:00:00.11 | Mem:0.00M, Peak:0.00M | Hanliu_Garden_Highpoly, ViewLayer | Synchronizing object | garden · StoneLight.001
Fra:1 Mem:384.41M (Peak 384.93M) | Time:00:00.11 | Mem:0.00M, Peak:0.00M | Hanliu_Garden_Highpoly, ViewLayer | Synchronizing object | about · Stone
Fra:1 Mem:384.41M (Peak 384.93M) | Time:00:00.11 | Mem:0.00M, Peak:0.00M | Hanliu_Garden_Highpoly, ViewLayer | Synchronizing object | about · Plaster
Fra:1 Mem:384.41M (Peak 384.93M) | Time:00:00.11 | Mem:0.00M, Peak:0.00M | Hanliu_Garden_Highpoly, ViewLayer | Synchronizing object | about · WoodLight
Fra:1 Mem:384.45M (Peak 384.93M) | Time:00:00.11 | Mem:0.00M, Peak:0.00M | Hanliu_Garden_Highpoly, ViewLayer | Synchronizing object | about · Wood
Fra:1 Mem:384.47M (Peak 384.93M) | Time:00:00.11 | Mem:0.00M, Peak:0.00M | Hanliu_Garden_Highpoly, ViewLayer | Synchronizing object | about · Wood.001
Fra:1 Mem:384.53M (Peak 384.93M) | Time:00:00.11 | Mem:0.00M, Peak:0.00M | Hanliu_Garden_Highpoly, ViewLayer | Synchronizing object | about · Brass
Fra:1 Mem:384.81M (Peak 384.93M) | Time:00:00.11 | Mem:0.00M, Peak:0.00M | Hanliu_Garden_Highpoly, ViewLayer | Synchronizing object | about · Tile0
Fra:1 Mem:385.01M (Peak 385.01M) | Time:00:00.11 | Mem:0.00M, Peak:0.00M | Hanliu_Garden_Highpoly, ViewLayer | Synchronizing object | about · Tile1
Fra:1 Mem:385.16M (Peak 385.16M) | Time:00:00.11 | Mem:0.00M, Peak:0.00M | Hanliu_Garden_Highpoly, ViewLayer | Synchronizing object | about · Tile3
Fra:1 Mem:385.59M (Peak 385.59M) | Time:00:00.11 | Mem:0.00M, Peak:0.00M | Hanliu_Garden_Highpoly, ViewLayer | Synchronizing object | about · Wood.002
Fra:1 Mem:385.73M (Peak 385.73M) | Time:00:00.11 | Mem:0.00M, Peak:0.00M | Hanliu_Garden_Highpoly, ViewLayer | Synchronizing object | about · Tile1.001
Fra:1 Mem:386.24M (Peak 386.24M) | Time:00:00.11 | Mem:0.00M, Peak:0.00M | Hanliu_Garden_Highpoly, ViewLayer | Synchronizing object | about · Tile2.001
Fra:1 Mem:386.50M (Peak 386.50M) | Time:00:00.11 | Mem:0.00M, Peak:0.00M | Hanliu_Garden_Highpoly, ViewLayer | Synchronizing object | about · WoodLight.001
Fra:1 Mem:386.70M (Peak 386.70M) | Time:00:00.11 | Mem:0.00M, Peak:0.00M | Hanliu_Garden_Highpoly, ViewLayer | Synchronizing object | 友链
Fra:1 Mem:391.38M (Peak 391.38M) | Time:00:00.11 | Mem:0.00M, Peak:0.00M | Hanliu_Garden_Highpoly, ViewLayer | Synchronizing object | friends · Wood
Fra:1 Mem:391.38M (Peak 391.38M) | Time:00:00.11 | Mem:0.00M, Peak:0.00M | Hanliu_Garden_Highpoly, ViewLayer | Synchronizing object | friends · Ink
Fra:1 Mem:391.39M (Peak 391.39M) | Time:00:00.11 | Mem:0.00M, Peak:0.00M | Hanliu_Garden_Highpoly, ViewLayer | Synchronizing object | friends · Wood.001
Fra:1 Mem:391.39M (Peak 391.39M) | Time:00:00.11 | Mem:0.00M, Peak:0.00M | Hanliu_Garden_Highpoly, ViewLayer | Synchronizing object | friends · Tile1
Fra:1 Mem:391.43M (Peak 391.43M) | Time:00:00.11 | Mem:0.00M, Peak:0.00M | Hanliu_Garden_Highpoly, ViewLayer | Synchronizing object | friends · Tile0
Fra:1 Mem:391.57M (Peak 391.57M) | Time:00:00.11 | Mem:0.00M, Peak:0.00M | Hanliu_Garden_Highpoly, ViewLayer | Synchronizing object | friends · Tile2
Fra:1 Mem:391.59M (Peak 391.59M) | Time:00:00.11 | Mem:0.00M, Peak:0.00M | Hanliu_Garden_Highpoly, ViewLayer | Synchronizing object | friends · Tile3
Fra:1 Mem:391.76M (Peak 391.76M) | Time:00:00.11 | Mem:0.00M, Peak:0.00M | Hanliu_Garden_Highpoly, ViewLayer | Synchronizing object | friends · Paper
Fra:1 Mem:391.76M (Peak 391.76M) | Time:00:00.11 | Mem:0.00M, Peak:0.00M | Hanliu_Garden_Highpoly, ViewLayer | Synchronizing object | 会客间
Fra:1 Mem:396.24M (Peak 396.73M) | Time:00:00.11 | Mem:0.00M, Peak:0.00M | Hanliu_Garden_Highpoly, ViewLayer | Synchronizing object | backyard · Stone
Fra:1 Mem:396.24M (Peak 396.73M) | Time:00:00.11 | Mem:0.00M, Peak:0.00M | Hanliu_Garden_Highpoly, ViewLayer | Synchronizing object | backyard · StoneLight
Fra:1 Mem:396.24M (Peak 396.73M) | Time:00:00.11 | Mem:0.00M, Peak:0.00M | Hanliu_Garden_Highpoly, ViewLayer | Synchronizing object | backyard · Tile1
Fra:1 Mem:396.25M (Peak 396.73M) | Time:00:00.11 | Mem:0.00M, Peak:0.00M | Hanliu_Garden_Highpoly, ViewLayer | Synchronizing object | backyard · Tile1.001
Fra:1 Mem:396.25M (Peak 396.73M) | Time:00:00.11 | Mem:0.00M, Peak:0.00M | Hanliu_Garden_Highpoly, ViewLayer | Synchronizing object | backyard · Wood.001
Fra:1 Mem:396.83M (Peak 396.83M) | Time:00:00.11 | Mem:0.00M, Peak:0.00M | Hanliu_Garden_Highpoly, ViewLayer | Synchronizing object | backyard · Ceramic
Fra:1 Mem:396.86M (Peak 396.86M) | Time:00:00.11 | Mem:0.00M, Peak:0.00M | Hanliu_Garden_Highpoly, ViewLayer | Synchronizing object | backyard · White
Fra:1 Mem:396.94M (Peak 396.94M) | Time:00:00.11 | Mem:0.00M, Peak:0.00M | Hanliu_Garden_Highpoly, ViewLayer | Synchronizing object | backyard · Paper
Fra:1 Mem:396.95M (Peak 396.95M) | Time:00:00.11 | Mem:0.00M, Peak:0.00M | Hanliu_Garden_Highpoly, ViewLayer | Synchronizing object | site · Earth
Fra:1 Mem:397.20M (Peak 397.20M) | Time:00:00.11 | Mem:0.00M, Peak:0.00M | Hanliu_Garden_Highpoly, ViewLayer | Synchronizing object | site · PondBed
Fra:1 Mem:397.23M (Peak 397.23M) | Time:00:00.11 | Mem:0.00M, Peak:0.00M | Hanliu_Garden_Highpoly, ViewLayer | Synchronizing object | site · Water
Fra:1 Mem:397.78M (Peak 397.78M) | Time:00:00.11 | Mem:0.00M, Peak:0.00M | Hanliu_Garden_Highpoly, ViewLayer | Synchronizing object | site · Stone.001
Fra:1 Mem:398.12M (Peak 398.12M) | Time:00:00.11 | Mem:0.00M, Peak:0.00M | Hanliu_Garden_Highpoly, ViewLayer | Synchronizing object | site · Mortar
Fra:1 Mem:399.64M (Peak 399.64M) | Time:00:00.11 | Mem:0.00M, Peak:0.00M | Hanliu_Garden_Highpoly, ViewLayer | Synchronizing object | site · StoneLight.001
Fra:1 Mem:400.87M (Peak 400.87M) | Time:00:00.11 | Mem:0.00M, Peak:0.00M | Hanliu_Garden_Highpoly, ViewLayer | Synchronizing object | site · Plaster
Fra:1 Mem:401.46M (Peak 401.46M) | Time:00:00.11 | Mem:0.00M, Peak:0.00M | Hanliu_Garden_Highpoly, ViewLayer | Synchronizing object | site · Tile1
Fra:1 Mem:402.04M (Peak 402.04M) | Time:00:00.11 | Mem:0.00M, Peak:0.00M | Hanliu_Garden_Highpoly, ViewLayer | Synchronizing object | site · Leaf2
Fra:1 Mem:402.91M (Peak 402.91M) | Time:00:00.11 | Mem:0.00M, Peak:0.00M | Hanliu_Garden_Highpoly, ViewLayer | Synchronizing object | site · Leaf3
Fra:1 Mem:404.17M (Peak 404.17M) | Time:00:00.11 | Mem:0.00M, Peak:0.00M | Hanliu_Garden_Highpoly, ViewLayer | Synchronizing object | site · PalePink
Fra:1 Mem:404.60M (Peak 404.60M) | Time:00:00.11 | Mem:0.00M, Peak:0.00M | Hanliu_Garden_Highpoly, ViewLayer | Synchronizing object | site · Pink
Fra:1 Mem:405.76M (Peak 405.76M) | Time:00:00.11 | Mem:0.00M, Peak:0.00M | Hanliu_Garden_Highpoly, ViewLayer | Synchronizing object | site · Leaf0
Fra:1 Mem:405.85M (Peak 405.85M) | Time:00:00.11 | Mem:0.00M, Peak:0.00M | Hanliu_Garden_Highpoly, ViewLayer | Synchronizing object | bridge · StoneLight
Fra:1 Mem:405.80M (Peak 405.85M) | Time:00:00.11 | Mem:0.00M, Peak:0.00M | Hanliu_Garden_Highpoly, ViewLayer | Synchronizing object | bridge · StoneLight.001
Fra:1 Mem:405.84M (Peak 405.85M) | Time:00:00.11 | Mem:0.00M, Peak:0.00M | Hanliu_Garden_Highpoly, ViewLayer | Synchronizing object | planting · Wood
Fra:1 Mem:406.34M (Peak 406.34M) | Time:00:00.11 | Mem:0.00M, Peak:0.00M | Hanliu_Garden_Highpoly, ViewLayer | Synchronizing object | planting · WoodLight
Fra:1 Mem:406.54M (Peak 406.54M) | Time:00:00.11 | Mem:0.00M, Peak:0.00M | Hanliu_Garden_Highpoly, ViewLayer | Synchronizing object | planting · Leaf2
Fra:1 Mem:409.44M (Peak 409.44M) | Time:00:00.11 | Mem:0.00M, Peak:0.00M | Hanliu_Garden_Highpoly, ViewLayer | Synchronizing object | planting · Leaf0
Fra:1 Mem:409.49M (Peak 409.49M) | Time:00:00.11 | Mem:0.00M, Peak:0.00M | Hanliu_Garden_Highpoly, ViewLayer | Synchronizing object | planting · Wood.001
Fra:1 Mem:409.07M (Peak 409.49M) | Time:00:00.11 | Mem:0.00M, Peak:0.00M | Hanliu_Garden_Highpoly, ViewLayer | Synchronizing object | planting · Leaf4
Fra:1 Mem:409.23M (Peak 409.49M) | Time:00:00.11 | Mem:0.00M, Peak:0.00M | Hanliu_Garden_Highpoly, ViewLayer | Synchronizing object | planting · Leaf3
Fra:1 Mem:412.78M (Peak 412.86M) | Time:00:00.11 | Mem:0.00M, Peak:0.00M | Hanliu_Garden_Highpoly, ViewLayer | Synchronizing object | planting · Wood.002
Fra:1 Mem:417.30M (Peak 417.30M) | Time:00:00.11 | Mem:0.00M, Peak:0.00M | Hanliu_Garden_Highpoly, ViewLayer | Synchronizing object | planting · Leaf4.001
Fra:1 Mem:429.49M (Peak 429.49M) | Time:00:00.11 | Mem:0.00M, Peak:0.00M | Hanliu_Garden_Highpoly, ViewLayer | Synchronizing object | planting · Leaf0.002
Fra:1 Mem:435.18M (Peak 435.18M) | Time:00:00.11 | Mem:0.00M, Peak:0.00M | Hanliu_Garden_Highpoly, ViewLayer | Synchronizing object | Workshop light
Fra:1 Mem:435.18M (Peak 435.18M) | Time:00:00.11 | Mem:0.00M, Peak:0.00M | Hanliu_Garden_Highpoly, ViewLayer | Synchronizing object | planting · Leaf3.001
Fra:1 Mem:435.18M (Peak 435.18M) | Time:00:00.11 | Mem:0.00M, Peak:0.00M | Hanliu_Garden_Highpoly, ViewLayer | Synchronizing object | Library desk light
Fra:1 Mem:435.18M (Peak 435.18M) | Time:00:00.11 | Mem:0.00M, Peak:0.00M | Hanliu_Garden_Highpoly, ViewLayer | Synchronizing object | Large sky fill
Fra:1 Mem:435.49M (Peak 435.49M) | Time:00:00.11 | Mem:0.00M, Peak:0.00M | Hanliu_Garden_Highpoly, ViewLayer | Synchronizing object | Soft afternoon sun
Fra:1 Mem:435.30M (Peak 435.49M) | Time:00:00.11 | Mem:0.00M, Peak:0.00M | Hanliu_Garden_Highpoly, ViewLayer | Synchronizing object | birds · Ink.003
Fra:1 Mem:435.32M (Peak 435.49M) | Time:00:00.11 | Mem:0.00M, Peak:0.00M | Hanliu_Garden_Highpoly, ViewLayer | Synchronizing object | planting · Wood.003
Fra:1 Mem:435.34M (Peak 435.49M) | Time:00:00.11 | Mem:0.00M, Peak:0.00M | Hanliu_Garden_Highpoly, ViewLayer | Synchronizing object | birds · DuckBrown.001
Fra:1 Mem:435.89M (Peak 435.89M) | Time:00:00.11 | Mem:0.00M, Peak:0.00M | Hanliu_Garden_Highpoly, ViewLayer | Synchronizing object | planting · Leaf4.002
Fra:1 Mem:435.87M (Peak 435.89M) | Time:00:00.11 | Mem:0.00M, Peak:0.00M | Hanliu_Garden_Highpoly, ViewLayer | Synchronizing object | planting · Leaf0.003
Fra:1 Mem:436.18M (Peak 436.18M) | Time:00:00.11 | Mem:0.00M, Peak:0.00M | Hanliu_Garden_Highpoly, ViewLayer | Synchronizing object | planting · Wood.004
Fra:1 Mem:436.48M (Peak 436.48M) | Time:00:00.11 | Mem:0.00M, Peak:0.00M | Hanliu_Garden_Highpoly, ViewLayer | Synchronizing object | planting · Leaf4.003
Fra:1 Mem:436.90M (Peak 436.90M) | Time:00:00.11 | Mem:0.00M, Peak:0.00M | Hanliu_Garden_Highpoly, ViewLayer | Synchronizing object | birds · Ink.002
Fra:1 Mem:437.99M (Peak 437.99M) | Time:00:00.11 | Mem:0.00M, Peak:0.00M | Hanliu_Garden_Highpoly, ViewLayer | Synchronizing object | planting · Leaf3.003
Fra:1 Mem:438.01M (Peak 438.01M) | Time:00:00.11 | Mem:0.00M, Peak:0.00M | Hanliu_Garden_Highpoly, ViewLayer | Synchronizing object | birds · DuckBrown
Fra:1 Mem:438.80M (Peak 438.80M) | Time:00:00.11 | Mem:0.00M, Peak:0.00M | Hanliu_Garden_Highpoly, ViewLayer | Synchronizing object | birds · Yellow
Fra:1 Mem:438.94M (Peak 438.94M) | Time:00:00.11 | Mem:0.00M, Peak:0.00M | Hanliu_Garden_Highpoly, ViewLayer | Synchronizing object | planting · Leaf0.004
Fra:1 Mem:438.94M (Peak 438.94M) | Time:00:00.11 | Mem:0.00M, Peak:0.00M | Hanliu_Garden_Highpoly, ViewLayer | Synchronizing object | birds · DuckGreen
Fra:1 Mem:439.58M (Peak 439.58M) | Time:00:00.11 | Mem:0.00M, Peak:0.00M | Hanliu_Garden_Highpoly, ViewLayer | Synchronizing object | birds · BirdGrey.001
Fra:1 Mem:439.95M (Peak 439.95M) | Time:00:00.11 | Mem:0.00M, Peak:0.00M | Hanliu_Garden_Highpoly, ViewLayer | Synchronizing object | birds · Orange
Fra:1 Mem:439.95M (Peak 439.95M) | Time:00:00.11 | Mem:0.00M, Peak:0.00M | Hanliu_Garden_Highpoly, ViewLayer | Synchronizing object | planting · Wood.005
Fra:1 Mem:440.06M (Peak 440.06M) | Time:00:00.11 | Mem:0.00M, Peak:0.00M | Hanliu_Garden_Highpoly, ViewLayer | Synchronizing object | birds · Ink.001
Fra:1 Mem:440.21M (Peak 440.21M) | Time:00:00.11 | Mem:0.00M, Peak:0.00M | Hanliu_Garden_Highpoly, ViewLayer | Synchronizing object | planting · Leaf4.004
Fra:1 Mem:440.58M (Peak 440.58M) | Time:00:00.11 | Mem:0.00M, Peak:0.00M | Hanliu_Garden_Highpoly, ViewLayer | Synchronizing object | birds · BirdWhite.001
Fra:1 Mem:440.86M (Peak 440.86M) | Time:00:00.11 | Mem:0.00M, Peak:0.00M | Hanliu_Garden_Highpoly, ViewLayer | Synchronizing object | planting · Pink
Fra:1 Mem:441.01M (Peak 441.01M) | Time:00:00.11 | Mem:0.00M, Peak:0.00M | Hanliu_Garden_Highpoly, ViewLayer | Synchronizing object | birds · BirdGrey
Fra:1 Mem:441.19M (Peak 441.19M) | Time:00:00.11 | Mem:0.00M, Peak:0.00M | Hanliu_Garden_Highpoly, ViewLayer | Synchronizing object | planting · Leaf3.004
Fra:1 Mem:444.04M (Peak 444.04M) | Time:00:00.11 | Mem:0.00M, Peak:0.00M | Hanliu_Garden_Highpoly, ViewLayer | Synchronizing object | planting · Wood.006
Fra:1 Mem:448.52M (Peak 448.61M) | Time:00:00.11 | Mem:0.00M, Peak:0.00M | Hanliu_Garden_Highpoly, ViewLayer | Synchronizing object | planting · Leaf4.005
Fra:1 Mem:448.65M (Peak 448.65M) | Time:00:00.11 | Mem:0.00M, Peak:0.00M | Hanliu_Garden_Highpoly, ViewLayer | Synchronizing object | planting · Leaf0.006
Fra:1 Mem:449.06M (Peak 449.06M) | Time:00:00.11 | Mem:0.00M, Peak:0.00M | Hanliu_Garden_Highpoly, ViewLayer | Synchronizing object | birds · Ink
Fra:1 Mem:449.60M (Peak 449.60M) | Time:00:00.11 | Mem:0.00M, Peak:0.00M | Hanliu_Garden_Highpoly, ViewLayer | Synchronizing object | birds · BirdWhite
Fra:1 Mem:450.38M (Peak 450.38M) | Time:00:00.11 | Mem:0.00M, Peak:0.00M | Hanliu_Garden_Highpoly, ViewLayer | Synchronizing object | planting · Leaf3.005
Fra:1 Mem:451.13M (Peak 451.13M) | Time:00:00.11 | Mem:0.00M, Peak:0.00M | Hanliu_Garden_Highpoly, ViewLayer | Synchronizing object | planting · Leaf1.001
Fra:1 Mem:451.27M (Peak 451.27M) | Time:00:00.11 | Mem:0.00M, Peak:0.00M | Hanliu_Garden_Highpoly, ViewLayer | Synchronizing object | planting · Wood.007
Fra:1 Mem:451.77M (Peak 451.77M) | Time:00:00.11 | Mem:0.00M, Peak:0.00M | Hanliu_Garden_Highpoly, ViewLayer | Synchronizing object | planting · Leaf4.006
Fra:1 Mem:454.49M (Peak 454.49M) | Time:00:00.11 | Mem:0.00M, Peak:0.00M | Hanliu_Garden_Highpoly, ViewLayer | Synchronizing object | planting · Leaf0.007
Fra:1 Mem:454.85M (Peak 454.85M) | Time:00:00.11 | Mem:0.00M, Peak:0.00M | Hanliu_Garden_Highpoly, ViewLayer | Synchronizing object | planting · Leaf2.001
Fra:1 Mem:454.90M (Peak 454.90M) | Time:00:00.11 | Mem:0.00M, Peak:0.00M | Hanliu_Garden_Highpoly, ViewLayer | Synchronizing object | planting · Leaf3.006
Fra:1 Mem:455.76M (Peak 455.76M) | Time:00:00.11 | Mem:0.00M, Peak:0.00M | Hanliu_Garden_Highpoly, ViewLayer | Synchronizing object | planting · Wood.008
Fra:1 Mem:460.67M (Peak 460.67M) | Time:00:00.11 | Mem:0.00M, Peak:0.00M | Hanliu_Garden_Highpoly, ViewLayer | Synchronizing object | planting · Leaf0.008
Fra:1 Mem:460.67M (Peak 460.67M) | Time:00:00.11 | Mem:0.00M, Peak:0.00M | Hanliu_Garden_Highpoly, ViewLayer | Synchronizing object | planting · Leaf4.007
Fra:1 Mem:461.56M (Peak 461.56M) | Time:00:00.11 | Mem:0.00M, Peak:0.00M | Hanliu_Garden_Highpoly, ViewLayer | Synchronizing object | planting · Leaf3.007
Fra:1 Mem:462.31M (Peak 462.31M) | Time:00:00.11 | Mem:0.00M, Peak:0.00M | Hanliu_Garden_Highpoly, ViewLayer | Synchronizing object | planting · Wood.009
Fra:1 Mem:462.86M (Peak 462.86M) | Time:00:00.11 | Mem:0.00M, Peak:0.00M | Hanliu_Garden_Highpoly, ViewLayer | Synchronizing object | planting · Leaf4.008
Fra:1 Mem:463.48M (Peak 463.48M) | Time:00:00.11 | Mem:0.00M, Peak:0.00M | Hanliu_Garden_Highpoly, ViewLayer | Synchronizing object | planting · Yellow
Fra:1 Mem:464.25M (Peak 464.25M) | Time:00:00.11 | Mem:0.00M, Peak:0.00M | Hanliu_Garden_Highpoly, ViewLayer | Synchronizing object | planting · Leaf0.009
Fra:1 Mem:469.03M (Peak 469.03M) | Time:00:00.11 | Mem:0.00M, Peak:0.00M | Hanliu_Garden_Highpoly, ViewLayer | Synchronizing object | planting · Leaf3.008
Fra:1 Mem:470.42M (Peak 470.42M) | Time:00:00.11 | Mem:0.00M, Peak:0.00M | Hanliu_Garden_Highpoly, ViewLayer | Synchronizing object | planting · White
Fra:1 Mem:500.06M (Peak 503.65M) | Time:00:00.12 | Mem:0.00M, Peak:0.00M | Hanliu_Garden_Highpoly, ViewLayer | Initializing
Fra:1 Mem:434.09M (Peak 503.65M) | Time:00:00.12 | Mem:0.00M, Peak:0.00M | Hanliu_Garden_Highpoly, ViewLayer | Waiting for render to start
Fra:1 Mem:434.09M (Peak 503.65M) | Time:00:00.12 | Mem:0.00M, Peak:0.00M | Hanliu_Garden_Highpoly, ViewLayer | Updating Scene
Fra:1 Mem:434.09M (Peak 503.65M) | Time:00:00.12 | Mem:0.00M, Peak:0.00M | Hanliu_Garden_Highpoly, ViewLayer | Updating Shaders
Fra:1 Mem:434.09M (Peak 503.65M) | Time:00:00.12 | Mem:0.00M, Peak:0.00M | Hanliu_Garden_Highpoly, ViewLayer | Loading render kernels (may take a few minutes the first time)
Fra:1 Mem:434.26M (Peak 503.65M) | Time:00:00.19 | Mem:0.09M, Peak:0.09M | Hanliu_Garden_Highpoly, ViewLayer | Updating Procedurals
Fra:1 Mem:434.26M (Peak 503.65M) | Time:00:00.19 | Mem:0.09M, Peak:0.09M | Hanliu_Garden_Highpoly, ViewLayer | Updating Background
Fra:1 Mem:434.26M (Peak 503.65M) | Time:00:00.19 | Mem:0.09M, Peak:0.09M | Hanliu_Garden_Highpoly, ViewLayer | Updating Camera
Fra:1 Mem:434.26M (Peak 503.65M) | Time:00:00.19 | Mem:0.09M, Peak:0.09M | Hanliu_Garden_Highpoly, ViewLayer | Updating Meshes Flags
Fra:1 Mem:434.26M (Peak 503.65M) | Time:00:00.19 | Mem:0.09M, Peak:0.09M | Hanliu_Garden_Highpoly, ViewLayer | Updating Objects
Fra:1 Mem:434.26M (Peak 503.65M) | Time:00:00.19 | Mem:0.09M, Peak:0.09M | Hanliu_Garden_Highpoly, ViewLayer | Updating Objects | Copying Transformations to device
Fra:1 Mem:434.30M (Peak 503.65M) | Time:00:00.19 | Mem:0.14M, Peak:0.14M | Hanliu_Garden_Highpoly, ViewLayer | Updating Particle Systems
Fra:1 Mem:434.30M (Peak 503.65M) | Time:00:00.19 | Mem:0.14M, Peak:0.14M | Hanliu_Garden_Highpoly, ViewLayer | Updating Particle Systems | Copying Particles to device
Fra:1 Mem:434.30M (Peak 503.65M) | Time:00:00.19 | Mem:0.14M, Peak:0.14M | Hanliu_Garden_Highpoly, ViewLayer | Updating Meshes
Fra:1 Mem:434.30M (Peak 503.65M) | Time:00:00.19 | Mem:0.14M, Peak:0.14M | Hanliu_Garden_Highpoly, ViewLayer | Updating Objects | Applying Static Transformations
Fra:1 Mem:434.30M (Peak 503.65M) | Time:00:00.19 | Mem:0.14M, Peak:0.14M | Hanliu_Garden_Highpoly, ViewLayer | Updating Mesh | Computing attributes
Fra:1 Mem:459.65M (Peak 503.65M) | Time:00:00.20 | Mem:0.15M, Peak:0.15M | Hanliu_Garden_Highpoly, ViewLayer | Updating Mesh | Copying Attributes to device
Fra:1 Mem:459.62M (Peak 503.65M) | Time:00:00.20 | Mem:25.46M, Peak:25.46M | Hanliu_Garden_Highpoly, ViewLayer | Updating Geometry BVH light 199/198 | Building BVH
Fra:1 Mem:459.62M (Peak 503.65M) | Time:00:00.20 | Mem:25.46M, Peak:25.46M | Hanliu_Garden_Highpoly, ViewLayer | Updating Geometry BVH home_Tile2 6/198 | Building BVH
Fra:1 Mem:459.62M (Peak 503.65M) | Time:00:00.20 | Mem:25.46M, Peak:25.46M | Hanliu_Garden_Highpoly, ViewLayer | Updating Geometry BVH home_Tile3 8/198 | Building OptiX acceleration structure
Fra:1 Mem:459.62M (Peak 503.65M) | Time:00:00.20 | Mem:25.46M, Peak:25.46M | Hanliu_Garden_Highpoly, ViewLayer | Updating Geometry BVH home_StoneLight 10/198 | Building OptiX acceleration structure
Fra:1 Mem:459.63M (Peak 503.65M) | Time:00:00.20 | Mem:25.46M, Peak:25.46M | Hanliu_Garden_Highpoly, ViewLayer | Updating Geometry BVH Inscription 寒柳别苑 2/198 | Building BVH
Fra:1 Mem:459.63M (Peak 503.65M) | Time:00:00.20 | Mem:25.46M, Peak:25.46M | Hanliu_Garden_Highpoly, ViewLayer | Updating Geometry BVH home_Paper 12/198 | Building OptiX acceleration structure
Fra:1 Mem:460.87M (Peak 503.65M) | Time:00:00.20 | Mem:25.46M, Peak:25.46M | Hanliu_Garden_Highpoly, ViewLayer | Updating Geometry BVH Workshop light 198/198 | Building BVH
Fra:1 Mem:461.74M (Peak 503.65M) | Time:00:00.20 | Mem:25.49M, Peak:25.49M | Hanliu_Garden_Highpoly, ViewLayer | Updating Geometry BVH Workshop light 198/198 | Building OptiX acceleration structure
Fra:1 Mem:461.74M (Peak 503.65M) | Time:00:00.20 | Mem:25.49M, Peak:25.49M | Hanliu_Garden_Highpoly, ViewLayer | Updating Geometry BVH Library desk light 197/198 | Building BVH
Fra:1 Mem:461.89M (Peak 503.65M) | Time:00:00.20 | Mem:25.49M, Peak:25.49M | Hanliu_Garden_Highpoly, ViewLayer | Updating Geometry BVH Library desk light 197/198 | Building OptiX acceleration structure
Fra:1 Mem:461.89M (Peak 503.65M) | Time:00:00.20 | Mem:25.49M, Peak:25.49M | Hanliu_Garden_Highpoly, ViewLayer | Updating Geometry BVH Large sky fill 196/198 | Building BVH
Fra:1 Mem:461.89M (Peak 503.65M) | Time:00:00.20 | Mem:25.49M, Peak:25.49M | Hanliu_Garden_Highpoly, ViewLayer | Updating Geometry BVH Large sky fill 196/198 | Building OptiX acceleration structure
Fra:1 Mem:461.89M (Peak 503.65M) | Time:00:00.20 | Mem:25.50M, Peak:25.50M | Hanliu_Garden_Highpoly, ViewLayer | Updating Geometry BVH Soft afternoon sun 195/198 | Building BVH
Fra:1 Mem:461.89M (Peak 503.65M) | Time:00:00.20 | Mem:25.50M, Peak:25.50M | Hanliu_Garden_Highpoly, ViewLayer | Updating Geometry BVH Soft afternoon sun 195/198 | Building OptiX acceleration structure
Fra:1 Mem:461.89M (Peak 503.65M) | Time:00:00.20 | Mem:25.50M, Peak:25.50M | Hanliu_Garden_Highpoly, ViewLayer | Updating Geometry BVH birds_Ink.003 194/198 | Building BVH
Fra:1 Mem:461.89M (Peak 503.65M) | Time:00:00.20 | Mem:25.50M, Peak:25.50M | Hanliu_Garden_Highpoly, ViewLayer | Updating Geometry BVH birds_Ink.003 194/198 | Building OptiX acceleration structure
Fra:1 Mem:461.89M (Peak 503.65M) | Time:00:00.20 | Mem:27.99M, Peak:27.99M | Hanliu_Garden_Highpoly, ViewLayer | Updating Geometry BVH Inscription 博客 13/198 | Building BVH
Fra:1 Mem:461.89M (Peak 503.65M) | Time:00:00.20 | Mem:27.99M, Peak:27.99M | Hanliu_Garden_Highpoly, ViewLayer | Updating Geometry BVH Inscription 博客 13/198 | Building OptiX acceleration structure
Fra:1 Mem:462.88M (Peak 503.65M) | Time:00:00.20 | Mem:28.77M, Peak:29.04M | Hanliu_Garden_Highpoly, ViewLayer | Updating Geometry BVH blog_Stone 14/198 | Building BVH
Fra:1 Mem:462.88M (Peak 503.65M) | Time:00:00.20 | Mem:28.79M, Peak:29.04M | Hanliu_Garden_Highpoly, ViewLayer | Updating Geometry BVH blog_Stone 14/198 | Building OptiX acceleration structure
Fra:1 Mem:462.88M (Peak 503.65M) | Time:00:00.20 | Mem:28.78M, Peak:29.04M | Hanliu_Garden_Highpoly, ViewLayer | Updating Geometry BVH blog_StoneLight 15/198 | Building BVH
Fra:1 Mem:462.88M (Peak 503.65M) | Time:00:00.20 | Mem:28.79M, Peak:29.04M | Hanliu_Garden_Highpoly, ViewLayer | Updating Geometry BVH blog_StoneLight 15/198 | Building OptiX acceleration structure
Fra:1 Mem:462.89M (Peak 503.65M) | Time:00:00.20 | Mem:28.79M, Peak:29.04M | Hanliu_Garden_Highpoly, ViewLayer | Updating Geometry BVH blog_Plaster 16/198 | Building BVH
Fra:1 Mem:462.89M (Peak 503.65M) | Time:00:00.20 | Mem:28.79M, Peak:29.04M | Hanliu_Garden_Highpoly, ViewLayer | Updating Geometry BVH blog_Plaster 16/198 | Building OptiX acceleration structure
Fra:1 Mem:462.89M (Peak 503.65M) | Time:00:00.20 | Mem:28.83M, Peak:29.04M | Hanliu_Garden_Highpoly, ViewLayer | Updating Geometry BVH blog_Wood 17/198 | Building BVH
Fra:1 Mem:462.89M (Peak 503.65M) | Time:00:00.20 | Mem:28.83M, Peak:29.04M | Hanliu_Garden_Highpoly, ViewLayer | Updating Geometry BVH blog_Wood 17/198 | Building OptiX acceleration structure
Fra:1 Mem:462.95M (Peak 503.65M) | Time:00:00.20 | Mem:28.86M, Peak:29.04M | Hanliu_Garden_Highpoly, ViewLayer | Updating Geometry BVH birds_DuckBrown.001 193/198 | Building BVH
Fra:1 Mem:462.95M (Peak 503.65M) | Time:00:00.20 | Mem:29.09M, Peak:29.09M | Hanliu_Garden_Highpoly, ViewLayer | Updating Geometry BVH birds_DuckBrown.001 193/198 | Building OptiX acceleration structure
Fra:1 Mem:462.93M (Peak 503.65M) | Time:00:00.20 | Mem:28.93M, Peak:29.45M | Hanliu_Garden_Highpoly, ViewLayer | Updating Geometry BVH blog_Paper 18/198 | Building BVH
Fra:1 Mem:462.93M (Peak 503.65M) | Time:00:00.20 | Mem:28.94M, Peak:29.45M | Hanliu_Garden_Highpoly, ViewLayer | Updating Geometry BVH blog_Paper 18/198 | Building OptiX acceleration structure
Fra:1 Mem:463.00M (Peak 503.65M) | Time:00:00.20 | Mem:29.08M, Peak:29.45M | Hanliu_Garden_Highpoly, ViewLayer | Updating Geometry BVH blog_WoodLight 19/198 | Building BVH
Fra:1 Mem:463.00M (Peak 503.65M) | Time:00:00.20 | Mem:29.08M, Peak:29.45M | Hanliu_Garden_Highpoly, ViewLayer | Updating Geometry BVH blog_WoodLight 19/198 | Building OptiX acceleration structure
Fra:1 Mem:463.09M (Peak 503.65M) | Time:00:00.20 | Mem:29.88M, Peak:29.88M | Hanliu_Garden_Highpoly, ViewLayer | Updating Geometry BVH blog_Wood.001 20/198 | Building BVH
Fra:1 Mem:463.09M (Peak 503.65M) | Time:00:00.20 | Mem:29.88M, Peak:29.88M | Hanliu_Garden_Highpoly, ViewLayer | Updating Geometry BVH blog_Wood.001 20/198 | Building OptiX acceleration structure
Fra:1 Mem:461.44M (Peak 503.65M) | Time:00:00.21 | Mem:29.60M, Peak:35.58M | Hanliu_Garden_Highpoly, ViewLayer | Updating Geometry BVH blog_Tile0 21/198 | Building BVH
Fra:1 Mem:461.44M (Peak 503.65M) | Time:00:00.21 | Mem:29.60M, Peak:35.58M | Hanliu_Garden_Highpoly, ViewLayer | Updating Geometry BVH blog_Tile0 21/198 | Building OptiX acceleration structure
Fra:1 Mem:461.63M (Peak 503.65M) | Time:00:00.21 | Mem:29.26M, Peak:35.58M | Hanliu_Garden_Highpoly, ViewLayer | Updating Geometry BVH blog_Tile2 22/198 | Building BVH
Fra:1 Mem:461.63M (Peak 503.65M) | Time:00:00.21 | Mem:29.26M, Peak:35.58M | Hanliu_Garden_Highpoly, ViewLayer | Updating Geometry BVH blog_Tile2 22/198 | Building OptiX acceleration structure
Fra:1 Mem:461.87M (Peak 503.65M) | Time:00:00.21 | Mem:29.48M, Peak:35.58M | Hanliu_Garden_Highpoly, ViewLayer | Updating Geometry BVH blog_Tile1 23/198 | Building BVH
Fra:1 Mem:461.87M (Peak 503.65M) | Time:00:00.21 | Mem:29.48M, Peak:35.58M | Hanliu_Garden_Highpoly, ViewLayer | Updating Geometry BVH blog_Tile1 23/198 | Building OptiX acceleration structure
Fra:1 Mem:461.47M (Peak 503.65M) | Time:00:00.21 | Mem:29.90M, Peak:35.58M | Hanliu_Garden_Highpoly, ViewLayer | Updating Geometry BVH blog_Tile3 24/198 | Building BVH
Fra:1 Mem:461.47M (Peak 503.65M) | Time:00:00.21 | Mem:29.90M, Peak:35.58M | Hanliu_Garden_Highpoly, ViewLayer | Updating Geometry BVH blog_Tile3 24/198 | Building OptiX acceleration structure
Fra:1 Mem:461.57M (Peak 503.65M) | Time:00:00.21 | Mem:30.00M, Peak:35.58M | Hanliu_Garden_Highpoly, ViewLayer | Updating Geometry BVH blog_Ceramic 25/198 | Building BVH
Fra:1 Mem:461.57M (Peak 503.65M) | Time:00:00.21 | Mem:30.05M, Peak:35.58M | Hanliu_Garden_Highpoly, ViewLayer | Updating Geometry BVH blog_Ceramic 25/198 | Building OptiX acceleration structure
Fra:1 Mem:461.64M (Peak 503.65M) | Time:00:00.21 | Mem:30.09M, Peak:35.58M | Hanliu_Garden_Highpoly, ViewLayer | Updating Geometry BVH blog_Burgundy 26/198 | Building BVH
Fra:1 Mem:461.64M (Peak 503.65M) | Time:00:00.21 | Mem:30.10M, Peak:35.58M | Hanliu_Garden_Highpoly, ViewLayer | Updating Geometry BVH blog_Burgundy 26/198 | Building OptiX acceleration structure
Fra:1 Mem:461.70M (Peak 503.65M) | Time:00:00.21 | Mem:30.49M, Peak:35.58M | Hanliu_Garden_Highpoly, ViewLayer | Updating Geometry BVH Inscription 别苑杂务 27/198 | Building BVH
Fra:1 Mem:461.70M (Peak 503.65M) | Time:00:00.21 | Mem:30.49M, Peak:35.58M | Hanliu_Garden_Highpoly, ViewLayer | Updating Geometry BVH Inscription 别苑杂务 27/198 | Building OptiX acceleration structure
Fra:1 Mem:463.33M (Peak 503.65M) | Time:00:00.21 | Mem:31.85M, Peak:35.58M | Hanliu_Garden_Highpoly, ViewLayer | Updating Geometry BVH chores_StoneLight 28/198 | Building BVH
Fra:1 Mem:463.33M (Peak 503.65M) | Time:00:00.21 | Mem:32.21M, Peak:35.58M | Hanliu_Garden_Highpoly, ViewLayer | Updating Geometry BVH chores_StoneLight 28/198 | Building OptiX acceleration structure
Fra:1 Mem:463.26M (Peak 503.65M) | Time:00:00.21 | Mem:31.84M, Peak:35.58M | Hanliu_Garden_Highpoly, ViewLayer | Updating Geometry BVH birds_Ink.002 192/198 | Building BVH
Fra:1 Mem:463.26M (Peak 503.65M) | Time:00:00.21 | Mem:31.84M, Peak:35.58M | Hanliu_Garden_Highpoly, ViewLayer | Updating Geometry BVH birds_Ink.002 192/198 | Building OptiX acceleration structure
Fra:1 Mem:463.18M (Peak 503.65M) | Time:00:00.21 | Mem:32.46M, Peak:35.58M | Hanliu_Garden_Highpoly, ViewLayer | Updating Geometry BVH chores_Wood 29/198 | Building BVH
Fra:1 Mem:463.18M (Peak 503.65M) | Time:00:00.21 | Mem:32.46M, Peak:35.58M | Hanliu_Garden_Highpoly, ViewLayer | Updating Geometry BVH chores_Wood 29/198 | Building OptiX acceleration structure
Fra:1 Mem:463.17M (Peak 503.65M) | Time:00:00.21 | Mem:31.96M, Peak:35.58M | Hanliu_Garden_Highpoly, ViewLayer | Updating Geometry BVH chores_Plaster 30/198 | Building BVH
Fra:1 Mem:463.17M (Peak 503.65M) | Time:00:00.21 | Mem:32.51M, Peak:35.58M | Hanliu_Garden_Highpoly, ViewLayer | Updating Geometry BVH chores_Plaster 30/198 | Building OptiX acceleration structure
Fra:1 Mem:462.92M (Peak 503.65M) | Time:00:00.21 | Mem:31.96M, Peak:35.58M | Hanliu_Garden_Highpoly, ViewLayer | Updating Geometry BVH chores_Tile3 31/198 | Building BVH
Fra:1 Mem:462.92M (Peak 503.65M) | Time:00:00.21 | Mem:31.96M, Peak:35.58M | Hanliu_Garden_Highpoly, ViewLayer | Updating Geometry BVH chores_Tile3 31/198 | Building OptiX acceleration structure
Fra:1 Mem:462.60M (Peak 503.65M) | Time:00:00.21 | Mem:31.92M, Peak:35.58M | Hanliu_Garden_Highpoly, ViewLayer | Updating Geometry BVH chores_Tile0 32/198 | Building BVH
Fra:1 Mem:462.60M (Peak 503.65M) | Time:00:00.21 | Mem:31.92M, Peak:35.58M | Hanliu_Garden_Highpoly, ViewLayer | Updating Geometry BVH chores_Tile0 32/198 | Building OptiX acceleration structure
Fra:1 Mem:462.41M (Peak 503.65M) | Time:00:00.21 | Mem:31.93M, Peak:35.58M | Hanliu_Garden_Highpoly, ViewLayer | Updating Geometry BVH chores_Tile1 33/198 | Building BVH
Fra:1 Mem:462.41M (Peak 503.65M) | Time:00:00.21 | Mem:31.93M, Peak:35.58M | Hanliu_Garden_Highpoly, ViewLayer | Updating Geometry BVH chores_Tile1 33/198 | Building OptiX acceleration structure
Fra:1 Mem:461.96M (Peak 503.65M) | Time:00:00.21 | Mem:32.23M, Peak:35.58M | Hanliu_Garden_Highpoly, ViewLayer | Updating Geometry BVH chores_Tile2 34/198 | Building BVH
Fra:1 Mem:461.96M (Peak 503.65M) | Time:00:00.21 | Mem:32.46M, Peak:35.58M | Hanliu_Garden_Highpoly, ViewLayer | Updating Geometry BVH chores_Tile2 34/198 | Building OptiX acceleration structure
Fra:1 Mem:461.93M (Peak 503.65M) | Time:00:00.21 | Mem:32.09M, Peak:35.58M | Hanliu_Garden_Highpoly, ViewLayer | Updating Geometry BVH chores_WoodLight 35/198 | Building BVH
Fra:1 Mem:461.93M (Peak 503.65M) | Time:00:00.21 | Mem:32.27M, Peak:35.58M | Hanliu_Garden_Highpoly, ViewLayer | Updating Geometry BVH chores_WoodLight 35/198 | Building OptiX acceleration structure
Fra:1 Mem:461.85M (Peak 503.65M) | Time:00:00.22 | Mem:32.09M, Peak:35.58M | Hanliu_Garden_Highpoly, ViewLayer | Updating Geometry BVH chores_Wood.001 36/198 | Building BVH
Fra:1 Mem:461.85M (Peak 503.65M) | Time:00:00.22 | Mem:32.24M, Peak:35.58M | Hanliu_Garden_Highpoly, ViewLayer | Updating Geometry BVH chores_Wood.001 36/198 | Building OptiX acceleration structure
Fra:1 Mem:461.79M (Peak 503.65M) | Time:00:00.22 | Mem:32.10M, Peak:35.58M | Hanliu_Garden_Highpoly, ViewLayer | Updating Geometry BVH chores_Paper 37/198 | Building BVH
Fra:1 Mem:461.79M (Peak 503.65M) | Time:00:00.22 | Mem:32.10M, Peak:35.58M | Hanliu_Garden_Highpoly, ViewLayer | Updating Geometry BVH chores_Paper 37/198 | Building OptiX acceleration structure
Fra:1 Mem:460.10M (Peak 503.65M) | Time:00:00.22 | Mem:31.73M, Peak:39.91M | Hanliu_Garden_Highpoly, ViewLayer | Updating Geometry BVH Inscription 造物录 38/198 | Building BVH
Fra:1 Mem:460.10M (Peak 503.65M) | Time:00:00.22 | Mem:31.73M, Peak:39.91M | Hanliu_Garden_Highpoly, ViewLayer | Updating Geometry BVH Inscription 造物录 38/198 | Building OptiX acceleration structure
Fra:1 Mem:461.48M (Peak 503.65M) | Time:00:00.22 | Mem:33.10M, Peak:39.91M | Hanliu_Garden_Highpoly, ViewLayer | Updating Geometry BVH making_Stone 39/198 | Building BVH
Fra:1 Mem:461.48M (Peak 503.65M) | Time:00:00.22 | Mem:33.14M, Peak:39.91M | Hanliu_Garden_Highpoly, ViewLayer | Updating Geometry BVH making_Stone 39/198 | Building OptiX acceleration structure
Fra:1 Mem:461.47M (Peak 503.65M) | Time:00:00.22 | Mem:33.10M, Peak:39.91M | Hanliu_Garden_Highpoly, ViewLayer | Updating Geometry BVH birds_DuckBrown 191/198 | Building BVH
Fra:1 Mem:461.47M (Peak 503.65M) | Time:00:00.22 | Mem:33.33M, Peak:39.91M | Hanliu_Garden_Highpoly, ViewLayer | Updating Geometry BVH birds_DuckBrown 191/198 | Building OptiX acceleration structure
Fra:1 Mem:461.39M (Peak 503.65M) | Time:00:00.22 | Mem:33.12M, Peak:39.91M | Hanliu_Garden_Highpoly, ViewLayer | Updating Geometry BVH making_StoneLight 40/198 | Building BVH
Fra:1 Mem:461.39M (Peak 503.65M) | Time:00:00.22 | Mem:33.12M, Peak:39.91M | Hanliu_Garden_Highpoly, ViewLayer | Updating Geometry BVH making_StoneLight 40/198 | Building OptiX acceleration structure
Fra:1 Mem:461.40M (Peak 503.65M) | Time:00:00.22 | Mem:33.16M, Peak:39.91M | Hanliu_Garden_Highpoly, ViewLayer | Updating Geometry BVH making_Plaster 41/198 | Building BVH
Fra:1 Mem:461.40M (Peak 503.65M) | Time:00:00.22 | Mem:33.22M, Peak:39.91M | Hanliu_Garden_Highpoly, ViewLayer | Updating Geometry BVH making_Plaster 41/198 | Building OptiX acceleration structure
Fra:1 Mem:461.38M (Peak 503.65M) | Time:00:00.22 | Mem:33.12M, Peak:39.91M | Hanliu_Garden_Highpoly, ViewLayer | Updating Geometry BVH making_Wood 42/198 | Building BVH
Fra:1 Mem:461.38M (Peak 503.65M) | Time:00:00.22 | Mem:33.38M, Peak:39.91M | Hanliu_Garden_Highpoly, ViewLayer | Updating Geometry BVH making_Wood 42/198 | Building OptiX acceleration structure
Fra:1 Mem:461.38M (Peak 503.65M) | Time:00:00.22 | Mem:33.56M, Peak:39.91M | Hanliu_Garden_Highpoly, ViewLayer | Updating Geometry BVH making_Paper 43/198 | Building BVH
Fra:1 Mem:461.38M (Peak 503.65M) | Time:00:00.22 | Mem:34.03M, Peak:39.91M | Hanliu_Garden_Highpoly, ViewLayer | Updating Geometry BVH making_Paper 43/198 | Building OptiX acceleration structure
Fra:1 Mem:461.20M (Peak 503.65M) | Time:00:00.22 | Mem:33.15M, Peak:39.91M | Hanliu_Garden_Highpoly, ViewLayer | Updating Geometry BVH making_WoodLight 44/198 | Building BVH
Fra:1 Mem:461.20M (Peak 503.65M) | Time:00:00.22 | Mem:33.31M, Peak:39.91M | Hanliu_Garden_Highpoly, ViewLayer | Updating Geometry BVH making_WoodLight 44/198 | Building OptiX acceleration structure
Fra:1 Mem:461.14M (Peak 503.65M) | Time:00:00.22 | Mem:33.17M, Peak:39.91M | Hanliu_Garden_Highpoly, ViewLayer | Updating Geometry BVH making_Wood.001 45/198 | Building BVH
Fra:1 Mem:461.14M (Peak 503.65M) | Time:00:00.22 | Mem:33.17M, Peak:39.91M | Hanliu_Garden_Highpoly, ViewLayer | Updating Geometry BVH making_Wood.001 45/198 | Building OptiX acceleration structure
Fra:1 Mem:461.31M (Peak 503.65M) | Time:00:00.22 | Mem:33.35M, Peak:39.91M | Hanliu_Garden_Highpoly, ViewLayer | Updating Geometry BVH making_Tile2 46/198 | Building BVH
Fra:1 Mem:461.31M (Peak 503.65M) | Time:00:00.22 | Mem:33.37M, Peak:39.91M | Hanliu_Garden_Highpoly, ViewLayer | Updating Geometry BVH making_Tile2 46/198 | Building OptiX acceleration structure
Fra:1 Mem:461.43M (Peak 503.65M) | Time:00:00.22 | Mem:33.49M, Peak:39.91M | Hanliu_Garden_Highpoly, ViewLayer | Updating Geometry BVH making_Tile1 47/198 | Building BVH
Fra:1 Mem:461.43M (Peak 503.65M) | Time:00:00.22 | Mem:33.49M, Peak:39.91M | Hanliu_Garden_Highpoly, ViewLayer | Updating Geometry BVH making_Tile1 47/198 | Building OptiX acceleration structure
Fra:1 Mem:461.82M (Peak 503.65M) | Time:00:00.22 | Mem:33.85M, Peak:39.91M | Hanliu_Garden_Highpoly, ViewLayer | Updating Geometry BVH making_Tile0 48/198 | Building BVH
Fra:1 Mem:461.82M (Peak 503.65M) | Time:00:00.22 | Mem:33.85M, Peak:39.91M | Hanliu_Garden_Highpoly, ViewLayer | Updating Geometry BVH making_Tile0 48/198 | Building OptiX acceleration structure
Fra:1 Mem:460.61M (Peak 503.65M) | Time:00:00.22 | Mem:33.72M, Peak:40.38M | Hanliu_Garden_Highpoly, ViewLayer | Updating Geometry BVH making_Tile3 49/198 | Building BVH
Fra:1 Mem:460.61M (Peak 503.65M) | Time:00:00.22 | Mem:33.74M, Peak:40.38M | Hanliu_Garden_Highpoly, ViewLayer | Updating Geometry BVH making_Tile3 49/198 | Building OptiX acceleration structure
Fra:1 Mem:460.66M (Peak 503.65M) | Time:00:00.22 | Mem:33.77M, Peak:40.38M | Hanliu_Garden_Highpoly, ViewLayer | Updating Geometry BVH making_WoodLight.001 50/198 | Building BVH
Fra:1 Mem:460.66M (Peak 503.65M) | Time:00:00.22 | Mem:33.82M, Peak:40.38M | Hanliu_Garden_Highpoly, ViewLayer | Updating Geometry BVH making_WoodLight.001 50/198 | Building OptiX acceleration structure
Fra:1 Mem:460.64M (Peak 503.65M) | Time:00:00.22 | Mem:33.77M, Peak:40.38M | Hanliu_Garden_Highpoly, ViewLayer | Updating Geometry BVH birds_Yellow 190/198 | Building BVH
Fra:1 Mem:460.64M (Peak 503.65M) | Time:00:00.22 | Mem:33.77M, Peak:40.38M | Hanliu_Garden_Highpoly, ViewLayer | Updating Geometry BVH birds_Yellow 190/198 | Building OptiX acceleration structure
Fra:1 Mem:460.63M (Peak 503.65M) | Time:00:00.22 | Mem:33.77M, Peak:40.38M | Hanliu_Garden_Highpoly, ViewLayer | Updating Geometry BVH making_Ink 51/198 | Building BVH
Fra:1 Mem:460.63M (Peak 503.65M) | Time:00:00.22 | Mem:33.80M, Peak:40.38M | Hanliu_Garden_Highpoly, ViewLayer | Updating Geometry BVH making_Ink 51/198 | Building OptiX acceleration structure
Fra:1 Mem:460.64M (Peak 503.65M) | Time:00:00.22 | Mem:33.79M, Peak:40.38M | Hanliu_Garden_Highpoly, ViewLayer | Updating Geometry BVH making_Brass 52/198 | Building BVH
Fra:1 Mem:460.64M (Peak 503.65M) | Time:00:00.22 | Mem:34.10M, Peak:40.38M | Hanliu_Garden_Highpoly, ViewLayer | Updating Geometry BVH making_Brass 52/198 | Building OptiX acceleration structure
Fra:1 Mem:460.58M (Peak 503.65M) | Time:00:00.22 | Mem:33.83M, Peak:40.38M | Hanliu_Garden_Highpoly, ViewLayer | Updating Geometry BVH Inscription 语义花园 53/198 | Building BVH
Fra:1 Mem:460.58M (Peak 503.65M) | Time:00:00.22 | Mem:33.83M, Peak:40.38M | Hanliu_Garden_Highpoly, ViewLayer | Updating Geometry BVH Inscription 语义花园 53/198 | Building OptiX acceleration structure
Fra:1 Mem:461.97M (Peak 503.65M) | Time:00:00.22 | Mem:35.22M, Peak:40.38M | Hanliu_Garden_Highpoly, ViewLayer | Updating Geometry BVH garden_Plaster 54/198 | Building BVH
Fra:1 Mem:461.97M (Peak 503.65M) | Time:00:00.22 | Mem:35.27M, Peak:40.38M | Hanliu_Garden_Highpoly, ViewLayer | Updating Geometry BVH garden_Plaster 54/198 | Building OptiX acceleration structure
Fra:1 Mem:461.96M (Peak 503.65M) | Time:00:00.23 | Mem:36.04M, Peak:40.38M | Hanliu_Garden_Highpoly, ViewLayer | Updating Geometry BVH garden_StoneLight 55/198 | Building BVH
Fra:1 Mem:461.96M (Peak 503.65M) | Time:00:00.23 | Mem:36.04M, Peak:40.38M | Hanliu_Garden_Highpoly, ViewLayer | Updating Geometry BVH garden_StoneLight 55/198 | Building OptiX acceleration structure
Fra:1 Mem:461.84M (Peak 503.65M) | Time:00:00.23 | Mem:35.82M, Peak:40.38M | Hanliu_Garden_Highpoly, ViewLayer | Updating Geometry BVH garden_Wood 56/198 | Building BVH
Fra:1 Mem:461.84M (Peak 503.65M) | Time:00:00.23 | Mem:35.82M, Peak:40.38M | Hanliu_Garden_Highpoly, ViewLayer | Updating Geometry BVH garden_Wood 56/198 | Building OptiX acceleration structure
Fra:1 Mem:461.88M (Peak 503.65M) | Time:00:00.23 | Mem:35.39M, Peak:40.38M | Hanliu_Garden_Highpoly, ViewLayer | Updating Geometry BVH garden_Tile2 57/198 | Building BVH
Fra:1 Mem:461.88M (Peak 503.65M) | Time:00:00.23 | Mem:35.39M, Peak:40.38M | Hanliu_Garden_Highpoly, ViewLayer | Updating Geometry BVH garden_Tile2 57/198 | Building OptiX acceleration structure
Fra:1 Mem:461.55M (Peak 503.65M) | Time:00:00.23 | Mem:35.74M, Peak:40.38M | Hanliu_Garden_Highpoly, ViewLayer | Updating Geometry BVH garden_Tile1 58/198 | Building BVH
Fra:1 Mem:461.55M (Peak 503.65M) | Time:00:00.23 | Mem:35.74M, Peak:40.38M | Hanliu_Garden_Highpoly, ViewLayer | Updating Geometry BVH garden_Tile1 58/198 | Building OptiX acceleration structure
Fra:1 Mem:461.54M (Peak 503.65M) | Time:00:00.23 | Mem:35.72M, Peak:40.38M | Hanliu_Garden_Highpoly, ViewLayer | Updating Geometry BVH garden_Tile0 59/198 | Building BVH
Fra:1 Mem:461.54M (Peak 503.65M) | Time:00:00.23 | Mem:35.72M, Peak:40.38M | Hanliu_Garden_Highpoly, ViewLayer | Updating Geometry BVH garden_Tile0 59/198 | Building OptiX acceleration structure
Fra:1 Mem:461.53M (Peak 503.65M) | Time:00:00.23 | Mem:35.57M, Peak:40.38M | Hanliu_Garden_Highpoly, ViewLayer | Updating Geometry BVH garden_Tile3 60/198 | Building BVH
Fra:1 Mem:461.53M (Peak 503.65M) | Time:00:00.23 | Mem:35.58M, Peak:40.38M | Hanliu_Garden_Highpoly, ViewLayer | Updating Geometry BVH garden_Tile3 60/198 | Building OptiX acceleration structure
Fra:1 Mem:461.54M (Peak 503.65M) | Time:00:00.23 | Mem:35.58M, Peak:40.38M | Hanliu_Garden_Highpoly, ViewLayer | Updating Geometry BVH garden_Wood.001 61/198 | Building BVH
Fra:1 Mem:461.54M (Peak 503.65M) | Time:00:00.23 | Mem:35.59M, Peak:40.38M | Hanliu_Garden_Highpoly, ViewLayer | Updating Geometry BVH garden_Wood.001 61/198 | Building OptiX acceleration structure
Fra:1 Mem:461.54M (Peak 503.65M) | Time:00:00.23 | Mem:35.58M, Peak:40.38M | Hanliu_Garden_Highpoly, ViewLayer | Updating Geometry BVH birds_DuckGreen 189/198 | Building BVH
Fra:1 Mem:461.54M (Peak 503.65M) | Time:00:00.23 | Mem:35.63M, Peak:40.38M | Hanliu_Garden_Highpoly, ViewLayer | Updating Geometry BVH birds_DuckGreen 189/198 | Building OptiX acceleration structure
Fra:1 Mem:461.54M (Peak 503.65M) | Time:00:00.23 | Mem:35.59M, Peak:40.38M | Hanliu_Garden_Highpoly, ViewLayer | Updating Geometry BVH garden_Paper 62/198 | Building BVH
Fra:1 Mem:461.54M (Peak 503.65M) | Time:00:00.23 | Mem:35.61M, Peak:40.38M | Hanliu_Garden_Highpoly, ViewLayer | Updating Geometry BVH garden_Paper 62/198 | Building OptiX acceleration structure
Fra:1 Mem:461.54M (Peak 503.65M) | Time:00:00.23 | Mem:35.60M, Peak:40.38M | Hanliu_Garden_Highpoly, ViewLayer | Updating Geometry BVH garden_Wood.002 63/198 | Building BVH
Fra:1 Mem:461.54M (Peak 503.65M) | Time:00:00.23 | Mem:35.60M, Peak:40.38M | Hanliu_Garden_Highpoly, ViewLayer | Updating Geometry BVH garden_Wood.002 63/198 | Building OptiX acceleration structure
Fra:1 Mem:460.33M (Peak 503.65M) | Time:00:00.23 | Mem:35.52M, Peak:42.21M | Hanliu_Garden_Highpoly, ViewLayer | Updating Geometry BVH garden_Leaf0 64/198 | Building BVH
Fra:1 Mem:460.33M (Peak 503.65M) | Time:00:00.23 | Mem:35.52M, Peak:42.21M | Hanliu_Garden_Highpoly, ViewLayer | Updating Geometry BVH garden_Leaf0 64/198 | Building OptiX acceleration structure
Fra:1 Mem:460.90M (Peak 503.65M) | Time:00:00.23 | Mem:36.26M, Peak:42.21M | Hanliu_Garden_Highpoly, ViewLayer | Updating Geometry BVH garden_Leaf3 65/198 | Building BVH
Fra:1 Mem:460.90M (Peak 503.65M) | Time:00:00.23 | Mem:36.26M, Peak:42.21M | Hanliu_Garden_Highpoly, ViewLayer | Updating Geometry BVH garden_Leaf3 65/198 | Building OptiX acceleration structure
Fra:1 Mem:461.44M (Peak 503.65M) | Time:00:00.23 | Mem:37.48M, Peak:42.21M | Hanliu_Garden_Highpoly, ViewLayer | Updating Geometry BVH garden_Leaf4 66/198 | Building BVH
Fra:1 Mem:461.44M (Peak 503.65M) | Time:00:00.23 | Mem:37.48M, Peak:42.21M | Hanliu_Garden_Highpoly, ViewLayer | Updating Geometry BVH garden_Leaf4 66/198 | Building OptiX acceleration structure
Fra:1 Mem:461.87M (Peak 503.65M) | Time:00:00.23 | Mem:37.50M, Peak:42.21M | Hanliu_Garden_Highpoly, ViewLayer | Updating Geometry BVH garden_PalePink 67/198 | Building BVH
Fra:1 Mem:461.87M (Peak 503.65M) | Time:00:00.23 | Mem:37.50M, Peak:42.21M | Hanliu_Garden_Highpoly, ViewLayer | Updating Geometry BVH garden_PalePink 67/198 | Building OptiX acceleration structure
Fra:1 Mem:463.17M (Peak 503.65M) | Time:00:00.23 | Mem:39.31M, Peak:42.21M | Hanliu_Garden_Highpoly, ViewLayer | Updating Geometry BVH garden_Purple 68/198 | Building BVH
Fra:1 Mem:463.17M (Peak 503.65M) | Time:00:00.23 | Mem:39.31M, Peak:42.21M | Hanliu_Garden_Highpoly, ViewLayer | Updating Geometry BVH garden_Purple 68/198 | Building OptiX acceleration structure
Fra:1 Mem:463.75M (Peak 503.65M) | Time:00:00.23 | Mem:39.43M, Peak:42.21M | Hanliu_Garden_Highpoly, ViewLayer | Updating Geometry BVH garden_White 69/198 | Building BVH
Fra:1 Mem:463.75M (Peak 503.65M) | Time:00:00.23 | Mem:39.43M, Peak:42.21M | Hanliu_Garden_Highpoly, ViewLayer | Updating Geometry BVH garden_White 69/198 | Building OptiX acceleration structure
Fra:1 Mem:464.83M (Peak 503.65M) | Time:00:00.23 | Mem:40.40M, Peak:42.21M | Hanliu_Garden_Highpoly, ViewLayer | Updating Geometry BVH garden_Mortar 70/198 | Building BVH
Fra:1 Mem:464.83M (Peak 503.65M) | Time:00:00.23 | Mem:40.46M, Peak:42.21M | Hanliu_Garden_Highpoly, ViewLayer | Updating Geometry BVH garden_Mortar 70/198 | Building OptiX acceleration structure
Fra:1 Mem:464.88M (Peak 503.65M) | Time:00:00.23 | Mem:40.47M, Peak:42.21M | Hanliu_Garden_Highpoly, ViewLayer | Updating Geometry BVH garden_Stone 71/198 | Building BVH
Fra:1 Mem:464.88M (Peak 503.65M) | Time:00:00.23 | Mem:40.47M, Peak:42.21M | Hanliu_Garden_Highpoly, ViewLayer | Updating Geometry BVH garden_Stone 71/198 | Building OptiX acceleration structure
Fra:1 Mem:464.97M (Peak 503.65M) | Time:00:00.23 | Mem:40.56M, Peak:42.21M | Hanliu_Garden_Highpoly, ViewLayer | Updating Geometry BVH garden_StoneLight.001 72/198 | Building BVH
Fra:1 Mem:464.97M (Peak 503.65M) | Time:00:00.23 | Mem:40.63M, Peak:42.21M | Hanliu_Garden_Highpoly, ViewLayer | Updating Geometry BVH garden_StoneLight.001 72/198 | Building OptiX acceleration structure
Fra:1 Mem:465.01M (Peak 503.65M) | Time:00:00.23 | Mem:40.61M, Peak:42.21M | Hanliu_Garden_Highpoly, ViewLayer | Updating Geometry BVH birds_BirdGrey.001 188/198 | Building BVH
Fra:1 Mem:465.01M (Peak 503.65M) | Time:00:00.23 | Mem:40.62M, Peak:42.21M | Hanliu_Garden_Highpoly, ViewLayer | Updating Geometry BVH birds_BirdGrey.001 188/198 | Building OptiX acceleration structure
Fra:1 Mem:465.05M (Peak 503.65M) | Time:00:00.23 | Mem:41.54M, Peak:42.21M | Hanliu_Garden_Highpoly, ViewLayer | Updating Geometry BVH Inscription 居士自序 73/198 | Building BVH
Fra:1 Mem:465.05M (Peak 503.65M) | Time:00:00.23 | Mem:41.54M, Peak:42.21M | Hanliu_Garden_Highpoly, ViewLayer | Updating Geometry BVH Inscription 居士自序 73/198 | Building OptiX acceleration structure
Fra:1 Mem:466.05M (Peak 503.65M) | Time:00:00.24 | Mem:41.83M, Peak:42.73M | Hanliu_Garden_Highpoly, ViewLayer | Updating Geometry BVH about_Stone 74/198 | Building BVH
Fra:1 Mem:466.05M (Peak 503.65M) | Time:00:00.24 | Mem:41.83M, Peak:42.73M | Hanliu_Garden_Highpoly, ViewLayer | Updating Geometry BVH about_Stone 74/198 | Building OptiX acceleration structure
Fra:1 Mem:465.47M (Peak 503.65M) | Time:00:00.24 | Mem:41.58M, Peak:43.95M | Hanliu_Garden_Highpoly, ViewLayer | Updating Geometry BVH about_StoneLight 75/198 | Building BVH
Fra:1 Mem:465.47M (Peak 503.65M) | Time:00:00.24 | Mem:41.58M, Peak:43.95M | Hanliu_Garden_Highpoly, ViewLayer | Updating Geometry BVH about_StoneLight 75/198 | Building OptiX acceleration structure
Fra:1 Mem:464.89M (Peak 503.65M) | Time:00:00.24 | Mem:41.33M, Peak:43.95M | Hanliu_Garden_Highpoly, ViewLayer | Updating Geometry BVH about_Plaster 76/198 | Building BVH
Fra:1 Mem:464.89M (Peak 503.65M) | Time:00:00.24 | Mem:41.33M, Peak:43.95M | Hanliu_Garden_Highpoly, ViewLayer | Updating Geometry BVH about_Plaster 76/198 | Building OptiX acceleration structure
Fra:1 Mem:464.31M (Peak 503.65M) | Time:00:00.24 | Mem:41.08M, Peak:43.95M | Hanliu_Garden_Highpoly, ViewLayer | Updating Geometry BVH about_Paper 77/198 | Building BVH
Fra:1 Mem:464.31M (Peak 503.65M) | Time:00:00.24 | Mem:41.08M, Peak:43.95M | Hanliu_Garden_Highpoly, ViewLayer | Updating Geometry BVH about_Paper 77/198 | Building OptiX acceleration structure
Fra:1 Mem:462.96M (Peak 503.65M) | Time:00:00.24 | Mem:40.71M, Peak:47.27M | Hanliu_Garden_Highpoly, ViewLayer | Updating Geometry BVH about_WoodLight 78/198 | Building BVH
Fra:1 Mem:462.96M (Peak 503.65M) | Time:00:00.24 | Mem:40.71M, Peak:47.27M | Hanliu_Garden_Highpoly, ViewLayer | Updating Geometry BVH about_WoodLight 78/198 | Building OptiX acceleration structure
Fra:1 Mem:462.22M (Peak 503.65M) | Time:00:00.24 | Mem:40.52M, Peak:47.27M | Hanliu_Garden_Highpoly, ViewLayer | Updating Geometry BVH about_Wood 79/198 | Building BVH
Fra:1 Mem:462.22M (Peak 503.65M) | Time:00:00.24 | Mem:40.52M, Peak:47.27M | Hanliu_Garden_Highpoly, ViewLayer | Updating Geometry BVH about_Wood 79/198 | Building OptiX acceleration structure
Fra:1 Mem:461.13M (Peak 503.65M) | Time:00:00.24 | Mem:40.56M, Peak:47.27M | Hanliu_Garden_Highpoly, ViewLayer | Updating Geometry BVH about_Wood.001 80/198 | Building BVH
Fra:1 Mem:461.13M (Peak 503.65M) | Time:00:00.24 | Mem:40.41M, Peak:47.27M | Hanliu_Garden_Highpoly, ViewLayer | Updating Geometry BVH about_Wood.001 80/198 | Building OptiX acceleration structure
Fra:1 Mem:461.23M (Peak 503.65M) | Time:00:00.24 | Mem:40.40M, Peak:47.27M | Hanliu_Garden_Highpoly, ViewLayer | Updating Geometry BVH about_Brass 81/198 | Building BVH
Fra:1 Mem:461.23M (Peak 503.65M) | Time:00:00.24 | Mem:40.61M, Peak:47.27M | Hanliu_Garden_Highpoly, ViewLayer | Updating Geometry BVH about_Brass 81/198 | Building OptiX acceleration structure
Fra:1 Mem:461.14M (Peak 503.65M) | Time:00:00.24 | Mem:40.65M, Peak:47.27M | Hanliu_Garden_Highpoly, ViewLayer | Updating Geometry BVH about_Tile0 82/198 | Building BVH
Fra:1 Mem:461.14M (Peak 503.65M) | Time:00:00.24 | Mem:40.65M, Peak:47.27M | Hanliu_Garden_Highpoly, ViewLayer | Updating Geometry BVH about_Tile0 82/198 | Building OptiX acceleration structure
Fra:1 Mem:461.24M (Peak 503.65M) | Time:00:00.24 | Mem:40.75M, Peak:47.27M | Hanliu_Garden_Highpoly, ViewLayer | Updating Geometry BVH about_Tile1 83/198 | Building BVH
Fra:1 Mem:461.24M (Peak 503.65M) | Time:00:00.24 | Mem:40.75M, Peak:47.27M | Hanliu_Garden_Highpoly, ViewLayer | Updating Geometry BVH about_Tile1 83/198 | Building OptiX acceleration structure
Fra:1 Mem:461.56M (Peak 503.65M) | Time:00:00.24 | Mem:40.91M, Peak:47.27M | Hanliu_Garden_Highpoly, ViewLayer | Updating Geometry BVH birds_Orange 187/198 | Building BVH
Fra:1 Mem:461.56M (Peak 503.65M) | Time:00:00.24 | Mem:40.91M, Peak:47.27M | Hanliu_Garden_Highpoly, ViewLayer | Updating Geometry BVH birds_Orange 187/198 | Building OptiX acceleration structure
Fra:1 Mem:460.38M (Peak 503.65M) | Time:00:00.24 | Mem:40.65M, Peak:47.27M | Hanliu_Garden_Highpoly, ViewLayer | Updating Geometry BVH about_Tile3 84/198 | Building BVH
Fra:1 Mem:460.38M (Peak 503.65M) | Time:00:00.24 | Mem:40.65M, Peak:47.27M | Hanliu_Garden_Highpoly, ViewLayer | Updating Geometry BVH about_Tile3 84/198 | Building OptiX acceleration structure
Fra:1 Mem:460.43M (Peak 503.65M) | Time:00:00.24 | Mem:40.75M, Peak:47.27M | Hanliu_Garden_Highpoly, ViewLayer | Updating Geometry BVH about_Tile2 85/198 | Building BVH
Fra:1 Mem:460.43M (Peak 503.65M) | Time:00:00.24 | Mem:40.75M, Peak:47.27M | Hanliu_Garden_Highpoly, ViewLayer | Updating Geometry BVH about_Tile2 85/198 | Building OptiX acceleration structure
Fra:1 Mem:460.56M (Peak 503.65M) | Time:00:00.24 | Mem:40.89M, Peak:47.27M | Hanliu_Garden_Highpoly, ViewLayer | Updating Geometry BVH about_StoneLight.001 86/198 | Building BVH
Fra:1 Mem:460.56M (Peak 503.65M) | Time:00:00.24 | Mem:40.95M, Peak:47.27M | Hanliu_Garden_Highpoly, ViewLayer | Updating Geometry BVH about_StoneLight.001 86/198 | Building OptiX acceleration structure
Fra:1 Mem:460.54M (Peak 503.65M) | Time:00:00.25 | Mem:40.85M, Peak:47.27M | Hanliu_Garden_Highpoly, ViewLayer | Updating Geometry BVH about_Wood.002 87/198 | Building BVH
Fra:1 Mem:460.54M (Peak 503.65M) | Time:00:00.25 | Mem:40.86M, Peak:47.27M | Hanliu_Garden_Highpoly, ViewLayer | Updating Geometry BVH about_Wood.002 87/198 | Building OptiX acceleration structure
Fra:1 Mem:460.71M (Peak 503.65M) | Time:00:00.25 | Mem:41.03M, Peak:47.27M | Hanliu_Garden_Highpoly, ViewLayer | Updating Geometry BVH about_Tile1.001 88/198 | Building BVH
Fra:1 Mem:460.71M (Peak 503.65M) | Time:00:00.25 | Mem:41.06M, Peak:47.27M | Hanliu_Garden_Highpoly, ViewLayer | Updating Geometry BVH about_Tile1.001 88/198 | Building OptiX acceleration structure
Fra:1 Mem:460.92M (Peak 503.65M) | Time:00:00.25 | Mem:41.29M, Peak:47.27M | Hanliu_Garden_Highpoly, ViewLayer | Updating Geometry BVH about_Tile2.001 89/198 | Building BVH
Fra:1 Mem:460.92M (Peak 503.65M) | Time:00:00.25 | Mem:41.36M, Peak:47.27M | Hanliu_Garden_Highpoly, ViewLayer | Updating Geometry BVH about_Tile2.001 89/198 | Building OptiX acceleration structure
Fra:1 Mem:460.97M (Peak 503.65M) | Time:00:00.25 | Mem:41.67M, Peak:47.27M | Hanliu_Garden_Highpoly, ViewLayer | Updating Geometry BVH about_Tile3.001 90/198 | Building BVH
Fra:1 Mem:460.97M (Peak 503.65M) | Time:00:00.25 | Mem:42.10M, Peak:47.27M | Hanliu_Garden_Highpoly, ViewLayer | Updating Geometry BVH about_Tile3.001 90/198 | Building OptiX acceleration structure
Fra:1 Mem:460.84M (Peak 503.65M) | Time:00:00.25 | Mem:41.37M, Peak:47.27M | Hanliu_Garden_Highpoly, ViewLayer | Updating Geometry BVH about_Tile0.001 91/198 | Building BVH
Fra:1 Mem:460.84M (Peak 503.65M) | Time:00:00.25 | Mem:41.37M, Peak:47.27M | Hanliu_Garden_Highpoly, ViewLayer | Updating Geometry BVH about_Tile0.001 91/198 | Building OptiX acceleration structure
Fra:1 Mem:460.91M (Peak 503.65M) | Time:00:00.25 | Mem:41.41M, Peak:47.27M | Hanliu_Garden_Highpoly, ViewLayer | Updating Geometry BVH about_WoodLight.001 92/198 | Building BVH
Fra:1 Mem:460.91M (Peak 503.65M) | Time:00:00.25 | Mem:41.69M, Peak:47.27M | Hanliu_Garden_Highpoly, ViewLayer | Updating Geometry BVH about_WoodLight.001 92/198 | Building OptiX acceleration structure
Fra:1 Mem:460.76M (Peak 503.65M) | Time:00:00.25 | Mem:42.91M, Peak:47.27M | Hanliu_Garden_Highpoly, ViewLayer | Updating Geometry BVH Inscription 友链 93/198 | Building BVH
Fra:1 Mem:460.76M (Peak 503.65M) | Time:00:00.25 | Mem:42.91M, Peak:47.27M | Hanliu_Garden_Highpoly, ViewLayer | Updating Geometry BVH Inscription 友链 93/198 | Building OptiX acceleration structure
Fra:1 Mem:461.34M (Peak 503.65M) | Time:00:00.25 | Mem:42.31M, Peak:47.27M | Hanliu_Garden_Highpoly, ViewLayer | Updating Geometry BVH friends_Wood 94/198 | Building BVH
Fra:1 Mem:461.34M (Peak 503.65M) | Time:00:00.25 | Mem:42.29M, Peak:47.27M | Hanliu_Garden_Highpoly, ViewLayer | Updating Geometry BVH friends_Wood 94/198 | Building OptiX acceleration structure
Fra:1 Mem:461.33M (Peak 503.65M) | Time:00:00.25 | Mem:42.26M, Peak:47.27M | Hanliu_Garden_Highpoly, ViewLayer | Updating Geometry BVH birds_Ink.001 186/198 | Building BVH
Fra:1 Mem:461.33M (Peak 503.65M) | Time:00:00.25 | Mem:42.26M, Peak:47.27M | Hanliu_Garden_Highpoly, ViewLayer | Updating Geometry BVH birds_Ink.001 186/198 | Building OptiX acceleration structure
Fra:1 Mem:461.30M (Peak 503.65M) | Time:00:00.25 | Mem:42.54M, Peak:47.27M | Hanliu_Garden_Highpoly, ViewLayer | Updating Geometry BVH friends_WoodLight 95/198 | Building BVH
Fra:1 Mem:461.30M (Peak 503.65M) | Time:00:00.25 | Mem:42.88M, Peak:47.27M | Hanliu_Garden_Highpoly, ViewLayer | Updating Geometry BVH friends_WoodLight 95/198 | Building OptiX acceleration structure
Fra:1 Mem:461.16M (Peak 503.65M) | Time:00:00.25 | Mem:42.25M, Peak:47.27M | Hanliu_Garden_Highpoly, ViewLayer | Updating Geometry BVH friends_Ink 96/198 | Building BVH
Fra:1 Mem:461.16M (Peak 503.65M) | Time:00:00.25 | Mem:42.26M, Peak:47.27M | Hanliu_Garden_Highpoly, ViewLayer | Updating Geometry BVH friends_Ink 96/198 | Building OptiX acceleration structure
Fra:1 Mem:461.16M (Peak 503.65M) | Time:00:00.25 | Mem:42.64M, Peak:47.27M | Hanliu_Garden_Highpoly, ViewLayer | Updating Geometry BVH friends_Wood.001 97/198 | Building BVH
Fra:1 Mem:461.16M (Peak 503.65M) | Time:00:00.25 | Mem:43.12M, Peak:47.27M | Hanliu_Garden_Highpoly, ViewLayer | Updating Geometry BVH friends_Wood.001 97/198 | Building OptiX acceleration structure
Fra:1 Mem:461.01M (Peak 503.65M) | Time:00:00.25 | Mem:43.21M, Peak:47.27M | Hanliu_Garden_Highpoly, ViewLayer | Updating Geometry BVH friends_Tile1 98/198 | Building BVH
Fra:1 Mem:461.01M (Peak 503.65M) | Time:00:00.25 | Mem:43.21M, Peak:47.27M | Hanliu_Garden_Highpoly, ViewLayer | Updating Geometry BVH friends_Tile1 98/198 | Building OptiX acceleration structure
Fra:1 Mem:460.90M (Peak 503.65M) | Time:00:00.25 | Mem:42.72M, Peak:47.27M | Hanliu_Garden_Highpoly, ViewLayer | Updating Geometry BVH friends_Tile0 99/198 | Building BVH
Fra:1 Mem:460.90M (Peak 503.65M) | Time:00:00.25 | Mem:42.72M, Peak:47.27M | Hanliu_Garden_Highpoly, ViewLayer | Updating Geometry BVH friends_Tile0 99/198 | Building OptiX acceleration structure
Fra:1 Mem:460.82M (Peak 503.65M) | Time:00:00.25 | Mem:42.46M, Peak:47.27M | Hanliu_Garden_Highpoly, ViewLayer | Updating Geometry BVH friends_Tile2 100/198 | Building BVH
Fra:1 Mem:460.82M (Peak 503.65M) | Time:00:00.25 | Mem:42.46M, Peak:47.27M | Hanliu_Garden_Highpoly, ViewLayer | Updating Geometry BVH friends_Tile2 100/198 | Building OptiX acceleration structure
Fra:1 Mem:460.84M (Peak 503.65M) | Time:00:00.25 | Mem:42.37M, Peak:47.27M | Hanliu_Garden_Highpoly, ViewLayer | Updating Geometry BVH friends_Tile3 101/198 | Building BVH
Fra:1 Mem:460.84M (Peak 503.65M) | Time:00:00.25 | Mem:42.68M, Peak:47.27M | Hanliu_Garden_Highpoly, ViewLayer | Updating Geometry BVH friends_Tile3 101/198 | Building OptiX acceleration structure
Fra:1 Mem:460.76M (Peak 503.65M) | Time:00:00.25 | Mem:42.36M, Peak:47.27M | Hanliu_Garden_Highpoly, ViewLayer | Updating Geometry BVH friends_Paper 102/198 | Building BVH
Fra:1 Mem:460.76M (Peak 503.65M) | Time:00:00.25 | Mem:42.37M, Peak:47.27M | Hanliu_Garden_Highpoly, ViewLayer | Updating Geometry BVH friends_Paper 102/198 | Building OptiX acceleration structure
Fra:1 Mem:460.76M (Peak 503.65M) | Time:00:00.25 | Mem:42.36M, Peak:47.27M | Hanliu_Garden_Highpoly, ViewLayer | Updating Geometry BVH Inscription 会客间 103/198 | Building BVH
Fra:1 Mem:460.76M (Peak 503.65M) | Time:00:00.25 | Mem:42.36M, Peak:47.27M | Hanliu_Garden_Highpoly, ViewLayer | Updating Geometry BVH Inscription 会客间 103/198 | Building OptiX acceleration structure
Fra:1 Mem:460.95M (Peak 503.65M) | Time:00:00.25 | Mem:43.26M, Peak:47.77M | Hanliu_Garden_Highpoly, ViewLayer | Updating Geometry BVH backyard_Stone 104/198 | Building BVH
Fra:1 Mem:460.95M (Peak 503.65M) | Time:00:00.25 | Mem:43.27M, Peak:47.77M | Hanliu_Garden_Highpoly, ViewLayer | Updating Geometry BVH backyard_Stone 104/198 | Building OptiX acceleration structure
Fra:1 Mem:460.95M (Peak 503.65M) | Time:00:00.25 | Mem:43.36M, Peak:47.77M | Hanliu_Garden_Highpoly, ViewLayer | Updating Geometry BVH backyard_StoneLight 105/198 | Building BVH
Fra:1 Mem:460.95M (Peak 503.65M) | Time:00:00.25 | Mem:43.36M, Peak:47.77M | Hanliu_Garden_Highpoly, ViewLayer | Updating Geometry BVH backyard_StoneLight 105/198 | Building OptiX acceleration structure
Fra:1 Mem:460.94M (Peak 503.65M) | Time:00:00.25 | Mem:43.26M, Peak:47.77M | Hanliu_Garden_Highpoly, ViewLayer | Updating Geometry BVH birds_BirdWhite.001 185/198 | Building BVH
Fra:1 Mem:460.94M (Peak 503.65M) | Time:00:00.25 | Mem:43.27M, Peak:47.77M | Hanliu_Garden_Highpoly, ViewLayer | Updating Geometry BVH birds_BirdWhite.001 185/198 | Building OptiX acceleration structure
Fra:1 Mem:460.94M (Peak 503.65M) | Time:00:00.25 | Mem:43.28M, Peak:47.77M | Hanliu_Garden_Highpoly, ViewLayer | Updating Geometry BVH backyard_Wood 106/198 | Building BVH
Fra:1 Mem:460.94M (Peak 503.65M) | Time:00:00.25 | Mem:43.28M, Peak:47.77M | Hanliu_Garden_Highpoly, ViewLayer | Updating Geometry BVH backyard_Wood 106/198 | Building OptiX acceleration structure
Fra:1 Mem:460.95M (Peak 503.65M) | Time:00:00.25 | Mem:43.35M, Peak:47.77M | Hanliu_Garden_Highpoly, ViewLayer | Updating Geometry BVH backyard_WoodLight 107/198 | Building BVH
Fra:1 Mem:460.95M (Peak 503.65M) | Time:00:00.25 | Mem:43.44M, Peak:47.77M | Hanliu_Garden_Highpoly, ViewLayer | Updating Geometry BVH backyard_WoodLight 107/198 | Building OptiX acceleration structure
Fra:1 Mem:460.93M (Peak 503.65M) | Time:00:00.25 | Mem:43.77M, Peak:47.77M | Hanliu_Garden_Highpoly, ViewLayer | Updating Geometry BVH backyard_Tile2 108/198 | Building BVH
Fra:1 Mem:460.93M (Peak 503.65M) | Time:00:00.25 | Mem:43.77M, Peak:47.77M | Hanliu_Garden_Highpoly, ViewLayer | Updating Geometry BVH backyard_Tile2 108/198 | Building OptiX acceleration structure
Fra:1 Mem:461.31M (Peak 503.65M) | Time:00:00.26 | Mem:43.78M, Peak:47.77M | Hanliu_Garden_Highpoly, ViewLayer | Updating Geometry BVH backyard_Tile0 109/198 | Building BVH
Fra:1 Mem:461.31M (Peak 503.65M) | Time:00:00.26 | Mem:43.80M, Peak:47.77M | Hanliu_Garden_Highpoly, ViewLayer | Updating Geometry BVH backyard_Tile0 109/198 | Building OptiX acceleration structure
Fra:1 Mem:461.76M (Peak 503.65M) | Time:00:00.26 | Mem:44.43M, Peak:47.77M | Hanliu_Garden_Highpoly, ViewLayer | Updating Geometry BVH backyard_Tile1 110/198 | Building BVH
Fra:1 Mem:461.76M (Peak 503.65M) | Time:00:00.26 | Mem:44.43M, Peak:47.77M | Hanliu_Garden_Highpoly, ViewLayer | Updating Geometry BVH backyard_Tile1 110/198 | Building OptiX acceleration structure
Fra:1 Mem:462.19M (Peak 503.65M) | Time:00:00.26 | Mem:44.68M, Peak:47.77M | Hanliu_Garden_Highpoly, ViewLayer | Updating Geometry BVH backyard_Tile1.001 111/198 | Building BVH
Fra:1 Mem:462.19M (Peak 503.65M) | Time:00:00.26 | Mem:44.69M, Peak:47.77M | Hanliu_Garden_Highpoly, ViewLayer | Updating Geometry BVH backyard_Tile1.001 111/198 | Building OptiX acceleration structure
Fra:1 Mem:462.19M (Peak 503.65M) | Time:00:00.26 | Mem:44.70M, Peak:47.77M | Hanliu_Garden_Highpoly, ViewLayer | Updating Geometry BVH backyard_Wood.001 112/198 | Building BVH
Fra:1 Mem:462.19M (Peak 503.65M) | Time:00:00.26 | Mem:44.70M, Peak:47.77M | Hanliu_Garden_Highpoly, ViewLayer | Updating Geometry BVH backyard_Wood.001 112/198 | Building OptiX acceleration structure
Fra:1 Mem:462.21M (Peak 503.65M) | Time:00:00.26 | Mem:44.71M, Peak:47.77M | Hanliu_Garden_Highpoly, ViewLayer | Updating Geometry BVH backyard_Ceramic 113/198 | Building BVH
Fra:1 Mem:462.21M (Peak 503.65M) | Time:00:00.26 | Mem:44.71M, Peak:47.77M | Hanliu_Garden_Highpoly, ViewLayer | Updating Geometry BVH backyard_Ceramic 113/198 | Building OptiX acceleration structure
Fra:1 Mem:461.10M (Peak 503.65M) | Time:00:00.26 | Mem:44.47M, Peak:49.88M | Hanliu_Garden_Highpoly, ViewLayer | Updating Geometry BVH backyard_White 114/198 | Building BVH
Fra:1 Mem:461.10M (Peak 503.65M) | Time:00:00.26 | Mem:44.47M, Peak:49.88M | Hanliu_Garden_Highpoly, ViewLayer | Updating Geometry BVH backyard_White 114/198 | Building OptiX acceleration structure
Fra:1 Mem:461.12M (Peak 503.65M) | Time:00:00.26 | Mem:44.49M, Peak:49.88M | Hanliu_Garden_Highpoly, ViewLayer | Updating Geometry BVH backyard_Paper 115/198 | Building BVH
Fra:1 Mem:461.12M (Peak 503.65M) | Time:00:00.26 | Mem:44.51M, Peak:49.88M | Hanliu_Garden_Highpoly, ViewLayer | Updating Geometry BVH backyard_Paper 115/198 | Building OptiX acceleration structure
Fra:1 Mem:461.12M (Peak 503.65M) | Time:00:00.26 | Mem:44.49M, Peak:49.88M | Hanliu_Garden_Highpoly, ViewLayer | Updating Geometry BVH site_Earth 116/198 | Building BVH
Fra:1 Mem:461.12M (Peak 503.65M) | Time:00:00.26 | Mem:44.49M, Peak:49.88M | Hanliu_Garden_Highpoly, ViewLayer | Updating Geometry BVH site_Earth 116/198 | Building OptiX acceleration structure
Fra:1 Mem:461.12M (Peak 503.65M) | Time:00:00.26 | Mem:44.49M, Peak:49.88M | Hanliu_Garden_Highpoly, ViewLayer | Updating Geometry BVH birds_BirdGrey 184/198 | Building BVH
Fra:1 Mem:461.12M (Peak 503.65M) | Time:00:00.26 | Mem:44.58M, Peak:49.88M | Hanliu_Garden_Highpoly, ViewLayer | Updating Geometry BVH birds_BirdGrey 184/198 | Building OptiX acceleration structure
Fra:1 Mem:461.23M (Peak 503.65M) | Time:00:00.26 | Mem:44.67M, Peak:49.88M | Hanliu_Garden_Highpoly, ViewLayer | Updating Geometry BVH site_Stone 117/198 | Building BVH
Fra:1 Mem:461.23M (Peak 503.65M) | Time:00:00.26 | Mem:44.67M, Peak:49.88M | Hanliu_Garden_Highpoly, ViewLayer | Updating Geometry BVH site_Stone 117/198 | Building OptiX acceleration structure
Fra:1 Mem:462.03M (Peak 503.65M) | Time:00:00.26 | Mem:45.42M, Peak:49.88M | Hanliu_Garden_Highpoly, ViewLayer | Updating Geometry BVH site_PondBed 118/198 | Building BVH
Fra:1 Mem:462.03M (Peak 503.65M) | Time:00:00.26 | Mem:45.42M, Peak:49.88M | Hanliu_Garden_Highpoly, ViewLayer | Updating Geometry BVH site_PondBed 118/198 | Building OptiX acceleration structure
Fra:1 Mem:461.55M (Peak 503.65M) | Time:00:00.26 | Mem:45.33M, Peak:49.88M | Hanliu_Garden_Highpoly, ViewLayer | Updating Geometry BVH site_Water 119/198 | Building BVH
Fra:1 Mem:461.55M (Peak 503.65M) | Time:00:00.26 | Mem:45.33M, Peak:49.88M | Hanliu_Garden_Highpoly, ViewLayer | Updating Geometry BVH site_Water 119/198 | Building OptiX acceleration structure
Fra:1 Mem:461.11M (Peak 503.65M) | Time:00:00.26 | Mem:45.25M, Peak:49.88M | Hanliu_Garden_Highpoly, ViewLayer | Updating Geometry BVH site_Moss 120/198 | Building BVH
Fra:1 Mem:461.11M (Peak 503.65M) | Time:00:00.26 | Mem:45.25M, Peak:49.88M | Hanliu_Garden_Highpoly, ViewLayer | Updating Geometry BVH site_Moss 120/198 | Building OptiX acceleration structure
Fra:1 Mem:460.64M (Peak 503.65M) | Time:00:00.26 | Mem:45.17M, Peak:49.88M | Hanliu_Garden_Highpoly, ViewLayer | Updating Geometry BVH site_Stone.001 121/198 | Building BVH
Fra:1 Mem:460.64M (Peak 503.65M) | Time:00:00.26 | Mem:45.17M, Peak:49.88M | Hanliu_Garden_Highpoly, ViewLayer | Updating Geometry BVH site_Stone.001 121/198 | Building OptiX acceleration structure
Fra:1 Mem:460.86M (Peak 503.65M) | Time:00:00.26 | Mem:45.53M, Peak:49.88M | Hanliu_Garden_Highpoly, ViewLayer | Updating Geometry BVH site_StoneLight 122/198 | Building BVH
Fra:1 Mem:460.86M (Peak 503.65M) | Time:00:00.26 | Mem:45.53M, Peak:49.88M | Hanliu_Garden_Highpoly, ViewLayer | Updating Geometry BVH site_StoneLight 122/198 | Building OptiX acceleration structure
Fra:1 Mem:461.05M (Peak 503.65M) | Time:00:00.26 | Mem:45.66M, Peak:49.88M | Hanliu_Garden_Highpoly, ViewLayer | Updating Geometry BVH site_Mortar 123/198 | Building BVH
Fra:1 Mem:461.05M (Peak 503.65M) | Time:00:00.26 | Mem:45.66M, Peak:49.88M | Hanliu_Garden_Highpoly, ViewLayer | Updating Geometry BVH site_Mortar 123/198 | Building OptiX acceleration structure
Fra:1 Mem:461.35M (Peak 503.65M) | Time:00:00.26 | Mem:45.96M, Peak:49.88M | Hanliu_Garden_Highpoly, ViewLayer | Updating Geometry BVH site_Backdrop 124/198 | Building BVH
Fra:1 Mem:461.35M (Peak 503.65M) | Time:00:00.26 | Mem:46.02M, Peak:49.88M | Hanliu_Garden_Highpoly, ViewLayer | Updating Geometry BVH site_Backdrop 124/198 | Building OptiX acceleration structure
Fra:1 Mem:461.33M (Peak 503.65M) | Time:00:00.26 | Mem:45.92M, Peak:49.88M | Hanliu_Garden_Highpoly, ViewLayer | Updating Geometry BVH site_StoneLight.001 125/198 | Building BVH
Fra:1 Mem:461.33M (Peak 503.65M) | Time:00:00.26 | Mem:45.92M, Peak:49.88M | Hanliu_Garden_Highpoly, ViewLayer | Updating Geometry BVH site_StoneLight.001 125/198 | Building OptiX acceleration structure
Fra:1 Mem:461.74M (Peak 503.65M) | Time:00:00.26 | Mem:46.34M, Peak:49.88M | Hanliu_Garden_Highpoly, ViewLayer | Updating Geometry BVH site_Plaster 126/198 | Building BVH
Fra:1 Mem:461.74M (Peak 503.65M) | Time:00:00.26 | Mem:46.37M, Peak:49.88M | Hanliu_Garden_Highpoly, ViewLayer | Updating Geometry BVH site_Plaster 126/198 | Building OptiX acceleration structure
Fra:1 Mem:461.73M (Peak 503.65M) | Time:00:00.26 | Mem:46.59M, Peak:49.88M | Hanliu_Garden_Highpoly, ViewLayer | Updating Geometry BVH site_Tile1 127/198 | Building BVH
Fra:1 Mem:461.73M (Peak 503.65M) | Time:00:00.26 | Mem:46.59M, Peak:49.88M | Hanliu_Garden_Highpoly, ViewLayer | Updating Geometry BVH site_Tile1 127/198 | Building OptiX acceleration structure
Fra:1 Mem:462.05M (Peak 503.65M) | Time:00:00.26 | Mem:46.76M, Peak:49.88M | Hanliu_Garden_Highpoly, ViewLayer | Updating Geometry BVH birds_Ink 183/198 | Building BVH
Fra:1 Mem:462.05M (Peak 503.65M) | Time:00:00.26 | Mem:46.76M, Peak:49.88M | Hanliu_Garden_Highpoly, ViewLayer | Updating Geometry BVH birds_Ink 183/198 | Building OptiX acceleration structure
Fra:1 Mem:461.25M (Peak 503.65M) | Time:00:00.26 | Mem:46.82M, Peak:50.65M | Hanliu_Garden_Highpoly, ViewLayer | Updating Geometry BVH site_Leaf2 128/198 | Building BVH
Fra:1 Mem:461.25M (Peak 503.65M) | Time:00:00.26 | Mem:46.83M, Peak:50.65M | Hanliu_Garden_Highpoly, ViewLayer | Updating Geometry BVH site_Leaf2 128/198 | Building OptiX acceleration structure
Fra:1 Mem:461.28M (Peak 503.65M) | Time:00:00.27 | Mem:46.86M, Peak:50.65M | Hanliu_Garden_Highpoly, ViewLayer | Updating Geometry BVH site_Leaf3 129/198 | Building BVH
Fra:1 Mem:461.28M (Peak 503.65M) | Time:00:00.27 | Mem:46.87M, Peak:50.65M | Hanliu_Garden_Highpoly, ViewLayer | Updating Geometry BVH site_Leaf3 129/198 | Building OptiX acceleration structure
Fra:1 Mem:461.28M (Peak 503.65M) | Time:00:00.27 | Mem:46.86M, Peak:50.65M | Hanliu_Garden_Highpoly, ViewLayer | Updating Geometry BVH site_PalePink 130/198 | Building BVH
Fra:1 Mem:461.28M (Peak 503.65M) | Time:00:00.27 | Mem:46.86M, Peak:50.65M | Hanliu_Garden_Highpoly, ViewLayer | Updating Geometry BVH site_PalePink 130/198 | Building OptiX acceleration structure
Fra:1 Mem:461.52M (Peak 503.65M) | Time:00:00.27 | Mem:47.09M, Peak:50.65M | Hanliu_Garden_Highpoly, ViewLayer | Updating Geometry BVH site_Pink 131/198 | Building BVH
Fra:1 Mem:461.52M (Peak 503.65M) | Time:00:00.27 | Mem:47.09M, Peak:50.65M | Hanliu_Garden_Highpoly, ViewLayer | Updating Geometry BVH site_Pink 131/198 | Building OptiX acceleration structure
Fra:1 Mem:461.48M (Peak 503.65M) | Time:00:00.27 | Mem:47.29M, Peak:50.65M | Hanliu_Garden_Highpoly, ViewLayer | Updating Geometry BVH site_Leaf0 132/198 | Building BVH
Fra:1 Mem:461.48M (Peak 503.65M) | Time:00:00.27 | Mem:47.76M, Peak:50.65M | Hanliu_Garden_Highpoly, ViewLayer | Updating Geometry BVH site_Leaf0 132/198 | Building OptiX acceleration structure
Fra:1 Mem:461.30M (Peak 503.65M) | Time:00:00.27 | Mem:47.32M, Peak:50.65M | Hanliu_Garden_Highpoly, ViewLayer | Updating Geometry BVH bridge_StoneLight 133/198 | Building BVH
Fra:1 Mem:461.30M (Peak 503.65M) | Time:00:00.27 | Mem:47.32M, Peak:50.65M | Hanliu_Garden_Highpoly, ViewLayer | Updating Geometry BVH bridge_StoneLight 133/198 | Building OptiX acceleration structure
Fra:1 Mem:461.10M (Peak 503.65M) | Time:00:00.27 | Mem:47.44M, Peak:50.65M | Hanliu_Garden_Highpoly, ViewLayer | Updating Geometry BVH bridge_StoneLight.001 134/198 | Building BVH
Fra:1 Mem:461.10M (Peak 503.65M) | Time:00:00.27 | Mem:47.44M, Peak:50.65M | Hanliu_Garden_Highpoly, ViewLayer | Updating Geometry BVH bridge_StoneLight.001 134/198 | Building OptiX acceleration structure
Fra:1 Mem:461.43M (Peak 503.65M) | Time:00:00.27 | Mem:47.76M, Peak:50.65M | Hanliu_Garden_Highpoly, ViewLayer | Updating Geometry BVH planting_Wood 135/198 | Building BVH
Fra:1 Mem:461.43M (Peak 503.65M) | Time:00:00.27 | Mem:47.76M, Peak:50.65M | Hanliu_Garden_Highpoly, ViewLayer | Updating Geometry BVH planting_Wood 135/198 | Building OptiX acceleration structure
Fra:1 Mem:461.22M (Peak 503.65M) | Time:00:00.27 | Mem:48.03M, Peak:50.65M | Hanliu_Garden_Highpoly, ViewLayer | Updating Geometry BVH planting_WoodLight 136/198 | Building BVH
Fra:1 Mem:461.22M (Peak 503.65M) | Time:00:00.27 | Mem:48.03M, Peak:50.65M | Hanliu_Garden_Highpoly, ViewLayer | Updating Geometry BVH planting_WoodLight 136/198 | Building OptiX acceleration structure
Fra:1 Mem:462.88M (Peak 503.65M) | Time:00:00.27 | Mem:51.05M, Peak:51.05M | Hanliu_Garden_Highpoly, ViewLayer | Updating Geometry BVH planting_Leaf2 137/198 | Building BVH
Fra:1 Mem:462.88M (Peak 503.65M) | Time:00:00.27 | Mem:51.73M, Peak:51.73M | Hanliu_Garden_Highpoly, ViewLayer | Updating Geometry BVH planting_Leaf2 137/198 | Building OptiX acceleration structure
Fra:1 Mem:468.91M (Peak 503.65M) | Time:00:00.27 | Mem:49.70M, Peak:51.73M | Hanliu_Garden_Highpoly, ViewLayer | Updating Geometry BVH planting_Leaf0 138/198 | Building BVH
Fra:1 Mem:468.91M (Peak 503.65M) | Time:00:00.27 | Mem:52.58M, Peak:52.58M | Hanliu_Garden_Highpoly, ViewLayer | Updating Geometry BVH planting_Leaf0 138/198 | Building OptiX acceleration structure
Fra:1 Mem:475.43M (Peak 503.65M) | Time:00:00.27 | Mem:62.62M, Peak:62.68M | Hanliu_Garden_Highpoly, ViewLayer | Updating Geometry BVH birds_BirdWhite 182/198 | Building BVH
Fra:1 Mem:475.43M (Peak 503.65M) | Time:00:00.27 | Mem:62.74M, Peak:62.74M | Hanliu_Garden_Highpoly, ViewLayer | Updating Geometry BVH birds_BirdWhite 182/198 | Building OptiX acceleration structure
Fra:1 Mem:475.52M (Peak 503.65M) | Time:00:00.27 | Mem:62.76M, Peak:62.88M | Hanliu_Garden_Highpoly, ViewLayer | Updating Geometry BVH planting_Leaf1 139/198 | Building BVH
Fra:1 Mem:475.52M (Peak 503.65M) | Time:00:00.27 | Mem:62.75M, Peak:62.88M | Hanliu_Garden_Highpoly, ViewLayer | Updating Geometry BVH planting_Leaf1 139/198 | Building OptiX acceleration structure
Fra:1 Mem:475.52M (Peak 503.65M) | Time:00:00.27 | Mem:62.75M, Peak:62.88M | Hanliu_Garden_Highpoly, ViewLayer | Updating Geometry BVH planting_Wood.001 140/198 | Building BVH
Fra:1 Mem:475.52M (Peak 503.65M) | Time:00:00.27 | Mem:63.25M, Peak:63.25M | Hanliu_Garden_Highpoly, ViewLayer | Updating Geometry BVH planting_Wood.001 140/198 | Building OptiX acceleration structure
Fra:1 Mem:481.89M (Peak 503.65M) | Time:00:00.27 | Mem:63.71M, Peak:63.91M | Hanliu_Garden_Highpoly, ViewLayer | Updating Geometry BVH planting_Leaf4 141/198 | Building BVH
Fra:1 Mem:481.89M (Peak 503.65M) | Time:00:00.27 | Mem:63.71M, Peak:63.91M | Hanliu_Garden_Highpoly, ViewLayer | Updating Geometry BVH planting_Leaf4 141/198 | Building OptiX acceleration structure
Fra:1 Mem:481.95M (Peak 503.65M) | Time:00:00.27 | Mem:69.66M, Peak:70.26M | Hanliu_Garden_Highpoly, ViewLayer | Updating Geometry BVH planting_PalePink 142/198 | Building BVH
Fra:1 Mem:481.95M (Peak 503.65M) | Time:00:00.27 | Mem:69.66M, Peak:70.26M | Hanliu_Garden_Highpoly, ViewLayer | Updating Geometry BVH planting_PalePink 142/198 | Building OptiX acceleration structure
Fra:1 Mem:484.85M (Peak 503.65M) | Time:00:00.28 | Mem:70.06M, Peak:70.26M | Hanliu_Garden_Highpoly, ViewLayer | Updating Geometry BVH planting_Leaf3 143/198 | Building BVH
Fra:1 Mem:484.85M (Peak 503.65M) | Time:00:00.28 | Mem:70.06M, Peak:70.26M | Hanliu_Garden_Highpoly, ViewLayer | Updating Geometry BVH planting_Leaf3 143/198 | Building OptiX acceleration structure
Fra:1 Mem:487.35M (Peak 503.65M) | Time:00:00.28 | Mem:76.66M, Peak:76.66M | Hanliu_Garden_Highpoly, ViewLayer | Updating Geometry BVH planting_Leaf0.001 144/198 | Building BVH
Fra:1 Mem:487.35M (Peak 503.65M) | Time:00:00.28 | Mem:76.66M, Peak:76.66M | Hanliu_Garden_Highpoly, ViewLayer | Updating Geometry BVH planting_Leaf0.001 144/198 | Building OptiX acceleration structure
Fra:1 Mem:487.29M (Peak 503.65M) | Time:00:00.28 | Mem:75.33M, Peak:76.92M | Hanliu_Garden_Highpoly, ViewLayer | Updating Geometry BVH planting_Wood.002 145/198 | Building BVH
Fra:1 Mem:487.29M (Peak 503.65M) | Time:00:00.28 | Mem:76.32M, Peak:76.92M | Hanliu_Garden_Highpoly, ViewLayer | Updating Geometry BVH planting_Wood.002 145/198 | Building OptiX acceleration structure
Fra:1 Mem:487.14M (Peak 503.65M) | Time:00:00.28 | Mem:75.39M, Peak:76.92M | Hanliu_Garden_Highpoly, ViewLayer | Updating Geometry BVH planting_Leaf4.001 146/198 | Building BVH
Fra:1 Mem:487.14M (Peak 503.65M) | Time:00:00.28 | Mem:75.39M, Peak:76.92M | Hanliu_Garden_Highpoly, ViewLayer | Updating Geometry BVH planting_Leaf4.001 146/198 | Building OptiX acceleration structure
Fra:1 Mem:485.73M (Peak 503.65M) | Time:00:00.28 | Mem:75.45M, Peak:83.80M | Hanliu_Garden_Highpoly, ViewLayer | Updating Geometry BVH planting_Leaf0.002 147/198 | Building BVH
Fra:1 Mem:485.73M (Peak 503.65M) | Time:00:00.28 | Mem:75.45M, Peak:83.80M | Hanliu_Garden_Highpoly, ViewLayer | Updating Geometry BVH planting_Leaf0.002 147/198 | Building OptiX acceleration structure
Fra:1 Mem:479.54M (Peak 503.65M) | Time:00:00.28 | Mem:73.49M, Peak:99.23M | Hanliu_Garden_Highpoly, ViewLayer | Updating Geometry BVH planting_Leaf3.001 148/198 | Building BVH
Fra:1 Mem:479.54M (Peak 503.65M) | Time:00:00.28 | Mem:73.49M, Peak:99.23M | Hanliu_Garden_Highpoly, ViewLayer | Updating Geometry BVH planting_Leaf3.001 148/198 | Building OptiX acceleration structure
Fra:1 Mem:473.27M (Peak 503.65M) | Time:00:00.28 | Mem:72.13M, Peak:99.23M | Hanliu_Garden_Highpoly, ViewLayer | Updating Geometry BVH planting_Wood.003 149/198 | Building BVH
Fra:1 Mem:473.27M (Peak 503.65M) | Time:00:00.28 | Mem:72.13M, Peak:99.23M | Hanliu_Garden_Highpoly, ViewLayer | Updating Geometry BVH planting_Wood.003 149/198 | Building OptiX acceleration structure
Fra:1 Mem:473.18M (Peak 503.65M) | Time:00:00.28 | Mem:71.53M, Peak:99.23M | Hanliu_Garden_Highpoly, ViewLayer | Updating Geometry BVH planting_Leaf1.001 181/198 | Building BVH
Fra:1 Mem:473.18M (Peak 503.65M) | Time:00:00.28 | Mem:71.79M, Peak:99.23M | Hanliu_Garden_Highpoly, ViewLayer | Updating Geometry BVH planting_Leaf1.001 181/198 | Building OptiX acceleration structure
Fra:1 Mem:473.24M (Peak 503.65M) | Time:00:00.28 | Mem:72.58M, Peak:99.23M | Hanliu_Garden_Highpoly, ViewLayer | Updating Geometry BVH planting_Leaf4.002 150/198 | Building BVH
Fra:1 Mem:473.24M (Peak 503.65M) | Time:00:00.28 | Mem:72.58M, Peak:99.23M | Hanliu_Garden_Highpoly, ViewLayer | Updating Geometry BVH planting_Leaf4.002 150/198 | Building OptiX acceleration structure
Fra:1 Mem:473.25M (Peak 503.65M) | Time:00:00.28 | Mem:71.78M, Peak:99.23M | Hanliu_Garden_Highpoly, ViewLayer | Updating Geometry BVH planting_Leaf3.002 151/198 | Building BVH
Fra:1 Mem:473.25M (Peak 503.65M) | Time:00:00.28 | Mem:71.78M, Peak:99.23M | Hanliu_Garden_Highpoly, ViewLayer | Updating Geometry BVH planting_Leaf3.002 151/198 | Building OptiX acceleration structure
Fra:1 Mem:466.98M (Peak 503.65M) | Time:00:00.29 | Mem:70.25M, Peak:99.23M | Hanliu_Garden_Highpoly, ViewLayer | Updating Geometry BVH planting_Leaf0.003 152/198 | Building BVH
Fra:1 Mem:466.98M (Peak 503.65M) | Time:00:00.29 | Mem:70.79M, Peak:99.23M | Hanliu_Garden_Highpoly, ViewLayer | Updating Geometry BVH planting_Leaf0.003 152/198 | Building OptiX acceleration structure
Fra:1 Mem:466.96M (Peak 503.65M) | Time:00:00.29 | Mem:69.92M, Peak:99.23M | Hanliu_Garden_Highpoly, ViewLayer | Updating Geometry BVH planting_Wood.004 153/198 | Building BVH
Fra:1 Mem:466.96M (Peak 503.65M) | Time:00:00.29 | Mem:69.92M, Peak:99.23M | Hanliu_Garden_Highpoly, ViewLayer | Updating Geometry BVH planting_Wood.004 153/198 | Building OptiX acceleration structure
Fra:1 Mem:461.74M (Peak 503.65M) | Time:00:00.29 | Mem:69.30M, Peak:99.23M | Hanliu_Garden_Highpoly, ViewLayer | Updating Geometry BVH planting_Leaf4.003 154/198 | Building BVH
Fra:1 Mem:461.74M (Peak 503.65M) | Time:00:00.29 | Mem:69.30M, Peak:99.23M | Hanliu_Garden_Highpoly, ViewLayer | Updating Geometry BVH planting_Leaf4.003 154/198 | Building OptiX acceleration structure
Fra:1 Mem:461.74M (Peak 503.65M) | Time:00:00.29 | Mem:68.73M, Peak:99.23M | Hanliu_Garden_Highpoly, ViewLayer | Updating Geometry BVH planting_Leaf3.003 155/198 | Building BVH
Fra:1 Mem:461.74M (Peak 503.65M) | Time:00:00.29 | Mem:68.73M, Peak:99.23M | Hanliu_Garden_Highpoly, ViewLayer | Updating Geometry BVH planting_Leaf3.003 155/198 | Building OptiX acceleration structure
Fra:1 Mem:461.94M (Peak 503.65M) | Time:00:00.29 | Mem:69.68M, Peak:99.23M | Hanliu_Garden_Highpoly, ViewLayer | Updating Geometry BVH planting_Leaf0.004 156/198 | Building BVH
Fra:1 Mem:461.94M (Peak 503.65M) | Time:00:00.29 | Mem:69.68M, Peak:99.23M | Hanliu_Garden_Highpoly, ViewLayer | Updating Geometry BVH planting_Leaf0.004 156/198 | Building OptiX acceleration structure
Fra:1 Mem:461.95M (Peak 503.65M) | Time:00:00.29 | Mem:68.88M, Peak:99.23M | Hanliu_Garden_Highpoly, ViewLayer | Updating Geometry BVH planting_Wood.005 157/198 | Building BVH
Fra:1 Mem:461.95M (Peak 503.65M) | Time:00:00.29 | Mem:69.32M, Peak:99.23M | Hanliu_Garden_Highpoly, ViewLayer | Updating Geometry BVH planting_Wood.005 157/198 | Building OptiX acceleration structure
Fra:1 Mem:461.74M (Peak 503.65M) | Time:00:00.29 | Mem:69.75M, Peak:99.23M | Hanliu_Garden_Highpoly, ViewLayer | Updating Geometry BVH planting_Leaf4.004 158/198 | Building BVH
Fra:1 Mem:461.74M (Peak 503.65M) | Time:00:00.29 | Mem:69.75M, Peak:99.23M | Hanliu_Garden_Highpoly, ViewLayer | Updating Geometry BVH planting_Leaf4.004 158/198 | Building OptiX acceleration structure
Fra:1 Mem:461.73M (Peak 503.65M) | Time:00:00.29 | Mem:69.19M, Peak:99.23M | Hanliu_Garden_Highpoly, ViewLayer | Updating Geometry BVH planting_Pink 159/198 | Building BVH
Fra:1 Mem:461.73M (Peak 503.65M) | Time:00:00.29 | Mem:69.19M, Peak:99.23M | Hanliu_Garden_Highpoly, ViewLayer | Updating Geometry BVH planting_Pink 159/198 | Building OptiX acceleration structure
Fra:1 Mem:464.61M (Peak 503.65M) | Time:00:00.29 | Mem:69.47M, Peak:99.23M | Hanliu_Garden_Highpoly, ViewLayer | Updating Geometry BVH planting_Leaf0.005 160/198 | Building BVH
Fra:1 Mem:464.61M (Peak 503.65M) | Time:00:00.29 | Mem:69.47M, Peak:99.23M | Hanliu_Garden_Highpoly, ViewLayer | Updating Geometry BVH planting_Leaf0.005 160/198 | Building OptiX acceleration structure
Fra:1 Mem:467.11M (Peak 503.65M) | Time:00:00.29 | Mem:75.41M, Peak:99.23M | Hanliu_Garden_Highpoly, ViewLayer | Updating Geometry BVH planting_Leaf2.001 180/198 | Building BVH
Fra:1 Mem:467.11M (Peak 503.65M) | Time:00:00.29 | Mem:75.41M, Peak:99.23M | Hanliu_Garden_Highpoly, ViewLayer | Updating Geometry BVH planting_Leaf2.001 180/198 | Building OptiX acceleration structure
Fra:1 Mem:467.57M (Peak 503.65M) | Time:00:00.29 | Mem:76.06M, Peak:99.23M | Hanliu_Garden_Highpoly, ViewLayer | Updating Geometry BVH planting_Leaf3.004 161/198 | Building BVH
Fra:1 Mem:467.57M (Peak 503.65M) | Time:00:00.29 | Mem:76.06M, Peak:99.23M | Hanliu_Garden_Highpoly, ViewLayer | Updating Geometry BVH planting_Leaf3.004 161/198 | Building OptiX acceleration structure
Fra:1 Mem:467.57M (Peak 503.65M) | Time:00:00.29 | Mem:75.20M, Peak:99.23M | Hanliu_Garden_Highpoly, ViewLayer | Updating Geometry BVH planting_Wood.006 162/198 | Building BVH
Fra:1 Mem:467.57M (Peak 503.65M) | Time:00:00.29 | Mem:76.14M, Peak:99.23M | Hanliu_Garden_Highpoly, ViewLayer | Updating Geometry BVH planting_Wood.006 162/198 | Building OptiX acceleration structure
Fra:1 Mem:467.36M (Peak 503.65M) | Time:00:00.29 | Mem:75.40M, Peak:99.23M | Hanliu_Garden_Highpoly, ViewLayer | Updating Geometry BVH planting_Leaf4.005 163/198 | Building BVH
Fra:1 Mem:467.36M (Peak 503.65M) | Time:00:00.29 | Mem:75.40M, Peak:99.23M | Hanliu_Garden_Highpoly, ViewLayer | Updating Geometry BVH planting_Leaf4.005 163/198 | Building OptiX acceleration structure
Fra:1 Mem:467.58M (Peak 503.65M) | Time:00:00.29 | Mem:76.37M, Peak:99.23M | Hanliu_Garden_Highpoly, ViewLayer | Updating Geometry BVH planting_Leaf0.006 164/198 | Building BVH
Fra:1 Mem:467.58M (Peak 503.65M) | Time:00:00.29 | Mem:76.37M, Peak:99.23M | Hanliu_Garden_Highpoly, ViewLayer | Updating Geometry BVH planting_Leaf0.006 164/198 | Building OptiX acceleration structure
Fra:1 Mem:467.58M (Peak 503.65M) | Time:00:00.30 | Mem:76.47M, Peak:99.23M | Hanliu_Garden_Highpoly, ViewLayer | Updating Geometry BVH planting_Leaf3.005 165/198 | Building BVH
Fra:1 Mem:467.58M (Peak 503.65M) | Time:00:00.30 | Mem:76.47M, Peak:99.23M | Hanliu_Garden_Highpoly, ViewLayer | Updating Geometry BVH planting_Leaf3.005 165/198 | Building OptiX acceleration structure
Fra:1 Mem:467.58M (Peak 503.65M) | Time:00:00.30 | Mem:76.70M, Peak:99.23M | Hanliu_Garden_Highpoly, ViewLayer | Updating Geometry BVH planting_Wood.007 166/198 | Building BVH
Fra:1 Mem:467.58M (Peak 503.65M) | Time:00:00.30 | Mem:76.70M, Peak:99.23M | Hanliu_Garden_Highpoly, ViewLayer | Updating Geometry BVH planting_Wood.007 166/198 | Building OptiX acceleration structure
Fra:1 Mem:467.36M (Peak 503.65M) | Time:00:00.30 | Mem:75.88M, Peak:99.23M | Hanliu_Garden_Highpoly, ViewLayer | Updating Geometry BVH planting_Leaf4.006 167/198 | Building BVH
Fra:1 Mem:467.36M (Peak 503.65M) | Time:00:00.30 | Mem:75.88M, Peak:99.23M | Hanliu_Garden_Highpoly, ViewLayer | Updating Geometry BVH planting_Leaf4.006 167/198 | Building OptiX acceleration structure
Fra:1 Mem:467.59M (Peak 503.65M) | Time:00:00.30 | Mem:76.33M, Peak:99.23M | Hanliu_Garden_Highpoly, ViewLayer | Updating Geometry BVH planting_Leaf0.007 168/198 | Building BVH
Fra:1 Mem:467.59M (Peak 503.65M) | Time:00:00.30 | Mem:76.84M, Peak:99.23M | Hanliu_Garden_Highpoly, ViewLayer | Updating Geometry BVH planting_Leaf0.007 168/198 | Building OptiX acceleration structure
Fra:1 Mem:467.59M (Peak 503.65M) | Time:00:00.30 | Mem:77.01M, Peak:99.23M | Hanliu_Garden_Highpoly, ViewLayer | Updating Geometry BVH planting_Leaf3.006 169/198 | Building BVH
Fra:1 Mem:467.59M (Peak 503.65M) | Time:00:00.30 | Mem:77.01M, Peak:99.23M | Hanliu_Garden_Highpoly, ViewLayer | Updating Geometry BVH planting_Leaf3.006 169/198 | Building OptiX acceleration structure
Fra:1 Mem:467.58M (Peak 503.65M) | Time:00:00.30 | Mem:76.17M, Peak:99.23M | Hanliu_Garden_Highpoly, ViewLayer | Updating Geometry BVH planting_Wood.008 170/198 | Building BVH
Fra:1 Mem:467.58M (Peak 503.65M) | Time:00:00.30 | Mem:76.17M, Peak:99.23M | Hanliu_Garden_Highpoly, ViewLayer | Updating Geometry BVH planting_Wood.008 170/198 | Building OptiX acceleration structure
Fra:1 Mem:462.36M (Peak 503.65M) | Time:00:00.30 | Mem:74.66M, Peak:100.19M | Hanliu_Garden_Highpoly, ViewLayer | Updating Geometry BVH planting_Leaf0.008 171/198 | Building BVH
Fra:1 Mem:462.36M (Peak 503.65M) | Time:00:00.30 | Mem:74.66M, Peak:100.19M | Hanliu_Garden_Highpoly, ViewLayer | Updating Geometry BVH planting_Leaf0.008 171/198 | Building OptiX acceleration structure
Fra:1 Mem:461.89M (Peak 503.65M) | Time:00:00.30 | Mem:74.69M, Peak:100.19M | Hanliu_Garden_Highpoly, ViewLayer | Updating Geometry BVH planting_White 179/198 | Building BVH
Fra:1 Mem:461.89M (Peak 503.65M) | Time:00:00.30 | Mem:75.68M, Peak:100.19M | Hanliu_Garden_Highpoly, ViewLayer | Updating Geometry BVH planting_White 179/198 | Building OptiX acceleration structure
Fra:1 Mem:461.75M (Peak 503.65M) | Time:00:00.30 | Mem:74.95M, Peak:100.19M | Hanliu_Garden_Highpoly, ViewLayer | Updating Geometry BVH planting_Leaf4.007 172/198 | Building BVH
Fra:1 Mem:461.75M (Peak 503.65M) | Time:00:00.30 | Mem:74.95M, Peak:100.19M | Hanliu_Garden_Highpoly, ViewLayer | Updating Geometry BVH planting_Leaf4.007 172/198 | Building OptiX acceleration structure
Fra:1 Mem:461.97M (Peak 503.65M) | Time:00:00.30 | Mem:75.94M, Peak:100.19M | Hanliu_Garden_Highpoly, ViewLayer | Updating Geometry BVH planting_Leaf3.007 173/198 | Building BVH
Fra:1 Mem:461.97M (Peak 503.65M) | Time:00:00.30 | Mem:75.94M, Peak:100.19M | Hanliu_Garden_Highpoly, ViewLayer | Updating Geometry BVH planting_Leaf3.007 173/198 | Building OptiX acceleration structure
Fra:1 Mem:461.96M (Peak 503.65M) | Time:00:00.30 | Mem:76.07M, Peak:100.19M | Hanliu_Garden_Highpoly, ViewLayer | Updating Geometry BVH planting_Wood.009 174/198 | Building BVH
Fra:1 Mem:461.96M (Peak 503.65M) | Time:00:00.30 | Mem:76.07M, Peak:100.19M | Hanliu_Garden_Highpoly, ViewLayer | Updating Geometry BVH planting_Wood.009 174/198 | Building OptiX acceleration structure
Fra:1 Mem:461.75M (Peak 503.65M) | Time:00:00.30 | Mem:75.47M, Peak:100.19M | Hanliu_Garden_Highpoly, ViewLayer | Updating Geometry BVH planting_Leaf4.008 175/198 | Building BVH
Fra:1 Mem:461.75M (Peak 503.65M) | Time:00:00.30 | Mem:75.99M, Peak:100.19M | Hanliu_Garden_Highpoly, ViewLayer | Updating Geometry BVH planting_Leaf4.008 175/198 | Building OptiX acceleration structure
Fra:1 Mem:461.67M (Peak 503.65M) | Time:00:00.30 | Mem:75.35M, Peak:100.19M | Hanliu_Garden_Highpoly, ViewLayer | Updating Geometry BVH planting_Yellow 176/198 | Building BVH
Fra:1 Mem:461.67M (Peak 503.65M) | Time:00:00.30 | Mem:75.35M, Peak:100.19M | Hanliu_Garden_Highpoly, ViewLayer | Updating Geometry BVH planting_Yellow 176/198 | Building OptiX acceleration structure
Fra:1 Mem:462.24M (Peak 503.65M) | Time:00:00.30 | Mem:76.73M, Peak:100.19M | Hanliu_Garden_Highpoly, ViewLayer | Updating Geometry BVH planting_Leaf0.009 177/198 | Building BVH
Fra:1 Mem:462.24M (Peak 503.65M) | Time:00:00.30 | Mem:76.73M, Peak:100.19M | Hanliu_Garden_Highpoly, ViewLayer | Updating Geometry BVH planting_Leaf0.009 177/198 | Building OptiX acceleration structure
Fra:1 Mem:462.13M (Peak 503.65M) | Time:00:00.30 | Mem:76.72M, Peak:100.19M | Hanliu_Garden_Highpoly, ViewLayer | Updating Geometry BVH planting_Leaf3.008 178/198 | Building BVH
Fra:1 Mem:462.13M (Peak 503.65M) | Time:00:00.30 | Mem:76.72M, Peak:100.19M | Hanliu_Garden_Highpoly, ViewLayer | Updating Geometry BVH planting_Leaf3.008 178/198 | Building OptiX acceleration structure
Fra:1 Mem:459.63M (Peak 503.65M) | Time:00:00.31 | Mem:75.33M, Peak:100.19M | Hanliu_Garden_Highpoly, ViewLayer | Updating Scene BVH | Building
Fra:1 Mem:459.63M (Peak 503.65M) | Time:00:00.31 | Mem:75.33M, Peak:100.19M | Hanliu_Garden_Highpoly, ViewLayer | Updating Scene BVH | Building OptiX acceleration structure
Fra:1 Mem:459.63M (Peak 503.65M) | Time:00:00.31 | Mem:75.37M, Peak:100.19M | Hanliu_Garden_Highpoly, ViewLayer | Updating Scene BVH | Copying BVH to device
Fra:1 Mem:459.63M (Peak 503.65M) | Time:00:00.31 | Mem:75.37M, Peak:100.19M | Hanliu_Garden_Highpoly, ViewLayer | Updating Mesh | Computing normals
Fra:1 Mem:557.09M (Peak 557.09M) | Time:00:00.34 | Mem:75.37M, Peak:100.19M | Hanliu_Garden_Highpoly, ViewLayer | Updating Mesh | Copying Mesh to device
Fra:1 Mem:557.09M (Peak 557.09M) | Time:00:00.35 | Mem:172.83M, Peak:172.83M | Hanliu_Garden_Highpoly, ViewLayer | Updating Objects Flags
Fra:1 Mem:557.09M (Peak 557.09M) | Time:00:00.35 | Mem:172.83M, Peak:172.83M | Hanliu_Garden_Highpoly, ViewLayer | Updating Primitive Offsets
Fra:1 Mem:557.09M (Peak 557.09M) | Time:00:00.35 | Mem:172.83M, Peak:172.83M | Hanliu_Garden_Highpoly, ViewLayer | Updating Images
Fra:1 Mem:557.09M (Peak 557.09M) | Time:00:00.35 | Mem:172.83M, Peak:172.83M | Hanliu_Garden_Highpoly, ViewLayer | Updating Camera Volume
Fra:1 Mem:557.09M (Peak 557.09M) | Time:00:00.35 | Mem:172.83M, Peak:172.83M | Hanliu_Garden_Highpoly, ViewLayer | Updating Lookup Tables
Fra:1 Mem:557.09M (Peak 557.09M) | Time:00:00.35 | Mem:172.91M, Peak:172.91M | Hanliu_Garden_Highpoly, ViewLayer | Updating Lights
Fra:1 Mem:557.09M (Peak 557.09M) | Time:00:00.35 | Mem:172.91M, Peak:172.91M | Hanliu_Garden_Highpoly, ViewLayer | Updating Lights | Computing tree
Fra:1 Mem:557.09M (Peak 557.09M) | Time:00:00.35 | Mem:172.91M, Peak:172.91M | Hanliu_Garden_Highpoly, ViewLayer | Updating Integrator
Fra:1 Mem:557.09M (Peak 557.09M) | Time:00:00.35 | Mem:172.91M, Peak:172.91M | Hanliu_Garden_Highpoly, ViewLayer | Updating Film
Fra:1 Mem:557.09M (Peak 557.09M) | Time:00:00.35 | Mem:172.83M, Peak:172.91M | Hanliu_Garden_Highpoly, ViewLayer | Updating Lookup Tables
Fra:1 Mem:557.09M (Peak 557.09M) | Time:00:00.35 | Mem:172.92M, Peak:172.92M | Hanliu_Garden_Highpoly, ViewLayer | Updating Baking
Fra:1 Mem:557.09M (Peak 557.09M) | Time:00:00.35 | Mem:172.92M, Peak:172.92M | Hanliu_Garden_Highpoly, ViewLayer | Updating Device | Writing constant memory
Fra:1 Mem:557.10M (Peak 557.10M) | Time:00:00.35 | Mem:172.92M, Peak:172.92M | Hanliu_Garden_Highpoly, ViewLayer | Loading denoising kernels (may take a few minutes the first time)
Fra:1 Mem:561.42M (Peak 561.42M) | Time:00:00.36 | Mem:595.55M, Peak:595.55M | Hanliu_Garden_Highpoly, ViewLayer | Rendered 0/2 Tiles, Sample 0/96
Fra:1 Mem:829.13M (Peak 829.13M) | Time:00:00.43 | Remaining:00:08.15 | Mem:863.26M, Peak:863.26M | Hanliu_Garden_Highpoly, ViewLayer | Rendered 0/2 Tiles, Sample 1/96
Fra:1 Mem:829.15M (Peak 829.15M) | Time:00:05.14 | Remaining:00:01.94 | Mem:863.27M, Peak:863.27M | Hanliu_Garden_Highpoly, ViewLayer | Rendered 0/2 Tiles, Sample 80/96
Fra:1 Mem:829.15M (Peak 1096.34M) | Time:00:06.34 | Remaining:00:01.02 | Mem:863.27M, Peak:863.27M | Hanliu_Garden_Highpoly, ViewLayer | Rendered 0/2 Tiles, Sample 96/96
Fra:1 Mem:829.15M (Peak 1096.34M) | Time:00:06.34 | Remaining:00:01.02 | Mem:863.27M, Peak:863.27M | Hanliu_Garden_Highpoly, ViewLayer | Rendered 1/2 Tiles, Sample 96/96
Fra:1 Mem:607.88M (Peak 1096.34M) | Time:00:06.37 | Remaining:00:01.02 | Mem:642.01M, Peak:863.27M | Hanliu_Garden_Highpoly, ViewLayer | Rendered 1/2 Tiles, Sample 1/96
Fra:1 Mem:607.88M (Peak 1096.34M) | Time:00:07.01 | Remaining:00:00.16 | Mem:642.01M, Peak:863.27M | Hanliu_Garden_Highpoly, ViewLayer | Rendered 1/2 Tiles, Sample 80/96
Fra:1 Mem:607.88M (Peak 1096.34M) | Time:00:07.21 | Mem:642.01M, Peak:863.27M | Hanliu_Garden_Highpoly, ViewLayer | Rendered 1/2 Tiles, Sample 96/96
Fra:1 Mem:607.88M (Peak 1096.34M) | Time:00:07.21 | Mem:642.01M, Peak:863.27M | Hanliu_Garden_Highpoly, ViewLayer | Rendered 1/2 Tiles, Sample 0/96
Fra:1 Mem:607.88M (Peak 1096.34M) | Time:00:07.22 | Mem:642.01M, Peak:863.27M | Hanliu_Garden_Highpoly, ViewLayer | Finished
Fra:1 Mem:287.34M (Peak 1096.34M) | Time:00:07.22 | Mem:472.57M, Peak:863.27M | Hanliu_Garden_Highpoly | Reading full buffer from disk
Fra:1 Mem:600.45M (Peak 1096.34M) | Time:00:07.50 | Mem:472.57M, Peak:863.27M | Hanliu_Garden_Highpoly | ViewLayer | Denoising
Fra:1 Mem:600.45M (Peak 1096.34M) | Time:00:15.04 | Mem:785.68M, Peak:863.27M | Hanliu_Garden_Highpoly | ViewLayer | Finishing
Saved: 'D:\Projects\博客和机器人\my-astro-blog\artifacts\estate-highpoly\bridge-detail.png'
Time: 00:15.57 (Saving: 00:00.32)

GARDEN [32.7s] Rendered bridge-detail
Fra:1 Mem:328.93M (Peak 337.05M) | Time:00:00.09 | Mem:0.00M, Peak:0.00M | Hanliu_Garden_Highpoly, ViewLayer | Synchronizing object | 寒柳别苑
Fra:1 Mem:336.51M (Peak 337.34M) | Time:00:00.10 | Mem:0.00M, Peak:0.00M | Hanliu_Garden_Highpoly, ViewLayer | Synchronizing object | home · Plaster
Fra:1 Mem:336.51M (Peak 337.34M) | Time:00:00.10 | Mem:0.00M, Peak:0.00M | Hanliu_Garden_Highpoly, ViewLayer | Synchronizing object | home · Tile0
Fra:1 Mem:336.59M (Peak 337.34M) | Time:00:00.10 | Mem:0.00M, Peak:0.00M | Hanliu_Garden_Highpoly, ViewLayer | Synchronizing object | 博客
Fra:1 Mem:336.60M (Peak 337.34M) | Time:00:00.10 | Mem:0.00M, Peak:0.00M | Hanliu_Garden_Highpoly, ViewLayer | Synchronizing object | home · WoodLight
Fra:1 Mem:337.20M (Peak 337.34M) | Time:00:00.10 | Mem:0.00M, Peak:0.00M | Hanliu_Garden_Highpoly, ViewLayer | Synchronizing object | home · StoneLight
Fra:1 Mem:337.21M (Peak 337.34M) | Time:00:00.10 | Mem:0.00M, Peak:0.00M | Hanliu_Garden_Highpoly, ViewLayer | Synchronizing object | home · Wood.001
Fra:1 Mem:337.21M (Peak 337.34M) | Time:00:00.10 | Mem:0.00M, Peak:0.00M | Hanliu_Garden_Highpoly, ViewLayer | Synchronizing object | home · Paper
Fra:1 Mem:341.48M (Peak 341.48M) | Time:00:00.10 | Mem:0.00M, Peak:0.00M | Hanliu_Garden_Highpoly, ViewLayer | Synchronizing object | blog · Stone
Fra:1 Mem:341.48M (Peak 341.48M) | Time:00:00.10 | Mem:0.00M, Peak:0.00M | Hanliu_Garden_Highpoly, ViewLayer | Synchronizing object | blog · Plaster
Fra:1 Mem:341.48M (Peak 341.48M) | Time:00:00.10 | Mem:0.00M, Peak:0.00M | Hanliu_Garden_Highpoly, ViewLayer | Synchronizing object | blog · Wood
Fra:1 Mem:341.49M (Peak 341.49M) | Time:00:00.10 | Mem:0.00M, Peak:0.00M | Hanliu_Garden_Highpoly, ViewLayer | Synchronizing object | blog · Paper
Fra:1 Mem:341.77M (Peak 341.77M) | Time:00:00.10 | Mem:0.00M, Peak:0.00M | Hanliu_Garden_Highpoly, ViewLayer | Synchronizing object | blog · Tile2
Fra:1 Mem:341.81M (Peak 341.81M) | Time:00:00.10 | Mem:0.00M, Peak:0.00M | Hanliu_Garden_Highpoly, ViewLayer | Synchronizing object | blog · Tile1
Fra:1 Mem:342.12M (Peak 342.12M) | Time:00:00.10 | Mem:0.00M, Peak:0.00M | Hanliu_Garden_Highpoly, ViewLayer | Synchronizing object | blog · Ceramic
Fra:1 Mem:343.02M (Peak 343.02M) | Time:00:00.10 | Mem:0.00M, Peak:0.00M | Hanliu_Garden_Highpoly, ViewLayer | Synchronizing object | blog · Burgundy
Fra:1 Mem:352.59M (Peak 352.59M) | Time:00:00.10 | Mem:0.00M, Peak:0.00M | Hanliu_Garden_Highpoly, ViewLayer | Synchronizing object | chores · Wood
Fra:1 Mem:352.59M (Peak 352.59M) | Time:00:00.10 | Mem:0.00M, Peak:0.00M | Hanliu_Garden_Highpoly, ViewLayer | Synchronizing object | chores · Tile3
Fra:1 Mem:352.77M (Peak 352.77M) | Time:00:00.10 | Mem:0.00M, Peak:0.00M | Hanliu_Garden_Highpoly, ViewLayer | Synchronizing object | chores · Tile2
Fra:1 Mem:352.86M (Peak 352.86M) | Time:00:00.10 | Mem:0.00M, Peak:0.00M | Hanliu_Garden_Highpoly, ViewLayer | Synchronizing object | chores · Paper
Fra:1 Mem:352.86M (Peak 352.86M) | Time:00:00.10 | Mem:0.00M, Peak:0.00M | Hanliu_Garden_Highpoly, ViewLayer | Synchronizing object | 造物录
Fra:1 Mem:359.10M (Peak 359.70M) | Time:00:00.10 | Mem:0.00M, Peak:0.00M | Hanliu_Garden_Highpoly, ViewLayer | Synchronizing object | making · Stone
Fra:1 Mem:359.10M (Peak 359.70M) | Time:00:00.10 | Mem:0.00M, Peak:0.00M | Hanliu_Garden_Highpoly, ViewLayer | Synchronizing object | making · Paper
Fra:1 Mem:359.11M (Peak 359.70M) | Time:00:00.10 | Mem:0.00M, Peak:0.00M | Hanliu_Garden_Highpoly, ViewLayer | Synchronizing object | making · WoodLight
Fra:1 Mem:359.11M (Peak 359.70M) | Time:00:00.10 | Mem:0.00M, Peak:0.00M | Hanliu_Garden_Highpoly, ViewLayer | Synchronizing object | making · Tile1
Fra:1 Mem:359.12M (Peak 359.70M) | Time:00:00.10 | Mem:0.00M, Peak:0.00M | Hanliu_Garden_Highpoly, ViewLayer | Synchronizing object | making · Tile3
Fra:1 Mem:359.12M (Peak 359.70M) | Time:00:00.10 | Mem:0.00M, Peak:0.00M | Hanliu_Garden_Highpoly, ViewLayer | Synchronizing object | making · WoodLight.001
Fra:1 Mem:359.65M (Peak 359.70M) | Time:00:00.10 | Mem:0.00M, Peak:0.00M | Hanliu_Garden_Highpoly, ViewLayer | Synchronizing object | making · Ink
Fra:1 Mem:359.72M (Peak 359.72M) | Time:00:00.10 | Mem:0.00M, Peak:0.00M | Hanliu_Garden_Highpoly, ViewLayer | Synchronizing object | making · Brass
Fra:1 Mem:359.75M (Peak 359.75M) | Time:00:00.10 | Mem:0.00M, Peak:0.00M | Hanliu_Garden_Highpoly, ViewLayer | Synchronizing object | 语义花园
Fra:1 Mem:366.88M (Peak 367.49M) | Time:00:00.10 | Mem:0.00M, Peak:0.00M | Hanliu_Garden_Highpoly, ViewLayer | Synchronizing object | garden · Plaster
Fra:1 Mem:366.90M (Peak 367.49M) | Time:00:00.10 | Mem:0.00M, Peak:0.00M | Hanliu_Garden_Highpoly, ViewLayer | Synchronizing object | garden · Tile1
Fra:1 Mem:366.91M (Peak 367.49M) | Time:00:00.10 | Mem:0.00M, Peak:0.00M | Hanliu_Garden_Highpoly, ViewLayer | Synchronizing object | garden · Wood.001
Fra:1 Mem:367.11M (Peak 367.49M) | Time:00:00.10 | Mem:0.00M, Peak:0.00M | Hanliu_Garden_Highpoly, ViewLayer | Synchronizing object | garden · Wood.002
Fra:1 Mem:367.42M (Peak 367.49M) | Time:00:00.10 | Mem:0.00M, Peak:0.00M | Hanliu_Garden_Highpoly, ViewLayer | Synchronizing object | garden · Leaf0
Fra:1 Mem:367.57M (Peak 367.57M) | Time:00:00.10 | Mem:0.00M, Peak:0.00M | Hanliu_Garden_Highpoly, ViewLayer | Synchronizing object | garden · Leaf4
Fra:1 Mem:367.84M (Peak 367.84M) | Time:00:00.10 | Mem:0.00M, Peak:0.00M | Hanliu_Garden_Highpoly, ViewLayer | Synchronizing object | 居士自序
Fra:1 Mem:368.06M (Peak 368.06M) | Time:00:00.10 | Mem:0.00M, Peak:0.00M | Hanliu_Garden_Highpoly, ViewLayer | Synchronizing object | garden · White
Fra:1 Mem:368.21M (Peak 368.21M) | Time:00:00.10 | Mem:0.00M, Peak:0.00M | Hanliu_Garden_Highpoly, ViewLayer | Synchronizing object | garden · Mortar
Fra:1 Mem:370.27M (Peak 370.27M) | Time:00:00.10 | Mem:0.00M, Peak:0.00M | Hanliu_Garden_Highpoly, ViewLayer | Synchronizing object | garden · StoneLight.001
Fra:1 Mem:384.41M (Peak 384.93M) | Time:00:00.10 | Mem:0.00M, Peak:0.00M | Hanliu_Garden_Highpoly, ViewLayer | Synchronizing object | about · Stone
Fra:1 Mem:384.41M (Peak 384.93M) | Time:00:00.10 | Mem:0.00M, Peak:0.00M | Hanliu_Garden_Highpoly, ViewLayer | Synchronizing object | about · Paper
Fra:1 Mem:384.41M (Peak 384.93M) | Time:00:00.10 | Mem:0.00M, Peak:0.00M | Hanliu_Garden_Highpoly, ViewLayer | Synchronizing object | about · Wood
Fra:1 Mem:384.42M (Peak 384.93M) | Time:00:00.10 | Mem:0.00M, Peak:0.00M | Hanliu_Garden_Highpoly, ViewLayer | Synchronizing object | about · Brass
Fra:1 Mem:384.47M (Peak 384.93M) | Time:00:00.10 | Mem:0.00M, Peak:0.00M | Hanliu_Garden_Highpoly, ViewLayer | Synchronizing object | about · Tile1
Fra:1 Mem:384.49M (Peak 384.93M) | Time:00:00.10 | Mem:0.00M, Peak:0.00M | Hanliu_Garden_Highpoly, ViewLayer | Synchronizing object | about · Tile3
Fra:1 Mem:384.92M (Peak 384.93M) | Time:00:00.10 | Mem:0.00M, Peak:0.00M | Hanliu_Garden_Highpoly, ViewLayer | Synchronizing object | about · StoneLight.001
Fra:1 Mem:384.97M (Peak 384.97M) | Time:00:00.10 | Mem:0.00M, Peak:0.00M | Hanliu_Garden_Highpoly, ViewLayer | Synchronizing object | about · Wood.002
Fra:1 Mem:385.15M (Peak 385.15M) | Time:00:00.10 | Mem:0.00M, Peak:0.00M | Hanliu_Garden_Highpoly, ViewLayer | Synchronizing object | about · Tile3.001
Fra:1 Mem:385.16M (Peak 385.16M) | Time:00:00.10 | Mem:0.00M, Peak:0.00M | Hanliu_Garden_Highpoly, ViewLayer | Synchronizing object | 友链
Fra:1 Mem:385.52M (Peak 385.52M) | Time:00:00.10 | Mem:0.00M, Peak:0.00M | Hanliu_Garden_Highpoly, ViewLayer | Synchronizing object | about · Tile0.001
Fra:1 Mem:385.94M (Peak 385.94M) | Time:00:00.10 | Mem:0.00M, Peak:0.00M | Hanliu_Garden_Highpoly, ViewLayer | Synchronizing object | about · WoodLight.001
Fra:1 Mem:391.38M (Peak 391.38M) | Time:00:00.11 | Mem:0.00M, Peak:0.00M | Hanliu_Garden_Highpoly, ViewLayer | Synchronizing object | friends · Wood
Fra:1 Mem:391.38M (Peak 391.38M) | Time:00:00.11 | Mem:0.00M, Peak:0.00M | Hanliu_Garden_Highpoly, ViewLayer | Synchronizing object | friends · Ink
Fra:1 Mem:391.39M (Peak 391.39M) | Time:00:00.11 | Mem:0.00M, Peak:0.00M | Hanliu_Garden_Highpoly, ViewLayer | Synchronizing object | friends · Wood.001
Fra:1 Mem:391.39M (Peak 391.39M) | Time:00:00.11 | Mem:0.00M, Peak:0.00M | Hanliu_Garden_Highpoly, ViewLayer | Synchronizing object | friends · Tile0
Fra:1 Mem:391.44M (Peak 391.44M) | Time:00:00.11 | Mem:0.00M, Peak:0.00M | Hanliu_Garden_Highpoly, ViewLayer | Synchronizing object | friends · Tile2
Fra:1 Mem:391.47M (Peak 391.47M) | Time:00:00.11 | Mem:0.00M, Peak:0.00M | Hanliu_Garden_Highpoly, ViewLayer | Synchronizing object | 会客间
Fra:1 Mem:396.24M (Peak 396.73M) | Time:00:00.11 | Mem:0.00M, Peak:0.00M | Hanliu_Garden_Highpoly, ViewLayer | Synchronizing object | backyard · Stone
Fra:1 Mem:396.24M (Peak 396.73M) | Time:00:00.11 | Mem:0.00M, Peak:0.00M | Hanliu_Garden_Highpoly, ViewLayer | Synchronizing object | backyard · Wood
Fra:1 Mem:396.25M (Peak 396.73M) | Time:00:00.11 | Mem:0.00M, Peak:0.00M | Hanliu_Garden_Highpoly, ViewLayer | Synchronizing object | backyard · Tile2
Fra:1 Mem:396.25M (Peak 396.73M) | Time:00:00.11 | Mem:0.00M, Peak:0.00M | Hanliu_Garden_Highpoly, ViewLayer | Synchronizing object | backyard · Wood.001
Fra:1 Mem:396.28M (Peak 396.73M) | Time:00:00.11 | Mem:0.00M, Peak:0.00M | Hanliu_Garden_Highpoly, ViewLayer | Synchronizing object | backyard · White
Fra:1 Mem:396.39M (Peak 396.73M) | Time:00:00.11 | Mem:0.00M, Peak:0.00M | Hanliu_Garden_Highpoly, ViewLayer | Synchronizing object | backyard · Paper
Fra:1 Mem:397.52M (Peak 397.52M) | Time:00:00.11 | Mem:0.00M, Peak:0.00M | Hanliu_Garden_Highpoly, ViewLayer | Synchronizing object | site · Stone
Fra:1 Mem:397.51M (Peak 397.52M) | Time:00:00.11 | Mem:0.00M, Peak:0.00M | Hanliu_Garden_Highpoly, ViewLayer | Synchronizing object | site · Water
Fra:1 Mem:398.54M (Peak 398.54M) | Time:00:00.11 | Mem:0.00M, Peak:0.00M | Hanliu_Garden_Highpoly, ViewLayer | Synchronizing object | site · Moss
Fra:1 Mem:398.78M (Peak 398.78M) | Time:00:00.11 | Mem:0.00M, Peak:0.00M | Hanliu_Garden_Highpoly, ViewLayer | Synchronizing object | site · Stone.001
Fra:1 Mem:399.29M (Peak 399.29M) | Time:00:00.11 | Mem:0.00M, Peak:0.00M | Hanliu_Garden_Highpoly, ViewLayer | Synchronizing object | site · StoneLight
Fra:1 Mem:400.23M (Peak 400.23M) | Time:00:00.11 | Mem:0.00M, Peak:0.00M | Hanliu_Garden_Highpoly, ViewLayer | Synchronizing object | site · Mortar
Fra:1 Mem:400.70M (Peak 400.70M) | Time:00:00.11 | Mem:0.00M, Peak:0.00M | Hanliu_Garden_Highpoly, ViewLayer | Synchronizing object | site · Plaster
Fra:1 Mem:402.40M (Peak 402.40M) | Time:00:00.11 | Mem:0.00M, Peak:0.00M | Hanliu_Garden_Highpoly, ViewLayer | Synchronizing object | site · Tile1
Fra:1 Mem:403.53M (Peak 403.53M) | Time:00:00.11 | Mem:0.00M, Peak:0.00M | Hanliu_Garden_Highpoly, ViewLayer | Synchronizing object | site · Leaf2
Fra:1 Mem:403.66M (Peak 403.66M) | Time:00:00.11 | Mem:0.00M, Peak:0.00M | Hanliu_Garden_Highpoly, ViewLayer | Synchronizing object | site · Leaf3
Fra:1 Mem:404.21M (Peak 404.21M) | Time:00:00.11 | Mem:0.00M, Peak:0.00M | Hanliu_Garden_Highpoly, ViewLayer | Synchronizing object | site · PalePink
Fra:1 Mem:404.33M (Peak 404.33M) | Time:00:00.11 | Mem:0.00M, Peak:0.00M | Hanliu_Garden_Highpoly, ViewLayer | Synchronizing object | site · Pink
Fra:1 Mem:405.14M (Peak 405.14M) | Time:00:00.11 | Mem:0.00M, Peak:0.00M | Hanliu_Garden_Highpoly, ViewLayer | Synchronizing object | site · Leaf0
Fra:1 Mem:405.66M (Peak 405.66M) | Time:00:00.11 | Mem:0.00M, Peak:0.00M | Hanliu_Garden_Highpoly, ViewLayer | Synchronizing object | bridge · StoneLight
Fra:1 Mem:405.80M (Peak 405.80M) | Time:00:00.11 | Mem:0.00M, Peak:0.00M | Hanliu_Garden_Highpoly, ViewLayer | Synchronizing object | bridge · StoneLight.001
Fra:1 Mem:405.80M (Peak 405.80M) | Time:00:00.11 | Mem:0.00M, Peak:0.00M | Hanliu_Garden_Highpoly, ViewLayer | Synchronizing object | planting · Leaf2
Fra:1 Mem:408.87M (Peak 408.87M) | Time:00:00.11 | Mem:0.00M, Peak:0.00M | Hanliu_Garden_Highpoly, ViewLayer | Synchronizing object | planting · Leaf0
Fra:1 Mem:408.85M (Peak 408.87M) | Time:00:00.11 | Mem:0.00M, Peak:0.00M | Hanliu_Garden_Highpoly, ViewLayer | Synchronizing object | planting · Leaf1
Fra:1 Mem:408.90M (Peak 408.90M) | Time:00:00.11 | Mem:0.00M, Peak:0.00M | Hanliu_Garden_Highpoly, ViewLayer | Synchronizing object | planting · Wood.001
Fra:1 Mem:409.36M (Peak 409.36M) | Time:00:00.11 | Mem:0.00M, Peak:0.00M | Hanliu_Garden_Highpoly, ViewLayer | Synchronizing object | planting · Leaf4
Fra:1 Mem:417.56M (Peak 417.56M) | Time:00:00.11 | Mem:0.00M, Peak:0.00M | Hanliu_Garden_Highpoly, ViewLayer | Synchronizing object | planting · PalePink
Fra:1 Mem:417.56M (Peak 417.56M) | Time:00:00.11 | Mem:0.00M, Peak:0.00M | Hanliu_Garden_Highpoly, ViewLayer | Synchronizing object | planting · Wood.002
Fra:1 Mem:425.81M (Peak 425.81M) | Time:00:00.11 | Mem:0.00M, Peak:0.00M | Hanliu_Garden_Highpoly, ViewLayer | Synchronizing object | planting · Leaf4.001
Fra:1 Mem:425.86M (Peak 425.86M) | Time:00:00.11 | Mem:0.00M, Peak:0.00M | Hanliu_Garden_Highpoly, ViewLayer | Synchronizing object | planting · Leaf0.002
Fra:1 Mem:426.32M (Peak 426.32M) | Time:00:00.11 | Mem:0.00M, Peak:0.00M | Hanliu_Garden_Highpoly, ViewLayer | Synchronizing object | planting · Leaf3.001
Fra:1 Mem:427.77M (Peak 427.77M) | Time:00:00.11 | Mem:0.00M, Peak:0.00M | Hanliu_Garden_Highpoly, ViewLayer | Synchronizing object | Workshop light
Fra:1 Mem:434.69M (Peak 434.69M) | Time:00:00.11 | Mem:0.00M, Peak:0.00M | Hanliu_Garden_Highpoly, ViewLayer | Synchronizing object | Library desk light
Fra:1 Mem:434.84M (Peak 434.84M) | Time:00:00.11 | Mem:0.00M, Peak:0.00M | Hanliu_Garden_Highpoly, ViewLayer | Synchronizing object | Large sky fill
Fra:1 Mem:434.85M (Peak 434.85M) | Time:00:00.11 | Mem:0.00M, Peak:0.00M | Hanliu_Garden_Highpoly, ViewLayer | Synchronizing object | Soft afternoon sun
Fra:1 Mem:434.85M (Peak 434.85M) | Time:00:00.11 | Mem:0.00M, Peak:0.00M | Hanliu_Garden_Highpoly, ViewLayer | Synchronizing object | birds · Ink.003
Fra:1 Mem:435.00M (Peak 435.00M) | Time:00:00.11 | Mem:0.00M, Peak:0.00M | Hanliu_Garden_Highpoly, ViewLayer | Synchronizing object | planting · Wood.003
Fra:1 Mem:435.08M (Peak 435.08M) | Time:00:00.11 | Mem:0.00M, Peak:0.00M | Hanliu_Garden_Highpoly, ViewLayer | Synchronizing object | birds · DuckBrown.001
Fra:1 Mem:436.01M (Peak 436.01M) | Time:00:00.11 | Mem:0.00M, Peak:0.00M | Hanliu_Garden_Highpoly, ViewLayer | Synchronizing object | planting · Leaf4.002
Fra:1 Mem:436.01M (Peak 436.01M) | Time:00:00.11 | Mem:0.00M, Peak:0.00M | Hanliu_Garden_Highpoly, ViewLayer | Synchronizing object | birds · Ink.002
Fra:1 Mem:436.19M (Peak 436.19M) | Time:00:00.11 | Mem:0.00M, Peak:0.00M | Hanliu_Garden_Highpoly, ViewLayer | Synchronizing object | birds · DuckBrown
Fra:1 Mem:436.36M (Peak 436.36M) | Time:00:00.11 | Mem:0.00M, Peak:0.00M | Hanliu_Garden_Highpoly, ViewLayer | Synchronizing object | planting · Leaf3.002
Fra:1 Mem:436.71M (Peak 436.71M) | Time:00:00.11 | Mem:0.00M, Peak:0.00M | Hanliu_Garden_Highpoly, ViewLayer | Synchronizing object | planting · Leaf0.003
Fra:1 Mem:436.71M (Peak 436.71M) | Time:00:00.11 | Mem:0.00M, Peak:0.00M | Hanliu_Garden_Highpoly, ViewLayer | Synchronizing object | birds · Yellow
Fra:1 Mem:437.46M (Peak 437.46M) | Time:00:00.11 | Mem:0.00M, Peak:0.00M | Hanliu_Garden_Highpoly, ViewLayer | Synchronizing object | birds · DuckGreen
Fra:1 Mem:437.34M (Peak 437.46M) | Time:00:00.11 | Mem:0.00M, Peak:0.00M | Hanliu_Garden_Highpoly, ViewLayer | Synchronizing object | planting · Wood.004
Fra:1 Mem:437.34M (Peak 437.46M) | Time:00:00.11 | Mem:0.00M, Peak:0.00M | Hanliu_Garden_Highpoly, ViewLayer | Synchronizing object | birds · BirdGrey.001
Fra:1 Mem:438.94M (Peak 438.94M) | Time:00:00.11 | Mem:0.00M, Peak:0.00M | Hanliu_Garden_Highpoly, ViewLayer | Synchronizing object | planting · Leaf0.004
Fra:1 Mem:439.29M (Peak 439.29M) | Time:00:00.11 | Mem:0.00M, Peak:0.00M | Hanliu_Garden_Highpoly, ViewLayer | Synchronizing object | birds · Orange
Fra:1 Mem:439.89M (Peak 439.89M) | Time:00:00.11 | Mem:0.00M, Peak:0.00M | Hanliu_Garden_Highpoly, ViewLayer | Synchronizing object | planting · Wood.005
Fra:1 Mem:440.04M (Peak 440.04M) | Time:00:00.11 | Mem:0.00M, Peak:0.00M | Hanliu_Garden_Highpoly, ViewLayer | Synchronizing object | birds · Ink.001
Fra:1 Mem:440.47M (Peak 440.47M) | Time:00:00.11 | Mem:0.00M, Peak:0.00M | Hanliu_Garden_Highpoly, ViewLayer | Synchronizing object | birds · BirdWhite.001
Fra:1 Mem:440.48M (Peak 440.48M) | Time:00:00.11 | Mem:0.00M, Peak:0.00M | Hanliu_Garden_Highpoly, ViewLayer | Synchronizing object | birds · BirdGrey
Fra:1 Mem:440.92M (Peak 440.92M) | Time:00:00.11 | Mem:0.00M, Peak:0.00M | Hanliu_Garden_Highpoly, ViewLayer | Synchronizing object | planting · Leaf4.004
Fra:1 Mem:441.13M (Peak 441.13M) | Time:00:00.11 | Mem:0.00M, Peak:0.00M | Hanliu_Garden_Highpoly, ViewLayer | Synchronizing object | planting · Pink
Fra:1 Mem:441.48M (Peak 441.48M) | Time:00:00.11 | Mem:0.00M, Peak:0.00M | Hanliu_Garden_Highpoly, ViewLayer | Synchronizing object | planting · Leaf0.005
Fra:1 Mem:441.33M (Peak 441.48M) | Time:00:00.11 | Mem:0.00M, Peak:0.00M | Hanliu_Garden_Highpoly, ViewLayer | Synchronizing object | planting · Leaf3.004
Fra:1 Mem:442.11M (Peak 442.11M) | Time:00:00.11 | Mem:0.00M, Peak:0.00M | Hanliu_Garden_Highpoly, ViewLayer | Synchronizing object | birds · Ink
Fra:1 Mem:449.06M (Peak 449.06M) | Time:00:00.11 | Mem:0.00M, Peak:0.00M | Hanliu_Garden_Highpoly, ViewLayer | Synchronizing object | planting · Wood.006
Fra:1 Mem:449.09M (Peak 449.09M) | Time:00:00.11 | Mem:0.00M, Peak:0.00M | Hanliu_Garden_Highpoly, ViewLayer | Synchronizing object | planting · Leaf4.005
Fra:1 Mem:449.16M (Peak 449.16M) | Time:00:00.11 | Mem:0.00M, Peak:0.00M | Hanliu_Garden_Highpoly, ViewLayer | Synchronizing object | birds · BirdWhite
Fra:1 Mem:449.51M (Peak 449.51M) | Time:00:00.11 | Mem:0.00M, Peak:0.00M | Hanliu_Garden_Highpoly, ViewLayer | Synchronizing object | planting · Leaf0.006
Fra:1 Mem:450.33M (Peak 450.33M) | Time:00:00.11 | Mem:0.00M, Peak:0.00M | Hanliu_Garden_Highpoly, ViewLayer | Synchronizing object | planting · Leaf3.005
Fra:1 Mem:454.82M (Peak 454.82M) | Time:00:00.11 | Mem:0.00M, Peak:0.00M | Hanliu_Garden_Highpoly, ViewLayer | Synchronizing object | planting · Wood.007
Fra:1 Mem:454.83M (Peak 454.83M) | Time:00:00.11 | Mem:0.00M, Peak:0.00M | Hanliu_Garden_Highpoly, ViewLayer | Synchronizing object | planting · Leaf1.001
Fra:1 Mem:455.39M (Peak 455.39M) | Time:00:00.11 | Mem:0.00M, Peak:0.00M | Hanliu_Garden_Highpoly, ViewLayer | Synchronizing object | planting · Leaf4.006
Fra:1 Mem:455.39M (Peak 455.39M) | Time:00:00.11 | Mem:0.00M, Peak:0.00M | Hanliu_Garden_Highpoly, ViewLayer | Synchronizing object | planting · Leaf0.007
Fra:1 Mem:456.33M (Peak 456.33M) | Time:00:00.11 | Mem:0.00M, Peak:0.00M | Hanliu_Garden_Highpoly, ViewLayer | Synchronizing object | planting · Leaf3.006
Fra:1 Mem:456.52M (Peak 456.52M) | Time:00:00.11 | Mem:0.00M, Peak:0.00M | Hanliu_Garden_Highpoly, ViewLayer | Synchronizing object | planting · Wood.008
Fra:1 Mem:456.63M (Peak 456.63M) | Time:00:00.11 | Mem:0.00M, Peak:0.00M | Hanliu_Garden_Highpoly, ViewLayer | Synchronizing object | planting · Leaf2.001
Fra:1 Mem:460.40M (Peak 460.40M) | Time:00:00.11 | Mem:0.00M, Peak:0.00M | Hanliu_Garden_Highpoly, ViewLayer | Synchronizing object | planting · Leaf0.008
Fra:1 Mem:460.38M (Peak 460.40M) | Time:00:00.11 | Mem:0.00M, Peak:0.00M | Hanliu_Garden_Highpoly, ViewLayer | Synchronizing object | planting · Leaf4.007
Fra:1 Mem:460.69M (Peak 460.69M) | Time:00:00.11 | Mem:0.00M, Peak:0.00M | Hanliu_Garden_Highpoly, ViewLayer | Synchronizing object | planting · Leaf3.007
Fra:1 Mem:462.88M (Peak 462.88M) | Time:00:00.11 | Mem:0.00M, Peak:0.00M | Hanliu_Garden_Highpoly, ViewLayer | Synchronizing object | planting · Wood.009
Fra:1 Mem:462.83M (Peak 462.88M) | Time:00:00.11 | Mem:0.00M, Peak:0.00M | Hanliu_Garden_Highpoly, ViewLayer | Synchronizing object | planting · Leaf4.008
Fra:1 Mem:462.85M (Peak 462.88M) | Time:00:00.11 | Mem:0.00M, Peak:0.00M | Hanliu_Garden_Highpoly, ViewLayer | Synchronizing object | planting · Yellow
Fra:1 Mem:464.48M (Peak 464.48M) | Time:00:00.11 | Mem:0.00M, Peak:0.00M | Hanliu_Garden_Highpoly, ViewLayer | Synchronizing object | planting · Leaf0.009
Fra:1 Mem:464.72M (Peak 464.72M) | Time:00:00.11 | Mem:0.00M, Peak:0.00M | Hanliu_Garden_Highpoly, ViewLayer | Synchronizing object | planting · Leaf3.008
Fra:1 Mem:464.63M (Peak 464.72M) | Time:00:00.11 | Mem:0.00M, Peak:0.00M | Hanliu_Garden_Highpoly, ViewLayer | Synchronizing object | planting · White
Fra:1 Mem:500.06M (Peak 503.65M) | Time:00:00.12 | Mem:0.00M, Peak:0.00M | Hanliu_Garden_Highpoly, ViewLayer | Initializing
Fra:1 Mem:434.09M (Peak 503.65M) | Time:00:00.12 | Mem:0.00M, Peak:0.00M | Hanliu_Garden_Highpoly, ViewLayer | Waiting for render to start
Fra:1 Mem:434.09M (Peak 503.65M) | Time:00:00.12 | Mem:0.00M, Peak:0.00M | Hanliu_Garden_Highpoly, ViewLayer | Updating Scene
Fra:1 Mem:434.09M (Peak 503.65M) | Time:00:00.12 | Mem:0.00M, Peak:0.00M | Hanliu_Garden_Highpoly, ViewLayer | Updating Shaders
Fra:1 Mem:434.09M (Peak 503.65M) | Time:00:00.12 | Mem:0.00M, Peak:0.00M | Hanliu_Garden_Highpoly, ViewLayer | Loading render kernels (may take a few minutes the first time)
Fra:1 Mem:434.26M (Peak 503.65M) | Time:00:00.19 | Mem:0.09M, Peak:0.09M | Hanliu_Garden_Highpoly, ViewLayer | Updating Procedurals
Fra:1 Mem:434.26M (Peak 503.65M) | Time:00:00.19 | Mem:0.09M, Peak:0.09M | Hanliu_Garden_Highpoly, ViewLayer | Updating Background
Fra:1 Mem:434.26M (Peak 503.65M) | Time:00:00.19 | Mem:0.09M, Peak:0.09M | Hanliu_Garden_Highpoly, ViewLayer | Updating Camera
Fra:1 Mem:434.26M (Peak 503.65M) | Time:00:00.19 | Mem:0.09M, Peak:0.09M | Hanliu_Garden_Highpoly, ViewLayer | Updating Meshes Flags
Fra:1 Mem:434.26M (Peak 503.65M) | Time:00:00.19 | Mem:0.09M, Peak:0.09M | Hanliu_Garden_Highpoly, ViewLayer | Updating Objects
Fra:1 Mem:434.26M (Peak 503.65M) | Time:00:00.19 | Mem:0.09M, Peak:0.09M | Hanliu_Garden_Highpoly, ViewLayer | Updating Objects | Copying Transformations to device
Fra:1 Mem:434.30M (Peak 503.65M) | Time:00:00.19 | Mem:0.14M, Peak:0.14M | Hanliu_Garden_Highpoly, ViewLayer | Updating Particle Systems
Fra:1 Mem:434.30M (Peak 503.65M) | Time:00:00.19 | Mem:0.14M, Peak:0.14M | Hanliu_Garden_Highpoly, ViewLayer | Updating Particle Systems | Copying Particles to device
Fra:1 Mem:434.30M (Peak 503.65M) | Time:00:00.19 | Mem:0.14M, Peak:0.14M | Hanliu_Garden_Highpoly, ViewLayer | Updating Meshes
Fra:1 Mem:434.30M (Peak 503.65M) | Time:00:00.19 | Mem:0.14M, Peak:0.14M | Hanliu_Garden_Highpoly, ViewLayer | Updating Objects | Applying Static Transformations
Fra:1 Mem:434.30M (Peak 503.65M) | Time:00:00.19 | Mem:0.14M, Peak:0.14M | Hanliu_Garden_Highpoly, ViewLayer | Updating Mesh | Computing attributes
Fra:1 Mem:459.65M (Peak 503.65M) | Time:00:00.19 | Mem:0.15M, Peak:0.15M | Hanliu_Garden_Highpoly, ViewLayer | Updating Mesh | Copying Attributes to device
Fra:1 Mem:459.62M (Peak 503.65M) | Time:00:00.19 | Mem:25.46M, Peak:25.46M | Hanliu_Garden_Highpoly, ViewLayer | Updating Geometry BVH light 199/198 | Building BVH
Fra:1 Mem:459.62M (Peak 503.65M) | Time:00:00.19 | Mem:25.46M, Peak:25.46M | Hanliu_Garden_Highpoly, ViewLayer | Updating Geometry BVH home_Wood 4/198 | Building OptiX acceleration structure
Fra:1 Mem:459.62M (Peak 503.65M) | Time:00:00.19 | Mem:25.46M, Peak:25.46M | Hanliu_Garden_Highpoly, ViewLayer | Updating Geometry BVH Workshop light 198/198 | Building BVH
Fra:1 Mem:459.62M (Peak 503.65M) | Time:00:00.19 | Mem:25.46M, Peak:25.46M | Hanliu_Garden_Highpoly, ViewLayer | Updating Geometry BVH Workshop light 198/198 | Building OptiX acceleration structure
Fra:1 Mem:459.62M (Peak 503.65M) | Time:00:00.19 | Mem:25.46M, Peak:25.46M | Hanliu_Garden_Highpoly, ViewLayer | Updating Geometry BVH Library desk light 197/198 | Building BVH
Fra:1 Mem:459.62M (Peak 503.65M) | Time:00:00.19 | Mem:25.46M, Peak:25.46M | Hanliu_Garden_Highpoly, ViewLayer | Updating Geometry BVH Library desk light 197/198 | Building OptiX acceleration structure
Fra:1 Mem:459.62M (Peak 503.65M) | Time:00:00.19 | Mem:25.46M, Peak:25.46M | Hanliu_Garden_Highpoly, ViewLayer | Updating Geometry BVH Large sky fill 196/198 | Building BVH
Fra:1 Mem:459.62M (Peak 503.65M) | Time:00:00.19 | Mem:25.46M, Peak:25.46M | Hanliu_Garden_Highpoly, ViewLayer | Updating Geometry BVH Large sky fill 196/198 | Building OptiX acceleration structure
Fra:1 Mem:459.62M (Peak 503.65M) | Time:00:00.19 | Mem:25.46M, Peak:25.46M | Hanliu_Garden_Highpoly, ViewLayer | Updating Geometry BVH home_Tile1 5/198 | Building BVH
Fra:1 Mem:459.62M (Peak 503.65M) | Time:00:00.19 | Mem:25.46M, Peak:25.46M | Hanliu_Garden_Highpoly, ViewLayer | Updating Geometry BVH Inscription 寒柳别苑 2/198 | Building OptiX acceleration structure
Fra:1 Mem:459.62M (Peak 503.65M) | Time:00:00.19 | Mem:25.46M, Peak:25.46M | Hanliu_Garden_Highpoly, ViewLayer | Updating Geometry BVH home_Tile0 7/198 | Building BVH
Fra:1 Mem:459.77M (Peak 503.65M) | Time:00:00.19 | Mem:25.46M, Peak:25.46M | Hanliu_Garden_Highpoly, ViewLayer | Updating Geometry BVH home_Tile2 6/198 | Building OptiX acceleration structure
Fra:1 Mem:459.81M (Peak 503.65M) | Time:00:00.19 | Mem:25.46M, Peak:25.46M | Hanliu_Garden_Highpoly, ViewLayer | Updating Geometry BVH home_WoodLight 9/198 | Building BVH
Fra:1 Mem:459.81M (Peak 503.65M) | Time:00:00.19 | Mem:25.46M, Peak:25.46M | Hanliu_Garden_Highpoly, ViewLayer | Updating Geometry BVH home_Wood.001 11/198 | Building BVH
Fra:1 Mem:459.81M (Peak 503.65M) | Time:00:00.19 | Mem:25.46M, Peak:25.46M | Hanliu_Garden_Highpoly, ViewLayer | Updating Geometry BVH home_Wood.001 11/198 | Building OptiX acceleration structure
Fra:1 Mem:459.81M (Peak 503.65M) | Time:00:00.19 | Mem:25.46M, Peak:25.46M | Hanliu_Garden_Highpoly, ViewLayer | Updating Geometry BVH home_Paper 12/198 | Building BVH
Fra:1 Mem:459.81M (Peak 503.65M) | Time:00:00.19 | Mem:25.54M, Peak:25.54M | Hanliu_Garden_Highpoly, ViewLayer | Updating Geometry BVH home_Paper 12/198 | Building OptiX acceleration structure
Fra:1 Mem:461.89M (Peak 503.65M) | Time:00:00.19 | Mem:26.69M, Peak:26.69M | Hanliu_Garden_Highpoly, ViewLayer | Updating Geometry BVH birds_Ink.003 194/198 | Building BVH
Fra:1 Mem:461.89M (Peak 503.65M) | Time:00:00.19 | Mem:26.69M, Peak:26.69M | Hanliu_Garden_Highpoly, ViewLayer | Updating Geometry BVH birds_Ink.003 194/198 | Building OptiX acceleration structure
Fra:1 Mem:461.86M (Peak 503.65M) | Time:00:00.19 | Mem:27.75M, Peak:27.90M | Hanliu_Garden_Highpoly, ViewLayer | Updating Geometry BVH Inscription 博客 13/198 | Building BVH
Fra:1 Mem:461.86M (Peak 503.65M) | Time:00:00.19 | Mem:27.75M, Peak:27.90M | Hanliu_Garden_Highpoly, ViewLayer | Updating Geometry BVH Inscription 博客 13/198 | Building OptiX acceleration structure
Fra:1 Mem:462.90M (Peak 503.65M) | Time:00:00.19 | Mem:28.78M, Peak:28.80M | Hanliu_Garden_Highpoly, ViewLayer | Updating Geometry BVH blog_Stone 14/198 | Building BVH
Fra:1 Mem:462.90M (Peak 503.65M) | Time:00:00.19 | Mem:28.79M, Peak:28.80M | Hanliu_Garden_Highpoly, ViewLayer | Updating Geometry BVH blog_Stone 14/198 | Building OptiX acceleration structure
Fra:1 Mem:462.90M (Peak 503.65M) | Time:00:00.20 | Mem:28.78M, Peak:28.80M | Hanliu_Garden_Highpoly, ViewLayer | Updating Geometry BVH blog_StoneLight 15/198 | Building BVH
Fra:1 Mem:462.90M (Peak 503.65M) | Time:00:00.20 | Mem:28.78M, Peak:28.80M | Hanliu_Garden_Highpoly, ViewLayer | Updating Geometry BVH blog_StoneLight 15/198 | Building OptiX acceleration structure
Fra:1 Mem:462.77M (Peak 503.65M) | Time:00:00.20 | Mem:28.76M, Peak:29.48M | Hanliu_Garden_Highpoly, ViewLayer | Updating Geometry BVH blog_Plaster 16/198 | Building BVH
Fra:1 Mem:462.77M (Peak 503.65M) | Time:00:00.20 | Mem:28.76M, Peak:29.48M | Hanliu_Garden_Highpoly, ViewLayer | Updating Geometry BVH blog_Plaster 16/198 | Building OptiX acceleration structure
Fra:1 Mem:462.77M (Peak 503.65M) | Time:00:00.20 | Mem:28.77M, Peak:29.48M | Hanliu_Garden_Highpoly, ViewLayer | Updating Geometry BVH blog_Wood 17/198 | Building BVH
Fra:1 Mem:462.77M (Peak 503.65M) | Time:00:00.20 | Mem:29.03M, Peak:29.48M | Hanliu_Garden_Highpoly, ViewLayer | Updating Geometry BVH blog_Wood 17/198 | Building OptiX acceleration structure
Fra:1 Mem:462.78M (Peak 503.65M) | Time:00:00.20 | Mem:28.88M, Peak:29.48M | Hanliu_Garden_Highpoly, ViewLayer | Updating Geometry BVH blog_Paper 18/198 | Building BVH
Fra:1 Mem:462.78M (Peak 503.65M) | Time:00:00.20 | Mem:28.88M, Peak:29.48M | Hanliu_Garden_Highpoly, ViewLayer | Updating Geometry BVH blog_Paper 18/198 | Building OptiX acceleration structure
Fra:1 Mem:462.85M (Peak 503.65M) | Time:00:00.20 | Mem:28.91M, Peak:29.48M | Hanliu_Garden_Highpoly, ViewLayer | Updating Geometry BVH blog_WoodLight 19/198 | Building BVH
Fra:1 Mem:462.85M (Peak 503.65M) | Time:00:00.20 | Mem:28.92M, Peak:29.48M | Hanliu_Garden_Highpoly, ViewLayer | Updating Geometry BVH blog_WoodLight 19/198 | Building OptiX acceleration structure
Fra:1 Mem:462.97M (Peak 503.65M) | Time:00:00.20 | Mem:29.04M, Peak:29.48M | Hanliu_Garden_Highpoly, ViewLayer | Updating Geometry BVH blog_Wood.001 20/198 | Building BVH
Fra:1 Mem:462.97M (Peak 503.65M) | Time:00:00.20 | Mem:29.05M, Peak:29.48M | Hanliu_Garden_Highpoly, ViewLayer | Updating Geometry BVH blog_Wood.001 20/198 | Building OptiX acceleration structure
Fra:1 Mem:463.22M (Peak 503.65M) | Time:00:00.20 | Mem:29.79M, Peak:29.79M | Hanliu_Garden_Highpoly, ViewLayer | Updating Geometry BVH blog_Tile0 21/198 | Building BVH
Fra:1 Mem:463.22M (Peak 503.65M) | Time:00:00.20 | Mem:29.79M, Peak:29.79M | Hanliu_Garden_Highpoly, ViewLayer | Updating Geometry BVH blog_Tile0 21/198 | Building OptiX acceleration structure
Fra:1 Mem:463.46M (Peak 503.65M) | Time:00:00.20 | Mem:29.62M, Peak:30.14M | Hanliu_Garden_Highpoly, ViewLayer | Updating Geometry BVH blog_Tile2 22/198 | Building BVH
Fra:1 Mem:463.46M (Peak 503.65M) | Time:00:00.20 | Mem:29.66M, Peak:30.14M | Hanliu_Garden_Highpoly, ViewLayer | Updating Geometry BVH blog_Tile2 22/198 | Building OptiX acceleration structure
Fra:1 Mem:463.69M (Peak 503.65M) | Time:00:00.20 | Mem:29.86M, Peak:30.14M | Hanliu_Garden_Highpoly, ViewLayer | Updating Geometry BVH birds_DuckBrown.001 193/198 | Building BVH
Fra:1 Mem:463.69M (Peak 503.65M) | Time:00:00.20 | Mem:29.86M, Peak:30.14M | Hanliu_Garden_Highpoly, ViewLayer | Updating Geometry BVH birds_DuckBrown.001 193/198 | Building OptiX acceleration structure
Fra:1 Mem:461.87M (Peak 503.65M) | Time:00:00.20 | Mem:29.48M, Peak:36.15M | Hanliu_Garden_Highpoly, ViewLayer | Updating Geometry BVH blog_Tile1 23/198 | Building BVH
Fra:1 Mem:461.87M (Peak 503.65M) | Time:00:00.20 | Mem:29.48M, Peak:36.15M | Hanliu_Garden_Highpoly, ViewLayer | Updating Geometry BVH blog_Tile1 23/198 | Building OptiX acceleration structure
Fra:1 Mem:461.47M (Peak 503.65M) | Time:00:00.20 | Mem:29.90M, Peak:36.15M | Hanliu_Garden_Highpoly, ViewLayer | Updating Geometry BVH blog_Tile3 24/198 | Building BVH
Fra:1 Mem:461.47M (Peak 503.65M) | Time:00:00.20 | Mem:29.90M, Peak:36.15M | Hanliu_Garden_Highpoly, ViewLayer | Updating Geometry BVH blog_Tile3 24/198 | Building OptiX acceleration structure
Fra:1 Mem:461.57M (Peak 503.65M) | Time:00:00.20 | Mem:29.95M, Peak:36.15M | Hanliu_Garden_Highpoly, ViewLayer | Updating Geometry BVH blog_Ceramic 25/198 | Building BVH
Fra:1 Mem:461.57M (Peak 503.65M) | Time:00:00.20 | Mem:29.97M, Peak:36.15M | Hanliu_Garden_Highpoly, ViewLayer | Updating Geometry BVH blog_Ceramic 25/198 | Building OptiX acceleration structure
Fra:1 Mem:461.64M (Peak 503.65M) | Time:00:00.20 | Mem:30.10M, Peak:36.15M | Hanliu_Garden_Highpoly, ViewLayer | Updating Geometry BVH blog_Burgundy 26/198 | Building BVH
Fra:1 Mem:461.64M (Peak 503.65M) | Time:00:00.20 | Mem:30.10M, Peak:36.15M | Hanliu_Garden_Highpoly, ViewLayer | Updating Geometry BVH blog_Burgundy 26/198 | Building OptiX acceleration structure
Fra:1 Mem:461.70M (Peak 503.65M) | Time:00:00.20 | Mem:30.49M, Peak:36.15M | Hanliu_Garden_Highpoly, ViewLayer | Updating Geometry BVH Inscription 别苑杂务 27/198 | Building BVH
Fra:1 Mem:461.70M (Peak 503.65M) | Time:00:00.20 | Mem:30.49M, Peak:36.15M | Hanliu_Garden_Highpoly, ViewLayer | Updating Geometry BVH Inscription 别苑杂务 27/198 | Building OptiX acceleration structure
Fra:1 Mem:463.33M (Peak 503.65M) | Time:00:00.20 | Mem:31.85M, Peak:36.15M | Hanliu_Garden_Highpoly, ViewLayer | Updating Geometry BVH chores_StoneLight 28/198 | Building BVH
Fra:1 Mem:463.33M (Peak 503.65M) | Time:00:00.20 | Mem:31.85M, Peak:36.15M | Hanliu_Garden_Highpoly, ViewLayer | Updating Geometry BVH chores_StoneLight 28/198 | Building OptiX acceleration structure
Fra:1 Mem:463.25M (Peak 503.65M) | Time:00:00.20 | Mem:32.12M, Peak:36.15M | Hanliu_Garden_Highpoly, ViewLayer | Updating Geometry BVH chores_Wood 29/198 | Building BVH
Fra:1 Mem:463.25M (Peak 503.65M) | Time:00:00.20 | Mem:32.45M, Peak:36.15M | Hanliu_Garden_Highpoly, ViewLayer | Updating Geometry BVH chores_Wood 29/198 | Building OptiX acceleration structure
Fra:1 Mem:463.23M (Peak 503.65M) | Time:00:00.20 | Mem:31.96M, Peak:36.15M | Hanliu_Garden_Highpoly, ViewLayer | Updating Geometry BVH chores_Plaster 30/198 | Building BVH
Fra:1 Mem:463.23M (Peak 503.65M) | Time:00:00.20 | Mem:32.50M, Peak:36.15M | Hanliu_Garden_Highpoly, ViewLayer | Updating Geometry BVH chores_Plaster 30/198 | Building OptiX acceleration structure
Fra:1 Mem:462.99M (Peak 503.65M) | Time:00:00.21 | Mem:31.95M, Peak:36.15M | Hanliu_Garden_Highpoly, ViewLayer | Updating Geometry BVH chores_Tile3 31/198 | Building BVH
Fra:1 Mem:462.99M (Peak 503.65M) | Time:00:00.21 | Mem:31.95M, Peak:36.15M | Hanliu_Garden_Highpoly, ViewLayer | Updating Geometry BVH chores_Tile3 31/198 | Building OptiX acceleration structure
Fra:1 Mem:462.67M (Peak 503.65M) | Time:00:00.21 | Mem:31.91M, Peak:36.15M | Hanliu_Garden_Highpoly, ViewLayer | Updating Geometry BVH chores_Tile0 32/198 | Building BVH
Fra:1 Mem:462.67M (Peak 503.65M) | Time:00:00.21 | Mem:31.91M, Peak:36.15M | Hanliu_Garden_Highpoly, ViewLayer | Updating Geometry BVH chores_Tile0 32/198 | Building OptiX acceleration structure
Fra:1 Mem:462.48M (Peak 503.65M) | Time:00:00.21 | Mem:31.93M, Peak:36.15M | Hanliu_Garden_Highpoly, ViewLayer | Updating Geometry BVH chores_Tile1 33/198 | Building BVH
Fra:1 Mem:462.48M (Peak 503.65M) | Time:00:00.21 | Mem:32.30M, Peak:36.15M | Hanliu_Garden_Highpoly, ViewLayer | Updating Geometry BVH chores_Tile1 33/198 | Building OptiX acceleration structure
Fra:1 Mem:462.60M (Peak 503.65M) | Time:00:00.21 | Mem:32.12M, Peak:36.15M | Hanliu_Garden_Highpoly, ViewLayer | Updating Geometry BVH birds_Ink.002 192/198 | Building BVH
Fra:1 Mem:462.60M (Peak 503.65M) | Time:00:00.21 | Mem:32.12M, Peak:36.15M | Hanliu_Garden_Highpoly, ViewLayer | Updating Geometry BVH birds_Ink.002 192/198 | Building OptiX acceleration structure
Fra:1 Mem:461.96M (Peak 503.65M) | Time:00:00.21 | Mem:32.23M, Peak:36.15M | Hanliu_Garden_Highpoly, ViewLayer | Updating Geometry BVH chores_Tile2 34/198 | Building BVH
Fra:1 Mem:461.96M (Peak 503.65M) | Time:00:00.21 | Mem:32.46M, Peak:36.15M | Hanliu_Garden_Highpoly, ViewLayer | Updating Geometry BVH chores_Tile2 34/198 | Building OptiX acceleration structure
Fra:1 Mem:461.93M (Peak 503.65M) | Time:00:00.21 | Mem:32.09M, Peak:36.15M | Hanliu_Garden_Highpoly, ViewLayer | Updating Geometry BVH chores_WoodLight 35/198 | Building BVH
Fra:1 Mem:461.93M (Peak 503.65M) | Time:00:00.21 | Mem:32.09M, Peak:36.15M | Hanliu_Garden_Highpoly, ViewLayer | Updating Geometry BVH chores_WoodLight 35/198 | Building OptiX acceleration structure
Fra:1 Mem:461.85M (Peak 503.65M) | Time:00:00.21 | Mem:32.41M, Peak:36.15M | Hanliu_Garden_Highpoly, ViewLayer | Updating Geometry BVH chores_Wood.001 36/198 | Building BVH
Fra:1 Mem:461.85M (Peak 503.65M) | Time:00:00.21 | Mem:32.41M, Peak:36.15M | Hanliu_Garden_Highpoly, ViewLayer | Updating Geometry BVH chores_Wood.001 36/198 | Building OptiX acceleration structure
Fra:1 Mem:461.79M (Peak 503.65M) | Time:00:00.21 | Mem:32.10M, Peak:36.15M | Hanliu_Garden_Highpoly, ViewLayer | Updating Geometry BVH chores_Paper 37/198 | Building BVH
Fra:1 Mem:461.79M (Peak 503.65M) | Time:00:00.21 | Mem:32.10M, Peak:36.15M | Hanliu_Garden_Highpoly, ViewLayer | Updating Geometry BVH chores_Paper 37/198 | Building OptiX acceleration structure
Fra:1 Mem:460.10M (Peak 503.65M) | Time:00:00.21 | Mem:31.73M, Peak:39.91M | Hanliu_Garden_Highpoly, ViewLayer | Updating Geometry BVH Inscription 造物录 38/198 | Building BVH
Fra:1 Mem:460.10M (Peak 503.65M) | Time:00:00.21 | Mem:31.73M, Peak:39.91M | Hanliu_Garden_Highpoly, ViewLayer | Updating Geometry BVH Inscription 造物录 38/198 | Building OptiX acceleration structure
Fra:1 Mem:461.48M (Peak 503.65M) | Time:00:00.21 | Mem:33.10M, Peak:39.91M | Hanliu_Garden_Highpoly, ViewLayer | Updating Geometry BVH making_Stone 39/198 | Building BVH
Fra:1 Mem:461.48M (Peak 503.65M) | Time:00:00.21 | Mem:33.62M, Peak:39.91M | Hanliu_Garden_Highpoly, ViewLayer | Updating Geometry BVH making_Stone 39/198 | Building OptiX acceleration structure
Fra:1 Mem:461.37M (Peak 503.65M) | Time:00:00.21 | Mem:33.09M, Peak:39.91M | Hanliu_Garden_Highpoly, ViewLayer | Updating Geometry BVH making_StoneLight 40/198 | Building BVH
Fra:1 Mem:461.37M (Peak 503.65M) | Time:00:00.21 | Mem:33.10M, Peak:39.91M | Hanliu_Garden_Highpoly, ViewLayer | Updating Geometry BVH making_StoneLight 40/198 | Building OptiX acceleration structure
Fra:1 Mem:461.38M (Peak 503.65M) | Time:00:00.21 | Mem:33.10M, Peak:39.91M | Hanliu_Garden_Highpoly, ViewLayer | Updating Geometry BVH making_Plaster 41/198 | Building BVH
Fra:1 Mem:461.38M (Peak 503.65M) | Time:00:00.21 | Mem:33.10M, Peak:39.91M | Hanliu_Garden_Highpoly, ViewLayer | Updating Geometry BVH making_Plaster 41/198 | Building OptiX acceleration structure
Fra:1 Mem:461.36M (Peak 503.65M) | Time:00:00.21 | Mem:33.10M, Peak:39.91M | Hanliu_Garden_Highpoly, ViewLayer | Updating Geometry BVH making_Wood 42/198 | Building BVH
Fra:1 Mem:461.36M (Peak 503.65M) | Time:00:00.21 | Mem:33.22M, Peak:39.91M | Hanliu_Garden_Highpoly, ViewLayer | Updating Geometry BVH making_Wood 42/198 | Building OptiX acceleration structure
Fra:1 Mem:461.37M (Peak 503.65M) | Time:00:00.21 | Mem:33.15M, Peak:39.91M | Hanliu_Garden_Highpoly, ViewLayer | Updating Geometry BVH making_Paper 43/198 | Building BVH
Fra:1 Mem:461.37M (Peak 503.65M) | Time:00:00.21 | Mem:33.54M, Peak:39.91M | Hanliu_Garden_Highpoly, ViewLayer | Updating Geometry BVH making_Paper 43/198 | Building OptiX acceleration structure
Fra:1 Mem:461.18M (Peak 503.65M) | Time:00:00.21 | Mem:33.13M, Peak:39.91M | Hanliu_Garden_Highpoly, ViewLayer | Updating Geometry BVH making_WoodLight 44/198 | Building BVH
Fra:1 Mem:461.18M (Peak 503.65M) | Time:00:00.21 | Mem:33.13M, Peak:39.91M | Hanliu_Garden_Highpoly, ViewLayer | Updating Geometry BVH making_WoodLight 44/198 | Building OptiX acceleration structure
Fra:1 Mem:461.19M (Peak 503.65M) | Time:00:00.21 | Mem:33.15M, Peak:39.91M | Hanliu_Garden_Highpoly, ViewLayer | Updating Geometry BVH birds_DuckBrown 191/198 | Building BVH
Fra:1 Mem:461.19M (Peak 503.65M) | Time:00:00.21 | Mem:33.15M, Peak:39.91M | Hanliu_Garden_Highpoly, ViewLayer | Updating Geometry BVH birds_DuckBrown 191/198 | Building OptiX acceleration structure
Fra:1 Mem:461.14M (Peak 503.65M) | Time:00:00.21 | Mem:33.16M, Peak:39.91M | Hanliu_Garden_Highpoly, ViewLayer | Updating Geometry BVH making_Wood.001 45/198 | Building BVH
Fra:1 Mem:461.14M (Peak 503.65M) | Time:00:00.21 | Mem:33.17M, Peak:39.91M | Hanliu_Garden_Highpoly, ViewLayer | Updating Geometry BVH making_Wood.001 45/198 | Building OptiX acceleration structure
Fra:1 Mem:461.31M (Peak 503.65M) | Time:00:00.21 | Mem:33.33M, Peak:39.91M | Hanliu_Garden_Highpoly, ViewLayer | Updating Geometry BVH making_Tile2 46/198 | Building BVH
Fra:1 Mem:461.31M (Peak 503.65M) | Time:00:00.21 | Mem:33.37M, Peak:39.91M | Hanliu_Garden_Highpoly, ViewLayer | Updating Geometry BVH making_Tile2 46/198 | Building OptiX acceleration structure
Fra:1 Mem:461.43M (Peak 503.65M) | Time:00:00.22 | Mem:33.49M, Peak:39.91M | Hanliu_Garden_Highpoly, ViewLayer | Updating Geometry BVH making_Tile1 47/198 | Building BVH
Fra:1 Mem:461.43M (Peak 503.65M) | Time:00:00.22 | Mem:33.49M, Peak:39.91M | Hanliu_Garden_Highpoly, ViewLayer | Updating Geometry BVH making_Tile1 47/198 | Building OptiX acceleration structure
Fra:1 Mem:461.82M (Peak 503.65M) | Time:00:00.22 | Mem:33.85M, Peak:39.91M | Hanliu_Garden_Highpoly, ViewLayer | Updating Geometry BVH making_Tile0 48/198 | Building BVH
Fra:1 Mem:461.82M (Peak 503.65M) | Time:00:00.22 | Mem:33.85M, Peak:39.91M | Hanliu_Garden_Highpoly, ViewLayer | Updating Geometry BVH making_Tile0 48/198 | Building OptiX acceleration structure
Fra:1 Mem:460.61M (Peak 503.65M) | Time:00:00.22 | Mem:33.74M, Peak:40.38M | Hanliu_Garden_Highpoly, ViewLayer | Updating Geometry BVH making_Tile3 49/198 | Building BVH
Fra:1 Mem:460.61M (Peak 503.65M) | Time:00:00.22 | Mem:33.74M, Peak:40.38M | Hanliu_Garden_Highpoly, ViewLayer | Updating Geometry BVH making_Tile3 49/198 | Building OptiX acceleration structure
Fra:1 Mem:460.66M (Peak 503.65M) | Time:00:00.22 | Mem:33.77M, Peak:40.38M | Hanliu_Garden_Highpoly, ViewLayer | Updating Geometry BVH making_WoodLight.001 50/198 | Building BVH
Fra:1 Mem:460.66M (Peak 503.65M) | Time:00:00.22 | Mem:33.82M, Peak:40.38M | Hanliu_Garden_Highpoly, ViewLayer | Updating Geometry BVH making_WoodLight.001 50/198 | Building OptiX acceleration structure
Fra:1 Mem:460.65M (Peak 503.65M) | Time:00:00.22 | Mem:33.78M, Peak:40.38M | Hanliu_Garden_Highpoly, ViewLayer | Updating Geometry BVH making_Ink 51/198 | Building BVH
Fra:1 Mem:460.65M (Peak 503.65M) | Time:00:00.22 | Mem:33.80M, Peak:40.38M | Hanliu_Garden_Highpoly, ViewLayer | Updating Geometry BVH making_Ink 51/198 | Building OptiX acceleration structure
Fra:1 Mem:460.66M (Peak 503.65M) | Time:00:00.22 | Mem:33.79M, Peak:40.38M | Hanliu_Garden_Highpoly, ViewLayer | Updating Geometry BVH making_Brass 52/198 | Building BVH
Fra:1 Mem:460.66M (Peak 503.65M) | Time:00:00.22 | Mem:34.11M, Peak:40.38M | Hanliu_Garden_Highpoly, ViewLayer | Updating Geometry BVH making_Brass 52/198 | Building OptiX acceleration structure
Fra:1 Mem:460.60M (Peak 503.65M) | Time:00:00.22 | Mem:33.83M, Peak:40.38M | Hanliu_Garden_Highpoly, ViewLayer | Updating Geometry BVH Inscription 语义花园 53/198 | Building BVH
Fra:1 Mem:460.60M (Peak 503.65M) | Time:00:00.22 | Mem:33.83M, Peak:40.38M | Hanliu_Garden_Highpoly, ViewLayer | Updating Geometry BVH Inscription 语义花园 53/198 | Building OptiX acceleration structure
Fra:1 Mem:461.99M (Peak 503.65M) | Time:00:00.22 | Mem:35.19M, Peak:40.38M | Hanliu_Garden_Highpoly, ViewLayer | Updating Geometry BVH garden_Plaster 54/198 | Building BVH
Fra:1 Mem:461.99M (Peak 503.65M) | Time:00:00.22 | Mem:35.22M, Peak:40.38M | Hanliu_Garden_Highpoly, ViewLayer | Updating Geometry BVH garden_Plaster 54/198 | Building OptiX acceleration structure
Fra:1 Mem:461.98M (Peak 503.65M) | Time:00:00.22 | Mem:35.25M, Peak:40.38M | Hanliu_Garden_Highpoly, ViewLayer | Updating Geometry BVH garden_StoneLight 55/198 | Building BVH
Fra:1 Mem:461.98M (Peak 503.65M) | Time:00:00.22 | Mem:35.32M, Peak:40.38M | Hanliu_Garden_Highpoly, ViewLayer | Updating Geometry BVH garden_StoneLight 55/198 | Building OptiX acceleration structure
Fra:1 Mem:462.01M (Peak 503.65M) | Time:00:00.22 | Mem:35.24M, Peak:40.38M | Hanliu_Garden_Highpoly, ViewLayer | Updating Geometry BVH birds_Yellow 190/198 | Building BVH
Fra:1 Mem:462.01M (Peak 503.65M) | Time:00:00.22 | Mem:36.08M, Peak:40.38M | Hanliu_Garden_Highpoly, ViewLayer | Updating Geometry BVH birds_Yellow 190/198 | Building OptiX acceleration structure
Fra:1 Mem:461.84M (Peak 503.65M) | Time:00:00.22 | Mem:35.50M, Peak:40.38M | Hanliu_Garden_Highpoly, ViewLayer | Updating Geometry BVH garden_Wood 56/198 | Building BVH
Fra:1 Mem:461.84M (Peak 503.65M) | Time:00:00.22 | Mem:35.82M, Peak:40.38M | Hanliu_Garden_Highpoly, ViewLayer | Updating Geometry BVH garden_Wood 56/198 | Building OptiX acceleration structure
Fra:1 Mem:461.88M (Peak 503.65M) | Time:00:00.22 | Mem:35.39M, Peak:40.38M | Hanliu_Garden_Highpoly, ViewLayer | Updating Geometry BVH garden_Tile2 57/198 | Building BVH
Fra:1 Mem:461.88M (Peak 503.65M) | Time:00:00.22 | Mem:35.39M, Peak:40.38M | Hanliu_Garden_Highpoly, ViewLayer | Updating Geometry BVH garden_Tile2 57/198 | Building OptiX acceleration structure
Fra:1 Mem:461.55M (Peak 503.65M) | Time:00:00.22 | Mem:35.74M, Peak:40.38M | Hanliu_Garden_Highpoly, ViewLayer | Updating Geometry BVH garden_Tile1 58/198 | Building BVH
Fra:1 Mem:461.55M (Peak 503.65M) | Time:00:00.22 | Mem:36.13M, Peak:40.38M | Hanliu_Garden_Highpoly, ViewLayer | Updating Geometry BVH garden_Tile1 58/198 | Building OptiX acceleration structure
Fra:1 Mem:461.54M (Peak 503.65M) | Time:00:00.22 | Mem:35.54M, Peak:40.38M | Hanliu_Garden_Highpoly, ViewLayer | Updating Geometry BVH garden_Tile0 59/198 | Building BVH
Fra:1 Mem:461.54M (Peak 503.65M) | Time:00:00.22 | Mem:35.72M, Peak:40.38M | Hanliu_Garden_Highpoly, ViewLayer | Updating Geometry BVH garden_Tile0 59/198 | Building OptiX acceleration structure
Fra:1 Mem:461.53M (Peak 503.65M) | Time:00:00.22 | Mem:35.58M, Peak:40.38M | Hanliu_Garden_Highpoly, ViewLayer | Updating Geometry BVH garden_Tile3 60/198 | Building BVH
Fra:1 Mem:461.53M (Peak 503.65M) | Time:00:00.22 | Mem:35.61M, Peak:40.38M | Hanliu_Garden_Highpoly, ViewLayer | Updating Geometry BVH garden_Tile3 60/198 | Building OptiX acceleration structure
Fra:1 Mem:461.54M (Peak 503.65M) | Time:00:00.22 | Mem:35.58M, Peak:40.38M | Hanliu_Garden_Highpoly, ViewLayer | Updating Geometry BVH garden_Wood.001 61/198 | Building BVH
Fra:1 Mem:461.54M (Peak 503.65M) | Time:00:00.22 | Mem:35.60M, Peak:40.38M | Hanliu_Garden_Highpoly, ViewLayer | Updating Geometry BVH garden_Wood.001 61/198 | Building OptiX acceleration structure
Fra:1 Mem:461.53M (Peak 503.65M) | Time:00:00.22 | Mem:35.58M, Peak:40.38M | Hanliu_Garden_Highpoly, ViewLayer | Updating Geometry BVH garden_Paper 62/198 | Building BVH
Fra:1 Mem:461.53M (Peak 503.65M) | Time:00:00.22 | Mem:35.59M, Peak:40.38M | Hanliu_Garden_Highpoly, ViewLayer | Updating Geometry BVH garden_Paper 62/198 | Building OptiX acceleration structure
Fra:1 Mem:461.53M (Peak 503.65M) | Time:00:00.22 | Mem:35.58M, Peak:40.38M | Hanliu_Garden_Highpoly, ViewLayer | Updating Geometry BVH garden_Wood.002 63/198 | Building BVH
Fra:1 Mem:461.53M (Peak 503.65M) | Time:00:00.22 | Mem:35.58M, Peak:40.38M | Hanliu_Garden_Highpoly, ViewLayer | Updating Geometry BVH garden_Wood.002 63/198 | Building OptiX acceleration structure
Fra:1 Mem:460.32M (Peak 503.65M) | Time:00:00.22 | Mem:35.50M, Peak:42.19M | Hanliu_Garden_Highpoly, ViewLayer | Updating Geometry BVH garden_Leaf0 64/198 | Building BVH
Fra:1 Mem:460.32M (Peak 503.65M) | Time:00:00.22 | Mem:35.50M, Peak:42.19M | Hanliu_Garden_Highpoly, ViewLayer | Updating Geometry BVH garden_Leaf0 64/198 | Building OptiX acceleration structure
Fra:1 Mem:460.89M (Peak 503.65M) | Time:00:00.23 | Mem:36.24M, Peak:42.19M | Hanliu_Garden_Highpoly, ViewLayer | Updating Geometry BVH garden_Leaf3 65/198 | Building BVH
Fra:1 Mem:460.89M (Peak 503.65M) | Time:00:00.23 | Mem:36.24M, Peak:42.19M | Hanliu_Garden_Highpoly, ViewLayer | Updating Geometry BVH garden_Leaf3 65/198 | Building OptiX acceleration structure
Fra:1 Mem:461.43M (Peak 503.65M) | Time:00:00.23 | Mem:36.61M, Peak:42.19M | Hanliu_Garden_Highpoly, ViewLayer | Updating Geometry BVH garden_Leaf4 66/198 | Building BVH
Fra:1 Mem:461.43M (Peak 503.65M) | Time:00:00.23 | Mem:36.61M, Peak:42.19M | Hanliu_Garden_Highpoly, ViewLayer | Updating Geometry BVH garden_Leaf4 66/198 | Building OptiX acceleration structure
Fra:1 Mem:462.03M (Peak 503.65M) | Time:00:00.23 | Mem:37.21M, Peak:42.19M | Hanliu_Garden_Highpoly, ViewLayer | Updating Geometry BVH birds_DuckGreen 189/198 | Building BVH
Fra:1 Mem:462.03M (Peak 503.65M) | Time:00:00.23 | Mem:37.60M, Peak:42.19M | Hanliu_Garden_Highpoly, ViewLayer | Updating Geometry BVH birds_DuckGreen 189/198 | Building OptiX acceleration structure
Fra:1 Mem:461.87M (Peak 503.65M) | Time:00:00.23 | Mem:37.50M, Peak:42.19M | Hanliu_Garden_Highpoly, ViewLayer | Updating Geometry BVH garden_PalePink 67/198 | Building BVH
Fra:1 Mem:461.87M (Peak 503.65M) | Time:00:00.23 | Mem:37.50M, Peak:42.19M | Hanliu_Garden_Highpoly, ViewLayer | Updating Geometry BVH garden_PalePink 67/198 | Building OptiX acceleration structure
Fra:1 Mem:463.17M (Peak 503.65M) | Time:00:00.23 | Mem:39.31M, Peak:42.19M | Hanliu_Garden_Highpoly, ViewLayer | Updating Geometry BVH garden_Purple 68/198 | Building BVH
Fra:1 Mem:463.17M (Peak 503.65M) | Time:00:00.23 | Mem:39.31M, Peak:42.19M | Hanliu_Garden_Highpoly, ViewLayer | Updating Geometry BVH garden_Purple 68/198 | Building OptiX acceleration structure
Fra:1 Mem:463.75M (Peak 503.65M) | Time:00:00.23 | Mem:39.43M, Peak:42.19M | Hanliu_Garden_Highpoly, ViewLayer | Updating Geometry BVH garden_White 69/198 | Building BVH
Fra:1 Mem:463.75M (Peak 503.65M) | Time:00:00.23 | Mem:39.43M, Peak:42.19M | Hanliu_Garden_Highpoly, ViewLayer | Updating Geometry BVH garden_White 69/198 | Building OptiX acceleration structure
Fra:1 Mem:464.83M (Peak 503.65M) | Time:00:00.23 | Mem:40.42M, Peak:42.19M | Hanliu_Garden_Highpoly, ViewLayer | Updating Geometry BVH garden_Mortar 70/198 | Building BVH
Fra:1 Mem:464.83M (Peak 503.65M) | Time:00:00.23 | Mem:40.46M, Peak:42.19M | Hanliu_Garden_Highpoly, ViewLayer | Updating Geometry BVH garden_Mortar 70/198 | Building OptiX acceleration structure
Fra:1 Mem:464.88M (Peak 503.65M) | Time:00:00.23 | Mem:40.47M, Peak:42.19M | Hanliu_Garden_Highpoly, ViewLayer | Updating Geometry BVH garden_Stone 71/198 | Building BVH
Fra:1 Mem:464.88M (Peak 503.65M) | Time:00:00.23 | Mem:40.47M, Peak:42.19M | Hanliu_Garden_Highpoly, ViewLayer | Updating Geometry BVH garden_Stone 71/198 | Building OptiX acceleration structure
Fra:1 Mem:464.97M (Peak 503.65M) | Time:00:00.23 | Mem:40.56M, Peak:42.19M | Hanliu_Garden_Highpoly, ViewLayer | Updating Geometry BVH garden_StoneLight.001 72/198 | Building BVH
Fra:1 Mem:464.97M (Peak 503.65M) | Time:00:00.23 | Mem:40.57M, Peak:42.19M | Hanliu_Garden_Highpoly, ViewLayer | Updating Geometry BVH garden_StoneLight.001 72/198 | Building OptiX acceleration structure
Fra:1 Mem:465.02M (Peak 503.65M) | Time:00:00.23 | Mem:41.50M, Peak:42.19M | Hanliu_Garden_Highpoly, ViewLayer | Updating Geometry BVH Inscription 居士自序 73/198 | Building BVH
Fra:1 Mem:465.02M (Peak 503.65M) | Time:00:00.23 | Mem:41.50M, Peak:42.19M | Hanliu_Garden_Highpoly, ViewLayer | Updating Geometry BVH Inscription 居士自序 73/198 | Building OptiX acceleration structure
Fra:1 Mem:466.02M (Peak 503.65M) | Time:00:00.23 | Mem:41.79M, Peak:42.69M | Hanliu_Garden_Highpoly, ViewLayer | Updating Geometry BVH about_Stone 74/198 | Building BVH
Fra:1 Mem:466.02M (Peak 503.65M) | Time:00:00.23 | Mem:42.76M, Peak:42.76M | Hanliu_Garden_Highpoly, ViewLayer | Updating Geometry BVH about_Stone 74/198 | Building OptiX acceleration structure
Fra:1 Mem:465.44M (Peak 503.65M) | Time:00:00.23 | Mem:41.54M, Peak:43.92M | Hanliu_Garden_Highpoly, ViewLayer | Updating Geometry BVH about_StoneLight 75/198 | Building BVH
Fra:1 Mem:465.44M (Peak 503.65M) | Time:00:00.23 | Mem:42.51M, Peak:43.92M | Hanliu_Garden_Highpoly, ViewLayer | Updating Geometry BVH about_StoneLight 75/198 | Building OptiX acceleration structure
Fra:1 Mem:464.87M (Peak 503.65M) | Time:00:00.23 | Mem:42.29M, Peak:43.92M | Hanliu_Garden_Highpoly, ViewLayer | Updating Geometry BVH about_Plaster 76/198 | Building BVH
Fra:1 Mem:464.87M (Peak 503.65M) | Time:00:00.23 | Mem:42.29M, Peak:43.92M | Hanliu_Garden_Highpoly, ViewLayer | Updating Geometry BVH about_Plaster 76/198 | Building OptiX acceleration structure
Fra:1 Mem:464.29M (Peak 503.65M) | Time:00:00.23 | Mem:41.11M, Peak:43.92M | Hanliu_Garden_Highpoly, ViewLayer | Updating Geometry BVH about_Paper 77/198 | Building BVH
Fra:1 Mem:464.29M (Peak 503.65M) | Time:00:00.23 | Mem:41.11M, Peak:43.92M | Hanliu_Garden_Highpoly, ViewLayer | Updating Geometry BVH about_Paper 77/198 | Building OptiX acceleration structure
Fra:1 Mem:464.28M (Peak 503.65M) | Time:00:00.23 | Mem:41.04M, Peak:43.92M | Hanliu_Garden_Highpoly, ViewLayer | Updating Geometry BVH birds_BirdGrey.001 188/198 | Building BVH
Fra:1 Mem:464.28M (Peak 503.65M) | Time:00:00.23 | Mem:41.04M, Peak:43.92M | Hanliu_Garden_Highpoly, ViewLayer | Updating Geometry BVH birds_BirdGrey.001 188/198 | Building OptiX acceleration structure
Fra:1 Mem:462.96M (Peak 503.65M) | Time:00:00.23 | Mem:40.71M, Peak:47.27M | Hanliu_Garden_Highpoly, ViewLayer | Updating Geometry BVH about_WoodLight 78/198 | Building BVH
Fra:1 Mem:462.96M (Peak 503.65M) | Time:00:00.23 | Mem:40.71M, Peak:47.27M | Hanliu_Garden_Highpoly, ViewLayer | Updating Geometry BVH about_WoodLight 78/198 | Building OptiX acceleration structure
Fra:1 Mem:462.22M (Peak 503.65M) | Time:00:00.23 | Mem:42.82M, Peak:47.27M | Hanliu_Garden_Highpoly, ViewLayer | Updating Geometry BVH about_Wood 79/198 | Building BVH
Fra:1 Mem:462.22M (Peak 503.65M) | Time:00:00.23 | Mem:45.58M, Peak:47.27M | Hanliu_Garden_Highpoly, ViewLayer | Updating Geometry BVH about_Wood 79/198 | Building OptiX acceleration structure
Fra:1 Mem:461.13M (Peak 503.65M) | Time:00:00.24 | Mem:40.56M, Peak:47.27M | Hanliu_Garden_Highpoly, ViewLayer | Updating Geometry BVH about_Wood.001 80/198 | Building BVH
Fra:1 Mem:461.13M (Peak 503.65M) | Time:00:00.24 | Mem:40.41M, Peak:47.27M | Hanliu_Garden_Highpoly, ViewLayer | Updating Geometry BVH about_Wood.001 80/198 | Building OptiX acceleration structure
Fra:1 Mem:461.23M (Peak 503.65M) | Time:00:00.24 | Mem:40.61M, Peak:47.27M | Hanliu_Garden_Highpoly, ViewLayer | Updating Geometry BVH about_Brass 81/198 | Building BVH
Fra:1 Mem:461.23M (Peak 503.65M) | Time:00:00.24 | Mem:40.86M, Peak:47.27M | Hanliu_Garden_Highpoly, ViewLayer | Updating Geometry BVH about_Brass 81/198 | Building OptiX acceleration structure
Fra:1 Mem:461.14M (Peak 503.65M) | Time:00:00.24 | Mem:40.51M, Peak:47.27M | Hanliu_Garden_Highpoly, ViewLayer | Updating Geometry BVH about_Tile0 82/198 | Building BVH
Fra:1 Mem:461.14M (Peak 503.65M) | Time:00:00.24 | Mem:40.65M, Peak:47.27M | Hanliu_Garden_Highpoly, ViewLayer | Updating Geometry BVH about_Tile0 82/198 | Building OptiX acceleration structure
Fra:1 Mem:461.24M (Peak 503.65M) | Time:00:00.24 | Mem:40.55M, Peak:47.27M | Hanliu_Garden_Highpoly, ViewLayer | Updating Geometry BVH about_Tile1 83/198 | Building BVH
Fra:1 Mem:461.24M (Peak 503.65M) | Time:00:00.24 | Mem:40.55M, Peak:47.27M | Hanliu_Garden_Highpoly, ViewLayer | Updating Geometry BVH about_Tile1 83/198 | Building OptiX acceleration structure
Fra:1 Mem:460.41M (Peak 503.65M) | Time:00:00.24 | Mem:40.64M, Peak:47.27M | Hanliu_Garden_Highpoly, ViewLayer | Updating Geometry BVH about_Tile3 84/198 | Building BVH
Fra:1 Mem:460.41M (Peak 503.65M) | Time:00:00.24 | Mem:40.65M, Peak:47.27M | Hanliu_Garden_Highpoly, ViewLayer | Updating Geometry BVH about_Tile3 84/198 | Building OptiX acceleration structure
Fra:1 Mem:460.46M (Peak 503.65M) | Time:00:00.24 | Mem:40.74M, Peak:47.27M | Hanliu_Garden_Highpoly, ViewLayer | Updating Geometry BVH about_Tile2 85/198 | Building BVH
Fra:1 Mem:460.46M (Peak 503.65M) | Time:00:00.24 | Mem:40.74M, Peak:47.27M | Hanliu_Garden_Highpoly, ViewLayer | Updating Geometry BVH about_Tile2 85/198 | Building OptiX acceleration structure
Fra:1 Mem:460.59M (Peak 503.65M) | Time:00:00.24 | Mem:40.83M, Peak:47.27M | Hanliu_Garden_Highpoly, ViewLayer | Updating Geometry BVH about_StoneLight.001 86/198 | Building BVH
Fra:1 Mem:460.59M (Peak 503.65M) | Time:00:00.24 | Mem:40.88M, Peak:47.27M | Hanliu_Garden_Highpoly, ViewLayer | Updating Geometry BVH about_StoneLight.001 86/198 | Building OptiX acceleration structure
Fra:1 Mem:460.57M (Peak 503.65M) | Time:00:00.24 | Mem:40.85M, Peak:47.27M | Hanliu_Garden_Highpoly, ViewLayer | Updating Geometry BVH about_Wood.002 87/198 | Building BVH
Fra:1 Mem:460.57M (Peak 503.65M) | Time:00:00.24 | Mem:40.85M, Peak:47.27M | Hanliu_Garden_Highpoly, ViewLayer | Updating Geometry BVH about_Wood.002 87/198 | Building OptiX acceleration structure
Fra:1 Mem:460.74M (Peak 503.65M) | Time:00:00.24 | Mem:41.20M, Peak:47.27M | Hanliu_Garden_Highpoly, ViewLayer | Updating Geometry BVH about_Tile1.001 88/198 | Building BVH
Fra:1 Mem:460.74M (Peak 503.65M) | Time:00:00.24 | Mem:41.20M, Peak:47.27M | Hanliu_Garden_Highpoly, ViewLayer | Updating Geometry BVH about_Tile1.001 88/198 | Building OptiX acceleration structure
Fra:1 Mem:460.91M (Peak 503.65M) | Time:00:00.24 | Mem:41.22M, Peak:47.27M | Hanliu_Garden_Highpoly, ViewLayer | Updating Geometry BVH birds_Orange 187/198 | Building BVH
Fra:1 Mem:460.91M (Peak 503.65M) | Time:00:00.24 | Mem:41.23M, Peak:47.27M | Hanliu_Garden_Highpoly, ViewLayer | Updating Geometry BVH birds_Orange 187/198 | Building OptiX acceleration structure
Fra:1 Mem:460.92M (Peak 503.65M) | Time:00:00.24 | Mem:41.29M, Peak:47.27M | Hanliu_Garden_Highpoly, ViewLayer | Updating Geometry BVH about_Tile2.001 89/198 | Building BVH
Fra:1 Mem:460.92M (Peak 503.65M) | Time:00:00.24 | Mem:41.36M, Peak:47.27M | Hanliu_Garden_Highpoly, ViewLayer | Updating Geometry BVH about_Tile2.001 89/198 | Building OptiX acceleration structure
Fra:1 Mem:460.97M (Peak 503.65M) | Time:00:00.24 | Mem:41.67M, Peak:47.27M | Hanliu_Garden_Highpoly, ViewLayer | Updating Geometry BVH about_Tile3.001 90/198 | Building BVH
Fra:1 Mem:460.97M (Peak 503.65M) | Time:00:00.24 | Mem:42.10M, Peak:47.27M | Hanliu_Garden_Highpoly, ViewLayer | Updating Geometry BVH about_Tile3.001 90/198 | Building OptiX acceleration structure
Fra:1 Mem:460.84M (Peak 503.65M) | Time:00:00.24 | Mem:41.35M, Peak:47.27M | Hanliu_Garden_Highpoly, ViewLayer | Updating Geometry BVH about_Tile0.001 91/198 | Building BVH
Fra:1 Mem:460.84M (Peak 503.65M) | Time:00:00.24 | Mem:41.37M, Peak:47.27M | Hanliu_Garden_Highpoly, ViewLayer | Updating Geometry BVH about_Tile0.001 91/198 | Building OptiX acceleration structure
Fra:1 Mem:460.91M (Peak 503.65M) | Time:00:00.24 | Mem:41.69M, Peak:47.27M | Hanliu_Garden_Highpoly, ViewLayer | Updating Geometry BVH about_WoodLight.001 92/198 | Building BVH
Fra:1 Mem:460.91M (Peak 503.65M) | Time:00:00.24 | Mem:42.04M, Peak:47.27M | Hanliu_Garden_Highpoly, ViewLayer | Updating Geometry BVH about_WoodLight.001 92/198 | Building OptiX acceleration structure
Fra:1 Mem:460.76M (Peak 503.65M) | Time:00:00.24 | Mem:42.91M, Peak:47.27M | Hanliu_Garden_Highpoly, ViewLayer | Updating Geometry BVH Inscription 友链 93/198 | Building BVH
Fra:1 Mem:460.76M (Peak 503.65M) | Time:00:00.24 | Mem:42.91M, Peak:47.27M | Hanliu_Garden_Highpoly, ViewLayer | Updating Geometry BVH Inscription 友链 93/198 | Building OptiX acceleration structure
Fra:1 Mem:461.34M (Peak 503.65M) | Time:00:00.24 | Mem:42.35M, Peak:47.27M | Hanliu_Garden_Highpoly, ViewLayer | Updating Geometry BVH friends_Wood 94/198 | Building BVH
Fra:1 Mem:461.34M (Peak 503.65M) | Time:00:00.24 | Mem:42.47M, Peak:47.27M | Hanliu_Garden_Highpoly, ViewLayer | Updating Geometry BVH friends_Wood 94/198 | Building OptiX acceleration structure
Fra:1 Mem:461.29M (Peak 503.65M) | Time:00:00.24 | Mem:42.25M, Peak:47.27M | Hanliu_Garden_Highpoly, ViewLayer | Updating Geometry BVH friends_WoodLight 95/198 | Building BVH
Fra:1 Mem:461.29M (Peak 503.65M) | Time:00:00.24 | Mem:42.86M, Peak:47.27M | Hanliu_Garden_Highpoly, ViewLayer | Updating Geometry BVH friends_WoodLight 95/198 | Building OptiX acceleration structure
Fra:1 Mem:461.15M (Peak 503.65M) | Time:00:00.24 | Mem:42.24M, Peak:47.27M | Hanliu_Garden_Highpoly, ViewLayer | Updating Geometry BVH friends_Ink 96/198 | Building BVH
Fra:1 Mem:461.15M (Peak 503.65M) | Time:00:00.24 | Mem:42.24M, Peak:47.27M | Hanliu_Garden_Highpoly, ViewLayer | Updating Geometry BVH friends_Ink 96/198 | Building OptiX acceleration structure
Fra:1 Mem:461.15M (Peak 503.65M) | Time:00:00.24 | Mem:43.10M, Peak:47.27M | Hanliu_Garden_Highpoly, ViewLayer | Updating Geometry BVH friends_Wood.001 97/198 | Building BVH
Fra:1 Mem:461.15M (Peak 503.65M) | Time:00:00.24 | Mem:43.10M, Peak:47.27M | Hanliu_Garden_Highpoly, ViewLayer | Updating Geometry BVH friends_Wood.001 97/198 | Building OptiX acceleration structure
Fra:1 Mem:461.00M (Peak 503.65M) | Time:00:00.24 | Mem:42.25M, Peak:47.27M | Hanliu_Garden_Highpoly, ViewLayer | Updating Geometry BVH friends_Tile1 98/198 | Building BVH
Fra:1 Mem:461.00M (Peak 503.65M) | Time:00:00.24 | Mem:43.19M, Peak:47.27M | Hanliu_Garden_Highpoly, ViewLayer | Updating Geometry BVH friends_Tile1 98/198 | Building OptiX acceleration structure
Fra:1 Mem:460.89M (Peak 503.65M) | Time:00:00.24 | Mem:42.34M, Peak:47.27M | Hanliu_Garden_Highpoly, ViewLayer | Updating Geometry BVH friends_Tile0 99/198 | Building BVH
Fra:1 Mem:460.89M (Peak 503.65M) | Time:00:00.24 | Mem:42.37M, Peak:47.27M | Hanliu_Garden_Highpoly, ViewLayer | Updating Geometry BVH friends_Tile0 99/198 | Building OptiX acceleration structure
Fra:1 Mem:460.89M (Peak 503.65M) | Time:00:00.24 | Mem:42.32M, Peak:47.27M | Hanliu_Garden_Highpoly, ViewLayer | Updating Geometry BVH birds_Ink.001 186/198 | Building BVH
Fra:1 Mem:460.89M (Peak 503.65M) | Time:00:00.24 | Mem:42.70M, Peak:47.27M | Hanliu_Garden_Highpoly, ViewLayer | Updating Geometry BVH birds_Ink.001 186/198 | Building OptiX acceleration structure
Fra:1 Mem:460.82M (Peak 503.65M) | Time:00:00.24 | Mem:42.46M, Peak:47.27M | Hanliu_Garden_Highpoly, ViewLayer | Updating Geometry BVH friends_Tile2 100/198 | Building BVH
Fra:1 Mem:460.82M (Peak 503.65M) | Time:00:00.24 | Mem:42.46M, Peak:47.27M | Hanliu_Garden_Highpoly, ViewLayer | Updating Geometry BVH friends_Tile2 100/198 | Building OptiX acceleration structure
Fra:1 Mem:460.84M (Peak 503.65M) | Time:00:00.24 | Mem:42.37M, Peak:47.27M | Hanliu_Garden_Highpoly, ViewLayer | Updating Geometry BVH friends_Tile3 101/198 | Building BVH
Fra:1 Mem:460.84M (Peak 503.65M) | Time:00:00.24 | Mem:42.68M, Peak:47.27M | Hanliu_Garden_Highpoly, ViewLayer | Updating Geometry BVH friends_Tile3 101/198 | Building OptiX acceleration structure
Fra:1 Mem:460.76M (Peak 503.65M) | Time:00:00.25 | Mem:42.36M, Peak:47.27M | Hanliu_Garden_Highpoly, ViewLayer | Updating Geometry BVH friends_Paper 102/198 | Building BVH
Fra:1 Mem:460.76M (Peak 503.65M) | Time:00:00.25 | Mem:42.37M, Peak:47.27M | Hanliu_Garden_Highpoly, ViewLayer | Updating Geometry BVH friends_Paper 102/198 | Building OptiX acceleration structure
Fra:1 Mem:460.76M (Peak 503.65M) | Time:00:00.25 | Mem:42.36M, Peak:47.27M | Hanliu_Garden_Highpoly, ViewLayer | Updating Geometry BVH Inscription 会客间 103/198 | Building BVH
Fra:1 Mem:460.76M (Peak 503.65M) | Time:00:00.25 | Mem:42.36M, Peak:47.27M | Hanliu_Garden_Highpoly, ViewLayer | Updating Geometry BVH Inscription 会客间 103/198 | Building OptiX acceleration structure
Fra:1 Mem:460.95M (Peak 503.65M) | Time:00:00.25 | Mem:43.27M, Peak:47.28M | Hanliu_Garden_Highpoly, ViewLayer | Updating Geometry BVH backyard_Stone 104/198 | Building BVH
Fra:1 Mem:460.95M (Peak 503.65M) | Time:00:00.25 | Mem:43.27M, Peak:47.28M | Hanliu_Garden_Highpoly, ViewLayer | Updating Geometry BVH backyard_Stone 104/198 | Building OptiX acceleration structure
Fra:1 Mem:460.95M (Peak 503.65M) | Time:00:00.25 | Mem:43.26M, Peak:47.28M | Hanliu_Garden_Highpoly, ViewLayer | Updating Geometry BVH backyard_StoneLight 105/198 | Building BVH
Fra:1 Mem:460.95M (Peak 503.65M) | Time:00:00.25 | Mem:43.27M, Peak:47.28M | Hanliu_Garden_Highpoly, ViewLayer | Updating Geometry BVH backyard_StoneLight 105/198 | Building OptiX acceleration structure
Fra:1 Mem:460.95M (Peak 503.65M) | Time:00:00.25 | Mem:43.26M, Peak:47.28M | Hanliu_Garden_Highpoly, ViewLayer | Updating Geometry BVH backyard_Wood 106/198 | Building BVH
Fra:1 Mem:460.95M (Peak 503.65M) | Time:00:00.25 | Mem:43.27M, Peak:47.28M | Hanliu_Garden_Highpoly, ViewLayer | Updating Geometry BVH backyard_Wood 106/198 | Building OptiX acceleration structure
Fra:1 Mem:460.97M (Peak 503.65M) | Time:00:00.25 | Mem:43.35M, Peak:47.28M | Hanliu_Garden_Highpoly, ViewLayer | Updating Geometry BVH backyard_WoodLight 107/198 | Building BVH
Fra:1 Mem:460.97M (Peak 503.65M) | Time:00:00.25 | Mem:43.44M, Peak:47.28M | Hanliu_Garden_Highpoly, ViewLayer | Updating Geometry BVH backyard_WoodLight 107/198 | Building OptiX acceleration structure
Fra:1 Mem:460.95M (Peak 503.65M) | Time:00:00.25 | Mem:43.77M, Peak:47.28M | Hanliu_Garden_Highpoly, ViewLayer | Updating Geometry BVH backyard_Tile2 108/198 | Building BVH
Fra:1 Mem:460.95M (Peak 503.65M) | Time:00:00.25 | Mem:43.77M, Peak:47.28M | Hanliu_Garden_Highpoly, ViewLayer | Updating Geometry BVH backyard_Tile2 108/198 | Building OptiX acceleration structure
Fra:1 Mem:461.33M (Peak 503.65M) | Time:00:00.25 | Mem:43.79M, Peak:47.28M | Hanliu_Garden_Highpoly, ViewLayer | Updating Geometry BVH backyard_Tile0 109/198 | Building BVH
Fra:1 Mem:461.33M (Peak 503.65M) | Time:00:00.25 | Mem:43.79M, Peak:47.28M | Hanliu_Garden_Highpoly, ViewLayer | Updating Geometry BVH backyard_Tile0 109/198 | Building OptiX acceleration structure
Fra:1 Mem:461.77M (Peak 503.65M) | Time:00:00.25 | Mem:44.31M, Peak:47.28M | Hanliu_Garden_Highpoly, ViewLayer | Updating Geometry BVH backyard_Tile1 110/198 | Building BVH
Fra:1 Mem:461.77M (Peak 503.65M) | Time:00:00.25 | Mem:44.31M, Peak:47.28M | Hanliu_Garden_Highpoly, ViewLayer | Updating Geometry BVH backyard_Tile1 110/198 | Building OptiX acceleration structure
Fra:1 Mem:462.23M (Peak 503.65M) | Time:00:00.25 | Mem:44.68M, Peak:47.28M | Hanliu_Garden_Highpoly, ViewLayer | Updating Geometry BVH birds_BirdWhite.001 185/198 | Building BVH
Fra:1 Mem:462.23M (Peak 503.65M) | Time:00:00.25 | Mem:44.68M, Peak:47.28M | Hanliu_Garden_Highpoly, ViewLayer | Updating Geometry BVH birds_BirdWhite.001 185/198 | Building OptiX acceleration structure
Fra:1 Mem:462.19M (Peak 503.65M) | Time:00:00.25 | Mem:44.69M, Peak:47.28M | Hanliu_Garden_Highpoly, ViewLayer | Updating Geometry BVH backyard_Tile1.001 111/198 | Building BVH
Fra:1 Mem:462.19M (Peak 503.65M) | Time:00:00.25 | Mem:44.69M, Peak:47.28M | Hanliu_Garden_Highpoly, ViewLayer | Updating Geometry BVH backyard_Tile1.001 111/198 | Building OptiX acceleration structure
Fra:1 Mem:462.19M (Peak 503.65M) | Time:00:00.25 | Mem:44.70M, Peak:47.28M | Hanliu_Garden_Highpoly, ViewLayer | Updating Geometry BVH backyard_Wood.001 112/198 | Building BVH
Fra:1 Mem:462.19M (Peak 503.65M) | Time:00:00.25 | Mem:44.70M, Peak:47.28M | Hanliu_Garden_Highpoly, ViewLayer | Updating Geometry BVH backyard_Wood.001 112/198 | Building OptiX acceleration structure
Fra:1 Mem:462.21M (Peak 503.65M) | Time:00:00.25 | Mem:44.71M, Peak:47.28M | Hanliu_Garden_Highpoly, ViewLayer | Updating Geometry BVH backyard_Ceramic 113/198 | Building BVH
Fra:1 Mem:462.21M (Peak 503.65M) | Time:00:00.25 | Mem:44.71M, Peak:47.28M | Hanliu_Garden_Highpoly, ViewLayer | Updating Geometry BVH backyard_Ceramic 113/198 | Building OptiX acceleration structure
Fra:1 Mem:461.10M (Peak 503.65M) | Time:00:00.25 | Mem:44.47M, Peak:49.88M | Hanliu_Garden_Highpoly, ViewLayer | Updating Geometry BVH backyard_White 114/198 | Building BVH
Fra:1 Mem:461.10M (Peak 503.65M) | Time:00:00.25 | Mem:44.47M, Peak:49.88M | Hanliu_Garden_Highpoly, ViewLayer | Updating Geometry BVH backyard_White 114/198 | Building OptiX acceleration structure
Fra:1 Mem:461.12M (Peak 503.65M) | Time:00:00.25 | Mem:44.48M, Peak:49.88M | Hanliu_Garden_Highpoly, ViewLayer | Updating Geometry BVH backyard_Paper 115/198 | Building BVH
Fra:1 Mem:461.12M (Peak 503.65M) | Time:00:00.25 | Mem:44.49M, Peak:49.88M | Hanliu_Garden_Highpoly, ViewLayer | Updating Geometry BVH backyard_Paper 115/198 | Building OptiX acceleration structure
Fra:1 Mem:461.12M (Peak 503.65M) | Time:00:00.25 | Mem:44.48M, Peak:49.88M | Hanliu_Garden_Highpoly, ViewLayer | Updating Geometry BVH site_Earth 116/198 | Building BVH
Fra:1 Mem:461.12M (Peak 503.65M) | Time:00:00.25 | Mem:44.56M, Peak:49.88M | Hanliu_Garden_Highpoly, ViewLayer | Updating Geometry BVH site_Earth 116/198 | Building OptiX acceleration structure
Fra:1 Mem:461.11M (Peak 503.65M) | Time:00:00.25 | Mem:44.55M, Peak:49.88M | Hanliu_Garden_Highpoly, ViewLayer | Updating Geometry BVH site_Stone 117/198 | Building BVH
Fra:1 Mem:461.11M (Peak 503.65M) | Time:00:00.25 | Mem:44.55M, Peak:49.88M | Hanliu_Garden_Highpoly, ViewLayer | Updating Geometry BVH site_Stone 117/198 | Building OptiX acceleration structure
Fra:1 Mem:461.91M (Peak 503.65M) | Time:00:00.25 | Mem:46.20M, Peak:49.88M | Hanliu_Garden_Highpoly, ViewLayer | Updating Geometry BVH site_PondBed 118/198 | Building BVH
Fra:1 Mem:461.91M (Peak 503.65M) | Time:00:00.25 | Mem:46.20M, Peak:49.88M | Hanliu_Garden_Highpoly, ViewLayer | Updating Geometry BVH site_PondBed 118/198 | Building OptiX acceleration structure
Fra:1 Mem:461.44M (Peak 503.65M) | Time:00:00.25 | Mem:45.21M, Peak:49.88M | Hanliu_Garden_Highpoly, ViewLayer | Updating Geometry BVH site_Water 119/198 | Building BVH
Fra:1 Mem:461.44M (Peak 503.65M) | Time:00:00.25 | Mem:46.05M, Peak:49.88M | Hanliu_Garden_Highpoly, ViewLayer | Updating Geometry BVH site_Water 119/198 | Building OptiX acceleration structure
Fra:1 Mem:460.99M (Peak 503.65M) | Time:00:00.25 | Mem:46.04M, Peak:49.88M | Hanliu_Garden_Highpoly, ViewLayer | Updating Geometry BVH site_Moss 120/198 | Building BVH
Fra:1 Mem:460.99M (Peak 503.65M) | Time:00:00.25 | Mem:46.04M, Peak:49.88M | Hanliu_Garden_Highpoly, ViewLayer | Updating Geometry BVH site_Moss 120/198 | Building OptiX acceleration structure
Fra:1 Mem:460.52M (Peak 503.65M) | Time:00:00.25 | Mem:45.05M, Peak:49.88M | Hanliu_Garden_Highpoly, ViewLayer | Updating Geometry BVH site_Stone.001 121/198 | Building BVH
Fra:1 Mem:460.52M (Peak 503.65M) | Time:00:00.25 | Mem:45.06M, Peak:49.88M | Hanliu_Garden_Highpoly, ViewLayer | Updating Geometry BVH site_Stone.001 121/198 | Building OptiX acceleration structure
Fra:1 Mem:460.74M (Peak 503.65M) | Time:00:00.25 | Mem:45.28M, Peak:49.88M | Hanliu_Garden_Highpoly, ViewLayer | Updating Geometry BVH birds_BirdGrey 184/198 | Building BVH
Fra:1 Mem:460.74M (Peak 503.65M) | Time:00:00.25 | Mem:45.28M, Peak:49.88M | Hanliu_Garden_Highpoly, ViewLayer | Updating Geometry BVH birds_BirdGrey 184/198 | Building OptiX acceleration structure
Fra:1 Mem:460.86M (Peak 503.65M) | Time:00:00.26 | Mem:45.53M, Peak:49.88M | Hanliu_Garden_Highpoly, ViewLayer | Updating Geometry BVH site_StoneLight 122/198 | Building BVH
Fra:1 Mem:460.86M (Peak 503.65M) | Time:00:00.26 | Mem:45.53M, Peak:49.88M | Hanliu_Garden_Highpoly, ViewLayer | Updating Geometry BVH site_StoneLight 122/198 | Building OptiX acceleration structure
Fra:1 Mem:461.05M (Peak 503.65M) | Time:00:00.26 | Mem:45.63M, Peak:49.88M | Hanliu_Garden_Highpoly, ViewLayer | Updating Geometry BVH site_Mortar 123/198 | Building BVH
Fra:1 Mem:461.05M (Peak 503.65M) | Time:00:00.26 | Mem:45.66M, Peak:49.88M | Hanliu_Garden_Highpoly, ViewLayer | Updating Geometry BVH site_Mortar 123/198 | Building OptiX acceleration structure
Fra:1 Mem:461.35M (Peak 503.65M) | Time:00:00.26 | Mem:45.96M, Peak:49.88M | Hanliu_Garden_Highpoly, ViewLayer | Updating Geometry BVH site_Backdrop 124/198 | Building BVH
Fra:1 Mem:461.35M (Peak 503.65M) | Time:00:00.26 | Mem:46.02M, Peak:49.88M | Hanliu_Garden_Highpoly, ViewLayer | Updating Geometry BVH site_Backdrop 124/198 | Building OptiX acceleration structure
Fra:1 Mem:461.33M (Peak 503.65M) | Time:00:00.26 | Mem:45.92M, Peak:49.88M | Hanliu_Garden_Highpoly, ViewLayer | Updating Geometry BVH site_StoneLight.001 125/198 | Building BVH
Fra:1 Mem:461.33M (Peak 503.65M) | Time:00:00.26 | Mem:45.92M, Peak:49.88M | Hanliu_Garden_Highpoly, ViewLayer | Updating Geometry BVH site_StoneLight.001 125/198 | Building OptiX acceleration structure
Fra:1 Mem:461.74M (Peak 503.65M) | Time:00:00.26 | Mem:46.32M, Peak:49.88M | Hanliu_Garden_Highpoly, ViewLayer | Updating Geometry BVH site_Plaster 126/198 | Building BVH
Fra:1 Mem:461.74M (Peak 503.65M) | Time:00:00.26 | Mem:46.37M, Peak:49.88M | Hanliu_Garden_Highpoly, ViewLayer | Updating Geometry BVH site_Plaster 126/198 | Building OptiX acceleration structure
Fra:1 Mem:461.73M (Peak 503.65M) | Time:00:00.26 | Mem:46.33M, Peak:49.88M | Hanliu_Garden_Highpoly, ViewLayer | Updating Geometry BVH site_Tile1 127/198 | Building BVH
Fra:1 Mem:461.73M (Peak 503.65M) | Time:00:00.26 | Mem:46.33M, Peak:49.88M | Hanliu_Garden_Highpoly, ViewLayer | Updating Geometry BVH site_Tile1 127/198 | Building OptiX acceleration structure
Fra:1 Mem:461.36M (Peak 503.65M) | Time:00:00.26 | Mem:46.83M, Peak:50.64M | Hanliu_Garden_Highpoly, ViewLayer | Updating Geometry BVH site_Leaf2 128/198 | Building BVH
Fra:1 Mem:461.36M (Peak 503.65M) | Time:00:00.26 | Mem:46.83M, Peak:50.64M | Hanliu_Garden_Highpoly, ViewLayer | Updating Geometry BVH site_Leaf2 128/198 | Building OptiX acceleration structure
Fra:1 Mem:461.39M (Peak 503.65M) | Time:00:00.26 | Mem:46.86M, Peak:50.64M | Hanliu_Garden_Highpoly, ViewLayer | Updating Geometry BVH site_Leaf3 129/198 | Building BVH
Fra:1 Mem:461.39M (Peak 503.65M) | Time:00:00.26 | Mem:46.86M, Peak:50.64M | Hanliu_Garden_Highpoly, ViewLayer | Updating Geometry BVH site_Leaf3 129/198 | Building OptiX acceleration structure
Fra:1 Mem:461.39M (Peak 503.65M) | Time:00:00.26 | Mem:46.85M, Peak:50.64M | Hanliu_Garden_Highpoly, ViewLayer | Updating Geometry BVH site_PalePink 130/198 | Building BVH
Fra:1 Mem:461.39M (Peak 503.65M) | Time:00:00.26 | Mem:46.85M, Peak:50.64M | Hanliu_Garden_Highpoly, ViewLayer | Updating Geometry BVH site_PalePink 130/198 | Building OptiX acceleration structure
Fra:1 Mem:461.62M (Peak 503.65M) | Time:00:00.26 | Mem:47.57M, Peak:50.64M | Hanliu_Garden_Highpoly, ViewLayer | Updating Geometry BVH site_Pink 131/198 | Building BVH
Fra:1 Mem:461.62M (Peak 503.65M) | Time:00:00.26 | Mem:48.16M, Peak:50.64M | Hanliu_Garden_Highpoly, ViewLayer | Updating Geometry BVH site_Pink 131/198 | Building OptiX acceleration structure
Fra:1 Mem:461.59M (Peak 503.65M) | Time:00:00.26 | Mem:47.85M, Peak:50.64M | Hanliu_Garden_Highpoly, ViewLayer | Updating Geometry BVH site_Leaf0 132/198 | Building BVH
Fra:1 Mem:461.59M (Peak 503.65M) | Time:00:00.26 | Mem:47.85M, Peak:50.64M | Hanliu_Garden_Highpoly, ViewLayer | Updating Geometry BVH site_Leaf0 132/198 | Building OptiX acceleration structure
Fra:1 Mem:461.50M (Peak 503.65M) | Time:00:00.26 | Mem:47.31M, Peak:50.64M | Hanliu_Garden_Highpoly, ViewLayer | Updating Geometry BVH birds_Ink 183/198 | Building BVH
Fra:1 Mem:461.50M (Peak 503.65M) | Time:00:00.26 | Mem:47.78M, Peak:50.64M | Hanliu_Garden_Highpoly, ViewLayer | Updating Geometry BVH birds_Ink 183/198 | Building OptiX acceleration structure
Fra:1 Mem:461.30M (Peak 503.65M) | Time:00:00.26 | Mem:47.98M, Peak:50.64M | Hanliu_Garden_Highpoly, ViewLayer | Updating Geometry BVH bridge_StoneLight 133/198 | Building BVH
Fra:1 Mem:461.30M (Peak 503.65M) | Time:00:00.26 | Mem:48.76M, Peak:50.64M | Hanliu_Garden_Highpoly, ViewLayer | Updating Geometry BVH bridge_StoneLight 133/198 | Building OptiX acceleration structure
Fra:1 Mem:461.10M (Peak 503.65M) | Time:00:00.26 | Mem:47.44M, Peak:50.64M | Hanliu_Garden_Highpoly, ViewLayer | Updating Geometry BVH bridge_StoneLight.001 134/198 | Building BVH
Fra:1 Mem:461.10M (Peak 503.65M) | Time:00:00.26 | Mem:47.44M, Peak:50.64M | Hanliu_Garden_Highpoly, ViewLayer | Updating Geometry BVH bridge_StoneLight.001 134/198 | Building OptiX acceleration structure
Fra:1 Mem:461.43M (Peak 503.65M) | Time:00:00.26 | Mem:48.65M, Peak:50.64M | Hanliu_Garden_Highpoly, ViewLayer | Updating Geometry BVH planting_Wood 135/198 | Building BVH
Fra:1 Mem:461.43M (Peak 503.65M) | Time:00:00.26 | Mem:48.65M, Peak:50.64M | Hanliu_Garden_Highpoly, ViewLayer | Updating Geometry BVH planting_Wood 135/198 | Building OptiX acceleration structure
Fra:1 Mem:461.22M (Peak 503.65M) | Time:00:00.26 | Mem:48.03M, Peak:50.64M | Hanliu_Garden_Highpoly, ViewLayer | Updating Geometry BVH planting_WoodLight 136/198 | Building BVH
Fra:1 Mem:461.22M (Peak 503.65M) | Time:00:00.26 | Mem:48.03M, Peak:50.64M | Hanliu_Garden_Highpoly, ViewLayer | Updating Geometry BVH planting_WoodLight 136/198 | Building OptiX acceleration structure
Fra:1 Mem:462.88M (Peak 503.65M) | Time:00:00.26 | Mem:51.73M, Peak:51.73M | Hanliu_Garden_Highpoly, ViewLayer | Updating Geometry BVH planting_Leaf2 137/198 | Building BVH
Fra:1 Mem:462.88M (Peak 503.65M) | Time:00:00.26 | Mem:51.73M, Peak:51.73M | Hanliu_Garden_Highpoly, ViewLayer | Updating Geometry BVH planting_Leaf2 137/198 | Building OptiX acceleration structure
Fra:1 Mem:468.91M (Peak 503.65M) | Time:00:00.26 | Mem:49.75M, Peak:51.73M | Hanliu_Garden_Highpoly, ViewLayer | Updating Geometry BVH planting_Leaf0 138/198 | Building BVH
Fra:1 Mem:468.91M (Peak 503.65M) | Time:00:00.26 | Mem:49.75M, Peak:51.73M | Hanliu_Garden_Highpoly, ViewLayer | Updating Geometry BVH planting_Leaf0 138/198 | Building OptiX acceleration structure
Fra:1 Mem:475.41M (Peak 503.65M) | Time:00:00.27 | Mem:62.63M, Peak:62.63M | Hanliu_Garden_Highpoly, ViewLayer | Updating Geometry BVH planting_Leaf1 139/198 | Building BVH
Fra:1 Mem:475.41M (Peak 503.65M) | Time:00:00.27 | Mem:62.63M, Peak:62.63M | Hanliu_Garden_Highpoly, ViewLayer | Updating Geometry BVH planting_Leaf1 139/198 | Building OptiX acceleration structure
Fra:1 Mem:481.94M (Peak 503.65M) | Time:00:00.27 | Mem:63.12M, Peak:63.12M | Hanliu_Garden_Highpoly, ViewLayer | Updating Geometry BVH planting_Wood.001 140/198 | Building BVH
Fra:1 Mem:481.94M (Peak 503.65M) | Time:00:00.27 | Mem:63.72M, Peak:63.72M | Hanliu_Garden_Highpoly, ViewLayer | Updating Geometry BVH planting_Wood.001 140/198 | Building OptiX acceleration structure
Fra:1 Mem:481.76M (Peak 503.65M) | Time:00:00.27 | Mem:70.11M, Peak:70.11M | Hanliu_Garden_Highpoly, ViewLayer | Updating Geometry BVH planting_Leaf4 141/198 | Building BVH
Fra:1 Mem:481.76M (Peak 503.65M) | Time:00:00.27 | Mem:70.11M, Peak:70.11M | Hanliu_Garden_Highpoly, ViewLayer | Updating Geometry BVH planting_Leaf4 141/198 | Building OptiX acceleration structure
Fra:1 Mem:481.82M (Peak 503.65M) | Time:00:00.27 | Mem:69.53M, Peak:70.37M | Hanliu_Garden_Highpoly, ViewLayer | Updating Geometry BVH planting_PalePink 142/198 | Building BVH
Fra:1 Mem:481.82M (Peak 503.65M) | Time:00:00.27 | Mem:69.53M, Peak:70.37M | Hanliu_Garden_Highpoly, ViewLayer | Updating Geometry BVH planting_PalePink 142/198 | Building OptiX acceleration structure
Fra:1 Mem:487.07M (Peak 503.65M) | Time:00:00.27 | Mem:69.48M, Peak:70.37M | Hanliu_Garden_Highpoly, ViewLayer | Updating Geometry BVH planting_Leaf3 143/198 | Building BVH
Fra:1 Mem:487.07M (Peak 503.65M) | Time:00:00.27 | Mem:69.48M, Peak:70.37M | Hanliu_Garden_Highpoly, ViewLayer | Updating Geometry BVH planting_Leaf3 143/198 | Building OptiX acceleration structure
Fra:1 Mem:487.32M (Peak 503.65M) | Time:00:00.27 | Mem:75.19M, Peak:75.19M | Hanliu_Garden_Highpoly, ViewLayer | Updating Geometry BVH birds_BirdWhite 182/198 | Building BVH
Fra:1 Mem:487.32M (Peak 503.65M) | Time:00:00.27 | Mem:75.47M, Peak:75.47M | Hanliu_Garden_Highpoly, ViewLayer | Updating Geometry BVH birds_BirdWhite 182/198 | Building OptiX acceleration structure
Fra:1 Mem:487.35M (Peak 503.65M) | Time:00:00.27 | Mem:75.81M, Peak:75.81M | Hanliu_Garden_Highpoly, ViewLayer | Updating Geometry BVH planting_Leaf0.001 144/198 | Building BVH
Fra:1 Mem:487.35M (Peak 503.65M) | Time:00:00.27 | Mem:75.81M, Peak:75.81M | Hanliu_Garden_Highpoly, ViewLayer | Updating Geometry BVH planting_Leaf0.001 144/198 | Building OptiX acceleration structure
Fra:1 Mem:487.29M (Peak 503.65M) | Time:00:00.27 | Mem:75.33M, Peak:76.92M | Hanliu_Garden_Highpoly, ViewLayer | Updating Geometry BVH planting_Wood.002 145/198 | Building BVH
Fra:1 Mem:487.29M (Peak 503.65M) | Time:00:00.27 | Mem:76.32M, Peak:76.92M | Hanliu_Garden_Highpoly, ViewLayer | Updating Geometry BVH planting_Wood.002 145/198 | Building OptiX acceleration structure
Fra:1 Mem:487.14M (Peak 503.65M) | Time:00:00.27 | Mem:75.39M, Peak:76.92M | Hanliu_Garden_Highpoly, ViewLayer | Updating Geometry BVH planting_Leaf4.001 146/198 | Building BVH
Fra:1 Mem:487.14M (Peak 503.65M) | Time:00:00.27 | Mem:75.39M, Peak:76.92M | Hanliu_Garden_Highpoly, ViewLayer | Updating Geometry BVH planting_Leaf4.001 146/198 | Building OptiX acceleration structure
Fra:1 Mem:485.73M (Peak 503.65M) | Time:00:00.27 | Mem:75.45M, Peak:83.80M | Hanliu_Garden_Highpoly, ViewLayer | Updating Geometry BVH planting_Leaf0.002 147/198 | Building BVH
Fra:1 Mem:485.73M (Peak 503.65M) | Time:00:00.27 | Mem:75.45M, Peak:83.80M | Hanliu_Garden_Highpoly, ViewLayer | Updating Geometry BVH planting_Leaf0.002 147/198 | Building OptiX acceleration structure
Fra:1 Mem:479.54M (Peak 503.65M) | Time:00:00.27 | Mem:73.49M, Peak:99.23M | Hanliu_Garden_Highpoly, ViewLayer | Updating Geometry BVH planting_Leaf3.001 148/198 | Building BVH
Fra:1 Mem:479.54M (Peak 503.65M) | Time:00:00.27 | Mem:73.49M, Peak:99.23M | Hanliu_Garden_Highpoly, ViewLayer | Updating Geometry BVH planting_Leaf3.001 148/198 | Building OptiX acceleration structure
Fra:1 Mem:473.27M (Peak 503.65M) | Time:00:00.28 | Mem:71.48M, Peak:99.23M | Hanliu_Garden_Highpoly, ViewLayer | Updating Geometry BVH planting_Wood.003 149/198 | Building BVH
Fra:1 Mem:473.27M (Peak 503.65M) | Time:00:00.28 | Mem:71.74M, Peak:99.23M | Hanliu_Garden_Highpoly, ViewLayer | Updating Geometry BVH planting_Wood.003 149/198 | Building OptiX acceleration structure
Fra:1 Mem:473.27M (Peak 503.65M) | Time:00:00.28 | Mem:71.53M, Peak:99.23M | Hanliu_Garden_Highpoly, ViewLayer | Updating Geometry BVH planting_Leaf4.002 150/198 | Building BVH
Fra:1 Mem:473.27M (Peak 503.65M) | Time:00:00.28 | Mem:71.53M, Peak:99.23M | Hanliu_Garden_Highpoly, ViewLayer | Updating Geometry BVH planting_Leaf4.002 150/198 | Building OptiX acceleration structure
Fra:1 Mem:466.98M (Peak 503.65M) | Time:00:00.28 | Mem:70.48M, Peak:99.23M | Hanliu_Garden_Highpoly, ViewLayer | Updating Geometry BVH planting_Leaf3.002 151/198 | Building BVH
Fra:1 Mem:466.98M (Peak 503.65M) | Time:00:00.28 | Mem:70.48M, Peak:99.23M | Hanliu_Garden_Highpoly, ViewLayer | Updating Geometry BVH planting_Leaf3.002 151/198 | Building OptiX acceleration structure
Fra:1 Mem:467.00M (Peak 503.65M) | Time:00:00.28 | Mem:70.68M, Peak:99.23M | Hanliu_Garden_Highpoly, ViewLayer | Updating Geometry BVH planting_Leaf0.003 152/198 | Building BVH
Fra:1 Mem:467.00M (Peak 503.65M) | Time:00:00.28 | Mem:70.68M, Peak:99.23M | Hanliu_Garden_Highpoly, ViewLayer | Updating Geometry BVH planting_Leaf0.003 152/198 | Building OptiX acceleration structure
Fra:1 Mem:466.99M (Peak 503.65M) | Time:00:00.28 | Mem:69.81M, Peak:99.23M | Hanliu_Garden_Highpoly, ViewLayer | Updating Geometry BVH planting_Wood.004 153/198 | Building BVH
Fra:1 Mem:466.99M (Peak 503.65M) | Time:00:00.28 | Mem:69.81M, Peak:99.23M | Hanliu_Garden_Highpoly, ViewLayer | Updating Geometry BVH planting_Wood.004 153/198 | Building OptiX acceleration structure
Fra:1 Mem:461.77M (Peak 503.65M) | Time:00:00.28 | Mem:68.88M, Peak:99.23M | Hanliu_Garden_Highpoly, ViewLayer | Updating Geometry BVH planting_Leaf4.003 154/198 | Building BVH
Fra:1 Mem:461.77M (Peak 503.65M) | Time:00:00.28 | Mem:68.88M, Peak:99.23M | Hanliu_Garden_Highpoly, ViewLayer | Updating Geometry BVH planting_Leaf4.003 154/198 | Building OptiX acceleration structure
Fra:1 Mem:461.89M (Peak 503.65M) | Time:00:00.28 | Mem:68.48M, Peak:99.23M | Hanliu_Garden_Highpoly, ViewLayer | Updating Geometry BVH planting_Leaf1.001 181/198 | Building BVH
Fra:1 Mem:461.89M (Peak 503.65M) | Time:00:00.28 | Mem:69.45M, Peak:99.23M | Hanliu_Garden_Highpoly, ViewLayer | Updating Geometry BVH planting_Leaf1.001 181/198 | Building OptiX acceleration structure
Fra:1 Mem:461.74M (Peak 503.65M) | Time:00:00.28 | Mem:68.73M, Peak:99.23M | Hanliu_Garden_Highpoly, ViewLayer | Updating Geometry BVH planting_Leaf3.003 155/198 | Building BVH
Fra:1 Mem:461.74M (Peak 503.65M) | Time:00:00.28 | Mem:68.73M, Peak:99.23M | Hanliu_Garden_Highpoly, ViewLayer | Updating Geometry BVH planting_Leaf3.003 155/198 | Building OptiX acceleration structure
Fra:1 Mem:461.94M (Peak 503.65M) | Time:00:00.28 | Mem:69.16M, Peak:99.23M | Hanliu_Garden_Highpoly, ViewLayer | Updating Geometry BVH planting_Leaf0.004 156/198 | Building BVH
Fra:1 Mem:461.94M (Peak 503.65M) | Time:00:00.28 | Mem:69.68M, Peak:99.23M | Hanliu_Garden_Highpoly, ViewLayer | Updating Geometry BVH planting_Leaf0.004 156/198 | Building OptiX acceleration structure
Fra:1 Mem:461.95M (Peak 503.65M) | Time:00:00.28 | Mem:69.86M, Peak:99.23M | Hanliu_Garden_Highpoly, ViewLayer | Updating Geometry BVH planting_Wood.005 157/198 | Building BVH
Fra:1 Mem:461.95M (Peak 503.65M) | Time:00:00.28 | Mem:69.86M, Peak:99.23M | Hanliu_Garden_Highpoly, ViewLayer | Updating Geometry BVH planting_Wood.005 157/198 | Building OptiX acceleration structure
Fra:1 Mem:461.74M (Peak 503.65M) | Time:00:00.28 | Mem:69.75M, Peak:99.23M | Hanliu_Garden_Highpoly, ViewLayer | Updating Geometry BVH planting_Leaf4.004 158/198 | Building BVH
Fra:1 Mem:461.74M (Peak 503.65M) | Time:00:00.28 | Mem:69.75M, Peak:99.23M | Hanliu_Garden_Highpoly, ViewLayer | Updating Geometry BVH planting_Leaf4.004 158/198 | Building OptiX acceleration structure
Fra:1 Mem:461.73M (Peak 503.65M) | Time:00:00.29 | Mem:69.19M, Peak:99.23M | Hanliu_Garden_Highpoly, ViewLayer | Updating Geometry BVH planting_Pink 159/198 | Building BVH
Fra:1 Mem:461.73M (Peak 503.65M) | Time:00:00.29 | Mem:69.19M, Peak:99.23M | Hanliu_Garden_Highpoly, ViewLayer | Updating Geometry BVH planting_Pink 159/198 | Building OptiX acceleration structure
Fra:1 Mem:466.95M (Peak 503.65M) | Time:00:00.29 | Mem:69.89M, Peak:99.23M | Hanliu_Garden_Highpoly, ViewLayer | Updating Geometry BVH planting_Leaf0.005 160/198 | Building BVH
Fra:1 Mem:466.95M (Peak 503.65M) | Time:00:00.29 | Mem:69.89M, Peak:99.23M | Hanliu_Garden_Highpoly, ViewLayer | Updating Geometry BVH planting_Leaf0.005 160/198 | Building OptiX acceleration structure
Fra:1 Mem:466.96M (Peak 503.65M) | Time:00:00.29 | Mem:75.35M, Peak:99.23M | Hanliu_Garden_Highpoly, ViewLayer | Updating Geometry BVH planting_Leaf3.004 161/198 | Building BVH
Fra:1 Mem:466.96M (Peak 503.65M) | Time:00:00.29 | Mem:75.35M, Peak:99.23M | Hanliu_Garden_Highpoly, ViewLayer | Updating Geometry BVH planting_Leaf3.004 161/198 | Building OptiX acceleration structure
Fra:1 Mem:466.95M (Peak 503.65M) | Time:00:00.29 | Mem:74.50M, Peak:99.23M | Hanliu_Garden_Highpoly, ViewLayer | Updating Geometry BVH planting_Wood.006 162/198 | Building BVH
Fra:1 Mem:466.95M (Peak 503.65M) | Time:00:00.29 | Mem:75.44M, Peak:99.23M | Hanliu_Garden_Highpoly, ViewLayer | Updating Geometry BVH planting_Wood.006 162/198 | Building OptiX acceleration structure
Fra:1 Mem:466.75M (Peak 503.65M) | Time:00:00.29 | Mem:74.69M, Peak:99.23M | Hanliu_Garden_Highpoly, ViewLayer | Updating Geometry BVH planting_Leaf4.005 163/198 | Building BVH
Fra:1 Mem:466.75M (Peak 503.65M) | Time:00:00.29 | Mem:74.69M, Peak:99.23M | Hanliu_Garden_Highpoly, ViewLayer | Updating Geometry BVH planting_Leaf4.005 163/198 | Building OptiX acceleration structure
Fra:1 Mem:466.96M (Peak 503.65M) | Time:00:00.29 | Mem:75.66M, Peak:99.23M | Hanliu_Garden_Highpoly, ViewLayer | Updating Geometry BVH planting_Leaf0.006 164/198 | Building BVH
Fra:1 Mem:466.96M (Peak 503.65M) | Time:00:00.29 | Mem:75.66M, Peak:99.23M | Hanliu_Garden_Highpoly, ViewLayer | Updating Geometry BVH planting_Leaf0.006 164/198 | Building OptiX acceleration structure
Fra:1 Mem:466.96M (Peak 503.65M) | Time:00:00.29 | Mem:75.37M, Peak:99.23M | Hanliu_Garden_Highpoly, ViewLayer | Updating Geometry BVH planting_Leaf3.005 165/198 | Building BVH
Fra:1 Mem:466.96M (Peak 503.65M) | Time:00:00.29 | Mem:75.37M, Peak:99.23M | Hanliu_Garden_Highpoly, ViewLayer | Updating Geometry BVH planting_Leaf3.005 165/198 | Building OptiX acceleration structure
Fra:1 Mem:467.11M (Peak 503.65M) | Time:00:00.29 | Mem:76.01M, Peak:99.23M | Hanliu_Garden_Highpoly, ViewLayer | Updating Geometry BVH planting_Leaf2.001 180/198 | Building BVH
Fra:1 Mem:467.11M (Peak 503.65M) | Time:00:00.29 | Mem:76.01M, Peak:99.23M | Hanliu_Garden_Highpoly, ViewLayer | Updating Geometry BVH planting_Leaf2.001 180/198 | Building OptiX acceleration structure
Fra:1 Mem:467.58M (Peak 503.65M) | Time:00:00.29 | Mem:76.70M, Peak:99.23M | Hanliu_Garden_Highpoly, ViewLayer | Updating Geometry BVH planting_Wood.007 166/198 | Building BVH
Fra:1 Mem:467.58M (Peak 503.65M) | Time:00:00.29 | Mem:76.70M, Peak:99.23M | Hanliu_Garden_Highpoly, ViewLayer | Updating Geometry BVH planting_Wood.007 166/198 | Building OptiX acceleration structure
Fra:1 Mem:467.36M (Peak 503.65M) | Time:00:00.29 | Mem:75.88M, Peak:99.23M | Hanliu_Garden_Highpoly, ViewLayer | Updating Geometry BVH planting_Leaf4.006 167/198 | Building BVH
Fra:1 Mem:467.36M (Peak 503.65M) | Time:00:00.29 | Mem:75.88M, Peak:99.23M | Hanliu_Garden_Highpoly, ViewLayer | Updating Geometry BVH planting_Leaf4.006 167/198 | Building OptiX acceleration structure
Fra:1 Mem:467.59M (Peak 503.65M) | Time:00:00.29 | Mem:76.84M, Peak:99.23M | Hanliu_Garden_Highpoly, ViewLayer | Updating Geometry BVH planting_Leaf0.007 168/198 | Building BVH
Fra:1 Mem:467.59M (Peak 503.65M) | Time:00:00.29 | Mem:76.84M, Peak:99.23M | Hanliu_Garden_Highpoly, ViewLayer | Updating Geometry BVH planting_Leaf0.007 168/198 | Building OptiX acceleration structure
Fra:1 Mem:467.59M (Peak 503.65M) | Time:00:00.29 | Mem:76.48M, Peak:99.23M | Hanliu_Garden_Highpoly, ViewLayer | Updating Geometry BVH planting_Leaf3.006 169/198 | Building BVH
Fra:1 Mem:467.59M (Peak 503.65M) | Time:00:00.29 | Mem:76.48M, Peak:99.23M | Hanliu_Garden_Highpoly, ViewLayer | Updating Geometry BVH planting_Leaf3.006 169/198 | Building OptiX acceleration structure
Fra:1 Mem:467.58M (Peak 503.65M) | Time:00:00.29 | Mem:76.17M, Peak:99.23M | Hanliu_Garden_Highpoly, ViewLayer | Updating Geometry BVH planting_Wood.008 170/198 | Building BVH
Fra:1 Mem:467.58M (Peak 503.65M) | Time:00:00.29 | Mem:87.05M, Peak:99.23M | Hanliu_Garden_Highpoly, ViewLayer | Updating Geometry BVH planting_Wood.008 170/198 | Building OptiX acceleration structure
Fra:1 Mem:462.36M (Peak 503.65M) | Time:00:00.29 | Mem:75.11M, Peak:100.19M | Hanliu_Garden_Highpoly, ViewLayer | Updating Geometry BVH planting_Leaf0.008 171/198 | Building BVH
Fra:1 Mem:462.36M (Peak 503.65M) | Time:00:00.29 | Mem:75.11M, Peak:100.19M | Hanliu_Garden_Highpoly, ViewLayer | Updating Geometry BVH planting_Leaf0.008 171/198 | Building OptiX acceleration structure
Fra:1 Mem:462.35M (Peak 503.65M) | Time:00:00.29 | Mem:74.91M, Peak:100.19M | Hanliu_Garden_Highpoly, ViewLayer | Updating Geometry BVH planting_Leaf4.007 172/198 | Building BVH
Fra:1 Mem:462.35M (Peak 503.65M) | Time:00:00.29 | Mem:75.05M, Peak:100.19M | Hanliu_Garden_Highpoly, ViewLayer | Updating Geometry BVH planting_Leaf4.007 172/198 | Building OptiX acceleration structure
Fra:1 Mem:462.56M (Peak 503.65M) | Time:00:00.30 | Mem:76.04M, Peak:100.19M | Hanliu_Garden_Highpoly, ViewLayer | Updating Geometry BVH planting_Leaf3.007 173/198 | Building BVH
Fra:1 Mem:462.56M (Peak 503.65M) | Time:00:00.30 | Mem:76.04M, Peak:100.19M | Hanliu_Garden_Highpoly, ViewLayer | Updating Geometry BVH planting_Leaf3.007 173/198 | Building OptiX acceleration structure
Fra:1 Mem:462.56M (Peak 503.65M) | Time:00:00.30 | Mem:75.20M, Peak:100.19M | Hanliu_Garden_Highpoly, ViewLayer | Updating Geometry BVH planting_Wood.009 174/198 | Building BVH
Fra:1 Mem:462.56M (Peak 503.65M) | Time:00:00.30 | Mem:76.17M, Peak:100.19M | Hanliu_Garden_Highpoly, ViewLayer | Updating Geometry BVH planting_Wood.009 174/198 | Building OptiX acceleration structure
Fra:1 Mem:462.35M (Peak 503.65M) | Time:00:00.30 | Mem:76.09M, Peak:100.19M | Hanliu_Garden_Highpoly, ViewLayer | Updating Geometry BVH planting_Leaf4.008 175/198 | Building BVH
Fra:1 Mem:462.35M (Peak 503.65M) | Time:00:00.30 | Mem:76.09M, Peak:100.19M | Hanliu_Garden_Highpoly, ViewLayer | Updating Geometry BVH planting_Leaf4.008 175/198 | Building OptiX acceleration structure
Fra:1 Mem:462.27M (Peak 503.65M) | Time:00:00.30 | Mem:75.20M, Peak:100.19M | Hanliu_Garden_Highpoly, ViewLayer | Updating Geometry BVH planting_Yellow 176/198 | Building BVH
Fra:1 Mem:462.27M (Peak 503.65M) | Time:00:00.30 | Mem:75.20M, Peak:100.19M | Hanliu_Garden_Highpoly, ViewLayer | Updating Geometry BVH planting_Yellow 176/198 | Building OptiX acceleration structure
Fra:1 Mem:462.17M (Peak 503.65M) | Time:00:00.30 | Mem:75.70M, Peak:100.19M | Hanliu_Garden_Highpoly, ViewLayer | Updating Geometry BVH planting_White 179/198 | Building BVH
Fra:1 Mem:462.17M (Peak 503.65M) | Time:00:00.30 | Mem:75.85M, Peak:100.19M | Hanliu_Garden_Highpoly, ViewLayer | Updating Geometry BVH planting_White 179/198 | Building OptiX acceleration structure
Fra:1 Mem:462.24M (Peak 503.65M) | Time:00:00.30 | Mem:76.73M, Peak:100.19M | Hanliu_Garden_Highpoly, ViewLayer | Updating Geometry BVH planting_Leaf0.009 177/198 | Building BVH
Fra:1 Mem:462.24M (Peak 503.65M) | Time:00:00.30 | Mem:76.73M, Peak:100.19M | Hanliu_Garden_Highpoly, ViewLayer | Updating Geometry BVH planting_Leaf0.009 177/198 | Building OptiX acceleration structure
Fra:1 Mem:462.13M (Peak 503.65M) | Time:00:00.30 | Mem:76.72M, Peak:100.19M | Hanliu_Garden_Highpoly, ViewLayer | Updating Geometry BVH planting_Leaf3.008 178/198 | Building BVH
Fra:1 Mem:462.13M (Peak 503.65M) | Time:00:00.30 | Mem:76.72M, Peak:100.19M | Hanliu_Garden_Highpoly, ViewLayer | Updating Geometry BVH planting_Leaf3.008 178/198 | Building OptiX acceleration structure
Fra:1 Mem:459.63M (Peak 503.65M) | Time:00:00.30 | Mem:75.33M, Peak:100.19M | Hanliu_Garden_Highpoly, ViewLayer | Updating Scene BVH | Building
Fra:1 Mem:459.63M (Peak 503.65M) | Time:00:00.30 | Mem:75.33M, Peak:100.19M | Hanliu_Garden_Highpoly, ViewLayer | Updating Scene BVH | Building OptiX acceleration structure
Fra:1 Mem:459.63M (Peak 503.65M) | Time:00:00.30 | Mem:75.37M, Peak:100.19M | Hanliu_Garden_Highpoly, ViewLayer | Updating Scene BVH | Copying BVH to device
Fra:1 Mem:459.63M (Peak 503.65M) | Time:00:00.30 | Mem:75.37M, Peak:100.19M | Hanliu_Garden_Highpoly, ViewLayer | Updating Mesh | Computing normals
Fra:1 Mem:557.09M (Peak 557.09M) | Time:00:00.33 | Mem:75.37M, Peak:100.19M | Hanliu_Garden_Highpoly, ViewLayer | Updating Mesh | Copying Mesh to device
Fra:1 Mem:557.09M (Peak 557.09M) | Time:00:00.34 | Mem:172.83M, Peak:172.83M | Hanliu_Garden_Highpoly, ViewLayer | Updating Objects Flags
Fra:1 Mem:557.09M (Peak 557.09M) | Time:00:00.34 | Mem:172.83M, Peak:172.83M | Hanliu_Garden_Highpoly, ViewLayer | Updating Primitive Offsets
Fra:1 Mem:557.09M (Peak 557.09M) | Time:00:00.34 | Mem:172.83M, Peak:172.83M | Hanliu_Garden_Highpoly, ViewLayer | Updating Images
Fra:1 Mem:557.09M (Peak 557.09M) | Time:00:00.34 | Mem:172.83M, Peak:172.83M | Hanliu_Garden_Highpoly, ViewLayer | Updating Camera Volume
Fra:1 Mem:557.09M (Peak 557.09M) | Time:00:00.34 | Mem:172.83M, Peak:172.83M | Hanliu_Garden_Highpoly, ViewLayer | Updating Lookup Tables
Fra:1 Mem:557.09M (Peak 557.09M) | Time:00:00.34 | Mem:172.91M, Peak:172.91M | Hanliu_Garden_Highpoly, ViewLayer | Updating Lights
Fra:1 Mem:557.09M (Peak 557.09M) | Time:00:00.34 | Mem:172.91M, Peak:172.91M | Hanliu_Garden_Highpoly, ViewLayer | Updating Lights | Computing tree
Fra:1 Mem:557.09M (Peak 557.09M) | Time:00:00.34 | Mem:172.91M, Peak:172.91M | Hanliu_Garden_Highpoly, ViewLayer | Updating Integrator
Fra:1 Mem:557.09M (Peak 557.09M) | Time:00:00.34 | Mem:172.91M, Peak:172.91M | Hanliu_Garden_Highpoly, ViewLayer | Updating Film
Fra:1 Mem:557.09M (Peak 557.09M) | Time:00:00.34 | Mem:172.83M, Peak:172.91M | Hanliu_Garden_Highpoly, ViewLayer | Updating Lookup Tables
Fra:1 Mem:557.09M (Peak 557.09M) | Time:00:00.34 | Mem:172.92M, Peak:172.92M | Hanliu_Garden_Highpoly, ViewLayer | Updating Baking
Fra:1 Mem:557.09M (Peak 557.09M) | Time:00:00.34 | Mem:172.92M, Peak:172.92M | Hanliu_Garden_Highpoly, ViewLayer | Updating Device | Writing constant memory
Fra:1 Mem:557.10M (Peak 557.10M) | Time:00:00.34 | Mem:172.92M, Peak:172.92M | Hanliu_Garden_Highpoly, ViewLayer | Loading denoising kernels (may take a few minutes the first time)
Fra:1 Mem:561.42M (Peak 561.42M) | Time:00:00.35 | Mem:595.55M, Peak:595.55M | Hanliu_Garden_Highpoly, ViewLayer | Rendered 0/2 Tiles, Sample 0/96
Fra:1 Mem:829.13M (Peak 829.13M) | Time:00:00.42 | Remaining:00:07.74 | Mem:863.26M, Peak:863.26M | Hanliu_Garden_Highpoly, ViewLayer | Rendered 0/2 Tiles, Sample 1/96
Fra:1 Mem:829.15M (Peak 829.15M) | Time:00:04.70 | Remaining:00:01.76 | Mem:863.28M, Peak:863.28M | Hanliu_Garden_Highpoly, ViewLayer | Rendered 0/2 Tiles, Sample 80/96
Fra:1 Mem:829.15M (Peak 1096.34M) | Time:00:05.74 | Remaining:00:00.92 | Mem:863.28M, Peak:863.28M | Hanliu_Garden_Highpoly, ViewLayer | Rendered 0/2 Tiles, Sample 96/96
Fra:1 Mem:829.15M (Peak 1096.34M) | Time:00:05.74 | Remaining:00:00.92 | Mem:863.28M, Peak:863.28M | Hanliu_Garden_Highpoly, ViewLayer | Rendered 1/2 Tiles, Sample 96/96
Fra:1 Mem:607.89M (Peak 1096.34M) | Time:00:05.77 | Remaining:00:00.91 | Mem:642.01M, Peak:863.28M | Hanliu_Garden_Highpoly, ViewLayer | Rendered 1/2 Tiles, Sample 1/96
Fra:1 Mem:607.89M (Peak 1096.34M) | Time:00:06.58 | Remaining:00:00.15 | Mem:642.01M, Peak:863.28M | Hanliu_Garden_Highpoly, ViewLayer | Rendered 1/2 Tiles, Sample 80/96
Fra:1 Mem:607.89M (Peak 1096.34M) | Time:00:06.83 | Mem:642.01M, Peak:863.28M | Hanliu_Garden_Highpoly, ViewLayer | Rendered 1/2 Tiles, Sample 96/96
Fra:1 Mem:607.89M (Peak 1096.34M) | Time:00:06.83 | Mem:642.01M, Peak:863.28M | Hanliu_Garden_Highpoly, ViewLayer | Rendered 1/2 Tiles, Sample 0/96
Fra:1 Mem:607.89M (Peak 1096.34M) | Time:00:06.83 | Mem:642.01M, Peak:863.28M | Hanliu_Garden_Highpoly, ViewLayer | Finished
Fra:1 Mem:287.34M (Peak 1096.34M) | Time:00:06.84 | Mem:472.57M, Peak:863.28M | Hanliu_Garden_Highpoly | Reading full buffer from disk
Fra:1 Mem:600.45M (Peak 1096.34M) | Time:00:07.11 | Mem:472.57M, Peak:863.28M | Hanliu_Garden_Highpoly | ViewLayer | Denoising
Fra:1 Mem:600.45M (Peak 1096.34M) | Time:00:14.62 | Mem:785.68M, Peak:863.28M | Hanliu_Garden_Highpoly | ViewLayer | Finishing
Saved: 'D:\Projects\博客和机器人\my-astro-blog\artifacts\estate-highpoly\garden-detail.png'
Time: 00:15.15 (Saving: 00:00.33)

GARDEN [47.9s] Rendered garden-detail
GARDEN [47.9s] Complete

Blender quit
